Machine,Workflow,TaskName,Estimator,Feature,SizeInput,Predicted,Real,Deviation
"CPU:Intel(R) Xeon(R) Gold 6240R,Memory:192002MiB,Cores:96",dnaseq-0,burrows-wheeler-aligner,Lotaru-G,Realtime,609.9719657897949,465.5034065210274,386.0,0.2059673744068067
"CPU:Intel(R) Xeon(R) Gold 6240R,Memory:192002MiB,Cores:96",dnaseq-0,burrows-wheeler-aligner,Lotaru-G,Realtime,5102.182312011719,3096.9625472910393,2715.0,0.14068602110167194
"CPU:Intel(R) Xeon(R) Gold 6240R,Memory:192002MiB,Cores:96",dnaseq-0,burrows-wheeler-aligner,Lotaru-G,Realtime,4590.344056129456,2797.13654778727,2574.0,0.08668863550398992
"CPU:Intel(R) Xeon(R) Gold 6240R,Memory:192002MiB,Cores:96",dnaseq-0,burrows-wheeler-aligner,Lotaru-G,Realtime,203.0108642578125,227.11263048249523,139.0,0.633903816420829
"CPU:Intel(R) Xeon(R) Gold 6240R,Memory:192002MiB,Cores:96",dnaseq-0,burrows-wheeler-aligner,Lotaru-G,Realtime,1729.362572669983,1121.223067343304,804.0,0.394556053909582
"CPU:Intel(R) Xeon(R) Gold 6240R,Memory:192002MiB,Cores:96",dnaseq-0,burrows-wheeler-aligner,Lotaru-G,Realtime,1474.3470220565796,971.8393675651935,820.0,0.18516996044535788
"CPU:Intel(R) Xeon(R) Gold 6240R,Memory:192002MiB,Cores:96",dnaseq-0,burrows-wheeler-aligner,Lotaru-G,Realtime,5102.182312011719,3096.9625472910393,2448.0,0.26509907977575137
"CPU:Intel(R) Xeon(R) Gold 6240R,Memory:192002MiB,Cores:96",dnaseq-0,burrows-wheeler-aligner,Lotaru-G,Realtime,812.8875761032104,584.3678621922188,411.0,0.42181961603946183
"CPU:Intel(R) Xeon(R) Gold 6240R,Memory:192002MiB,Cores:96",dnaseq-0,burrows-wheeler-aligner,Lotaru-G,Realtime,5613.892818450928,3396.7137133801316,2733.0,0.24285170632277042
"CPU:Intel(R) Xeon(R) Gold 6240R,Memory:192002MiB,Cores:96",dnaseq-0,burrows-wheeler-aligner,Lotaru-G,Realtime,203.0108642578125,227.11263048249523,124.0,0.8315534716330261
"CPU:Intel(R) Xeon(R) Gold 6240R,Memory:192002MiB,Cores:96",dnaseq-0,burrows-wheeler-aligner,Lotaru-G,Realtime,6639.323947906494,3997.393537089941,3076.0,0.2995427623829458
"CPU:Intel(R) Xeon(R) Gold 6240R,Memory:192002MiB,Cores:96",dnaseq-0,burrows-wheeler-aligner,Lotaru-G,Realtime,609.9719657897949,465.5034065210274,375.0,0.24134241738940637
"CPU:Intel(R) Xeon(R) Gold 6240R,Memory:192002MiB,Cores:96",dnaseq-0,burrows-wheeler-aligner,Lotaru-G,Realtime,6639.323947906494,3997.393537089941,2563.0,0.5596541307412959
"CPU:Intel(R) Xeon(R) Gold 6240R,Memory:192002MiB,Cores:96",dnaseq-0,burrows-wheeler-aligner,Lotaru-G,Realtime,405.5044136047363,345.729850137864,262.0,0.3195795806788702
"CPU:Intel(R) Xeon(R) Gold 6240R,Memory:192002MiB,Cores:96",dnaseq-0,burrows-wheeler-aligner,Lotaru-G,Realtime,5102.182312011719,3096.9625472910393,1934.0,0.6013249985992964
"CPU:Intel(R) Xeon(R) Gold 6240R,Memory:192002MiB,Cores:96",dnaseq-0,burrows-wheeler-aligner,Lotaru-G,Realtime,2545.566870689392,1599.341431182903,1850.0,0.13549111827951185
"CPU:Intel(R) Xeon(R) Gold 6240R,Memory:192002MiB,Cores:96",dnaseq-0,burrows-wheeler-aligner,Lotaru-G,Realtime,203.0108642578125,227.11263048249523,116.0,0.9578675041594417
"CPU:Intel(R) Xeon(R) Gold 6240R,Memory:192002MiB,Cores:96",dnaseq-0,burrows-wheeler-aligner,Lotaru-G,Realtime,1474.3470220565796,971.8393675651935,614.0,0.5828002729074813
"CPU:Intel(R) Xeon(R) Gold 6240R,Memory:192002MiB,Cores:96",dnaseq-0,burrows-wheeler-aligner,Lotaru-G,Realtime,6639.323947906494,3997.393537089941,2836.0,0.40951817245766614
"CPU:Intel(R) Xeon(R) Gold 6240R,Memory:192002MiB,Cores:96",dnaseq-0,burrows-wheeler-aligner,Lotaru-G,Realtime,405.5044136047363,345.729850137864,259.0,0.3348642862465791
"CPU:Intel(R) Xeon(R) Gold 6240R,Memory:192002MiB,Cores:96",dnaseq-0,burrows-wheeler-aligner,Lotaru-G,Realtime,5102.182312011719,3096.9625472910393,2056.0,0.506304740900311
"CPU:Intel(R) Xeon(R) Gold 6240R,Memory:192002MiB,Cores:96",dnaseq-0,burrows-wheeler-aligner,Lotaru-G,Realtime,203.0108642578125,227.11263048249523,239.0,0.049737947771986465
"CPU:Intel(R) Xeon(R) Gold 6240R,Memory:192002MiB,Cores:96",dnaseq-0,burrows-wheeler-aligner,Lotaru-G,Realtime,812.8875761032104,584.3678621922188,342.0,0.7086779596263708
"CPU:Intel(R) Xeon(R) Gold 6240R,Memory:192002MiB,Cores:96",dnaseq-0,burrows-wheeler-aligner,Lotaru-G,Realtime,2545.566870689392,1599.341431182903,1426.0,0.12155780587861366
"CPU:Intel(R) Xeon(R) Gold 6240R,Memory:192002MiB,Cores:96",dnaseq-0,burrows-wheeler-aligner,Lotaru-G,Realtime,5613.892818450928,3396.7137133801316,2225.0,0.5266129048899468
"CPU:Intel(R) Xeon(R) Gold 6240R,Memory:192002MiB,Cores:96",dnaseq-0,burrows-wheeler-aligner,Lotaru-G,Realtime,405.5044136047363,345.729850137864,240.0,0.44054104224109997
"CPU:Intel(R) Xeon(R) Gold 6240R,Memory:192002MiB,Cores:96",dnaseq-0,burrows-wheeler-aligner,Lotaru-G,Realtime,812.8875761032104,584.3678621922188,423.0,0.38148430778302317
"CPU:Intel(R) Xeon(R) Gold 6240R,Memory:192002MiB,Cores:96",dnaseq-0,burrows-wheeler-aligner,Lotaru-G,Realtime,4590.344056129456,2797.13654778727,1171.0,1.3886733969148335
"CPU:Intel(R) Xeon(R) Gold 6240R,Memory:192002MiB,Cores:96",dnaseq-0,burrows-wheeler-aligner,Lotaru-G,Realtime,812.8875761032104,584.3678621922188,465.0,0.25670507998326625
"CPU:Intel(R) Xeon(R) Gold 6240R,Memory:192002MiB,Cores:96",dnaseq-0,burrows-wheeler-aligner,Lotaru-G,Realtime,203.0108642578125,227.11263048249523,123.0,0.8464441502641888
"CPU:Intel(R) Xeon(R) Gold 6240R,Memory:192002MiB,Cores:96",dnaseq-0,burrows-wheeler-aligner,Lotaru-G,Realtime,2545.566870689392,1599.341431182903,1445.0,0.10681067901931009
"CPU:Intel(R) Xeon(R) Gold 6240R,Memory:192002MiB,Cores:96",dnaseq-0,burrows-wheeler-aligner,Lotaru-G,Realtime,609.9719657897949,465.5034065210274,283.0,0.6448883622651145
"CPU:Intel(R) Xeon(R) Gold 6240R,Memory:192002MiB,Cores:96",dnaseq-0,burrows-wheeler-aligner,Lotaru-G,Realtime,405.5044136047363,345.729850137864,264.0,0.3095827656737272
"CPU:Intel(R) Xeon(R) Gold 6240R,Memory:192002MiB,Cores:96",dnaseq-0,burrows-wheeler-aligner,Lotaru-G,Realtime,1729.362572669983,1121.223067343304,742.0,0.5110823010017573
"CPU:Intel(R) Xeon(R) Gold 6240R,Memory:192002MiB,Cores:96",dnaseq-0,burrows-wheeler-aligner,Lotaru-G,Realtime,1729.362572669983,1121.223067343304,1008.0,0.11232447157073801
"CPU:Intel(R) Xeon(R) Gold 6240R,Memory:192002MiB,Cores:96",dnaseq-0,burrows-wheeler-aligner,Lotaru-G,Realtime,3565.6447715759277,2196.885426165891,1920.0,0.14421115946140167
"CPU:Intel(R) Xeon(R) Gold 6240R,Memory:192002MiB,Cores:96",dnaseq-0,burrows-wheeler-aligner,Lotaru-G,Realtime,3055.7511615753174,1898.1985665924549,1202.0,0.5792001385960523
"CPU:Intel(R) Xeon(R) Gold 6240R,Memory:192002MiB,Cores:96",dnaseq-0,burrows-wheeler-aligner,Lotaru-G,Realtime,203.0108642578125,227.11263048249523,145.0,0.5662940033275533
"CPU:Intel(R) Xeon(R) Gold 6240R,Memory:192002MiB,Cores:96",dnaseq-0,burrows-wheeler-aligner,Lotaru-G,Realtime,3055.7511615753174,1898.1985665924549,1738.0,0.09217408894847806
"CPU:Intel(R) Xeon(R) Gold 6240R,Memory:192002MiB,Cores:96",dnaseq-0,burrows-wheeler-aligner,Lotaru-G,Realtime,3565.6447715759277,2196.885426165891,1303.0,0.6860210484772764
"CPU:Intel(R) Xeon(R) Gold 6240R,Memory:192002MiB,Cores:96",dnaseq-0,burrows-wheeler-aligner,Lotaru-G,Realtime,3055.7511615753174,1898.1985665924549,1890.0,0.0043378659219338
"CPU:Intel(R) Xeon(R) Gold 6240R,Memory:192002MiB,Cores:96",dnaseq-0,burrows-wheeler-aligner,Lotaru-G,Realtime,5102.182312011719,3096.9625472910393,2535.0,0.22168147822131729
"CPU:Intel(R) Xeon(R) Gold 6240R,Memory:192002MiB,Cores:96",dnaseq-0,burrows-wheeler-aligner,Lotaru-G,Realtime,1729.362572669983,1121.223067343304,965.0,0.1618891889567916
"CPU:Intel(R) Xeon(R) Gold 6240R,Memory:192002MiB,Cores:96",dnaseq-0,burrows-wheeler-aligner,Lotaru-G,Realtime,609.9719657897949,465.5034065210274,358.0,0.3002888450308028
"CPU:Intel(R) Xeon(R) Gold 6240R,Memory:192002MiB,Cores:96",dnaseq-0,burrows-wheeler-aligner,Lotaru-G,Realtime,5102.182312011719,3096.9625472910393,2669.0,0.1603456527879503
"CPU:Intel(R) Xeon(R) Gold 6240R,Memory:192002MiB,Cores:96",dnaseq-0,burrows-wheeler-aligner,Lotaru-G,Realtime,6639.323947906494,3997.393537089941,3292.0,0.21427507202003074
"CPU:Intel(R) Xeon(R) Gold 6240R,Memory:192002MiB,Cores:96",dnaseq-0,burrows-wheeler-aligner,Lotaru-G,Realtime,812.8875761032104,584.3678621922188,461.0,0.2676092455362664
"CPU:Intel(R) Xeon(R) Gold 6240R,Memory:192002MiB,Cores:96",dnaseq-0,burrows-wheeler-aligner,Lotaru-A,Realtime,609.9719657897949,214.3290401574806,386.0,0.44474341928113836
"CPU:Intel(R) Xeon(R) Gold 6240R,Memory:192002MiB,Cores:96",dnaseq-0,burrows-wheeler-aligner,Lotaru-A,Realtime,5102.182312011719,1425.916547260694,2715.0,0.4748005350789341
"CPU:Intel(R) Xeon(R) Gold 6240R,Memory:192002MiB,Cores:96",dnaseq-0,burrows-wheeler-aligner,Lotaru-A,Realtime,4590.344056129456,1287.869397040758,2574.0,0.4996622389119044
"CPU:Intel(R) Xeon(R) Gold 6240R,Memory:192002MiB,Cores:96",dnaseq-0,burrows-wheeler-aligner,Lotaru-A,Realtime,203.0108642578125,104.56815442607287,139.0,0.24771111923688585
"CPU:Intel(R) Xeon(R) Gold 6240R,Memory:192002MiB,Cores:96",dnaseq-0,burrows-wheeler-aligner,Lotaru-A,Realtime,1729.362572669983,516.2382497307491,804.0,0.3579126247129987
"CPU:Intel(R) Xeon(R) Gold 6240R,Memory:192002MiB,Cores:96",dnaseq-0,burrows-wheeler-aligner,Lotaru-A,Realtime,1474.3470220565796,447.4583771452852,820.0,0.45431905226184727
"CPU:Intel(R) Xeon(R) Gold 6240R,Memory:192002MiB,Cores:96",dnaseq-0,burrows-wheeler-aligner,Lotaru-A,Realtime,5102.182312011719,1425.916547260694,2448.0,0.4175177503020041
"CPU:Intel(R) Xeon(R) Gold 6240R,Memory:192002MiB,Cores:96",dnaseq-0,burrows-wheeler-aligner,Lotaru-A,Realtime,812.8875761032104,269.05711375686695,411.0,0.34535982054290276
"CPU:Intel(R) Xeon(R) Gold 6240R,Memory:192002MiB,Cores:96",dnaseq-0,burrows-wheeler-aligner,Lotaru-A,Realtime,5613.892818450928,1563.9292423644808,2733.0,0.42776097974223165
"CPU:Intel(R) Xeon(R) Gold 6240R,Memory:192002MiB,Cores:96",dnaseq-0,burrows-wheeler-aligner,Lotaru-A,Realtime,203.0108642578125,104.56815442607287,124.0,0.15670843204779947
"CPU:Intel(R) Xeon(R) Gold 6240R,Memory:192002MiB,Cores:96",dnaseq-0,burrows-wheeler-aligner,Lotaru-A,Realtime,6639.323947906494,1840.4967781852365,3076.0,0.4016590448032391
"CPU:Intel(R) Xeon(R) Gold 6240R,Memory:192002MiB,Cores:96",dnaseq-0,burrows-wheeler-aligner,Lotaru-A,Realtime,609.9719657897949,214.3290401574806,375.0,0.4284558929133851
"CPU:Intel(R) Xeon(R) Gold 6240R,Memory:192002MiB,Cores:96",dnaseq-0,burrows-wheeler-aligner,Lotaru-A,Realtime,6639.323947906494,1840.4967781852365,2563.0,0.28189747242089874
"CPU:Intel(R) Xeon(R) Gold 6240R,Memory:192002MiB,Cores:96",dnaseq-0,burrows-wheeler-aligner,Lotaru-A,Realtime,405.5044136047363,159.18239457715077,262.0,0.39243360848415737
"CPU:Intel(R) Xeon(R) Gold 6240R,Memory:192002MiB,Cores:96",dnaseq-0,burrows-wheeler-aligner,Lotaru-A,Realtime,5102.182312011719,1425.916547260694,1934.0,0.2627111958321127
"CPU:Intel(R) Xeon(R) Gold 6240R,Memory:192002MiB,Cores:96",dnaseq-0,burrows-wheeler-aligner,Lotaru-A,Realtime,2545.566870689392,736.3755216988704,1850.0,0.60195917746007
"CPU:Intel(R) Xeon(R) Gold 6240R,Memory:192002MiB,Cores:96",dnaseq-0,burrows-wheeler-aligner,Lotaru-A,Realtime,203.0108642578125,104.56815442607287,116.0,0.0985503928786822
"CPU:Intel(R) Xeon(R) Gold 6240R,Memory:192002MiB,Cores:96",dnaseq-0,burrows-wheeler-aligner,Lotaru-A,Realtime,1474.3470220565796,447.4583771452852,614.0,0.27124042810214133
"CPU:Intel(R) Xeon(R) Gold 6240R,Memory:192002MiB,Cores:96",dnaseq-0,burrows-wheeler-aligner,Lotaru-A,Realtime,6639.323947906494,1840.4967781852365,2836.0,0.3510237030376458
"CPU:Intel(R) Xeon(R) Gold 6240R,Memory:192002MiB,Cores:96",dnaseq-0,burrows-wheeler-aligner,Lotaru-A,Realtime,405.5044136047363,159.18239457715077,259.0,0.3853961599337808
"CPU:Intel(R) Xeon(R) Gold 6240R,Memory:192002MiB,Cores:96",dnaseq-0,burrows-wheeler-aligner,Lotaru-A,Realtime,5102.182312011719,1425.916547260694,2056.0,0.3064608233167831
"CPU:Intel(R) Xeon(R) Gold 6240R,Memory:192002MiB,Cores:96",dnaseq-0,burrows-wheeler-aligner,Lotaru-A,Realtime,203.0108642578125,104.56815442607287,239.0,0.5624763413135027
"CPU:Intel(R) Xeon(R) Gold 6240R,Memory:192002MiB,Cores:96",dnaseq-0,burrows-wheeler-aligner,Lotaru-A,Realtime,812.8875761032104,269.05711375686695,342.0,0.21328329310857616
"CPU:Intel(R) Xeon(R) Gold 6240R,Memory:192002MiB,Cores:96",dnaseq-0,burrows-wheeler-aligner,Lotaru-A,Realtime,2545.566870689392,736.3755216988704,1426.0,0.4836076285421666
"CPU:Intel(R) Xeon(R) Gold 6240R,Memory:192002MiB,Cores:96",dnaseq-0,burrows-wheeler-aligner,Lotaru-A,Realtime,5613.892818450928,1563.9292423644808,2225.0,0.29711045286989624
"CPU:Intel(R) Xeon(R) Gold 6240R,Memory:192002MiB,Cores:96",dnaseq-0,burrows-wheeler-aligner,Lotaru-A,Realtime,405.5044136047363,159.18239457715077,240.0,0.33674002259520514
"CPU:Intel(R) Xeon(R) Gold 6240R,Memory:192002MiB,Cores:96",dnaseq-0,burrows-wheeler-aligner,Lotaru-A,Realtime,812.8875761032104,269.05711375686695,423.0,0.3639311731516148
"CPU:Intel(R) Xeon(R) Gold 6240R,Memory:192002MiB,Cores:96",dnaseq-0,burrows-wheeler-aligner,Lotaru-A,Realtime,4590.344056129456,1287.869397040758,1171.0,0.09980307176836724
"CPU:Intel(R) Xeon(R) Gold 6240R,Memory:192002MiB,Cores:96",dnaseq-0,burrows-wheeler-aligner,Lotaru-A,Realtime,812.8875761032104,269.05711375686695,465.0,0.42138255106050115
"CPU:Intel(R) Xeon(R) Gold 6240R,Memory:192002MiB,Cores:96",dnaseq-0,burrows-wheeler-aligner,Lotaru-A,Realtime,203.0108642578125,104.56815442607287,123.0,0.149852403040058
"CPU:Intel(R) Xeon(R) Gold 6240R,Memory:192002MiB,Cores:96",dnaseq-0,burrows-wheeler-aligner,Lotaru-A,Realtime,2545.566870689392,736.3755216988704,1445.0,0.49039756283815195
"CPU:Intel(R) Xeon(R) Gold 6240R,Memory:192002MiB,Cores:96",dnaseq-0,burrows-wheeler-aligner,Lotaru-A,Realtime,609.9719657897949,214.3290401574806,283.0,0.24265356834812513
"CPU:Intel(R) Xeon(R) Gold 6240R,Memory:192002MiB,Cores:96",dnaseq-0,burrows-wheeler-aligner,Lotaru-A,Realtime,405.5044136047363,159.18239457715077,264.0,0.3970363841774592
"CPU:Intel(R) Xeon(R) Gold 6240R,Memory:192002MiB,Cores:96",dnaseq-0,burrows-wheeler-aligner,Lotaru-A,Realtime,1729.362572669983,516.2382497307491,742.0,0.3042611189612546
"CPU:Intel(R) Xeon(R) Gold 6240R,Memory:192002MiB,Cores:96",dnaseq-0,burrows-wheeler-aligner,Lotaru-A,Realtime,1729.362572669983,516.2382497307491,1008.0,0.48785887923536797
"CPU:Intel(R) Xeon(R) Gold 6240R,Memory:192002MiB,Cores:96",dnaseq-0,burrows-wheeler-aligner,Lotaru-A,Realtime,3565.6447715759277,1011.4992460421962,1920.0,0.47317747601968946
"CPU:Intel(R) Xeon(R) Gold 6240R,Memory:192002MiB,Cores:96",dnaseq-0,burrows-wheeler-aligner,Lotaru-A,Realtime,3055.7511615753174,873.9765834295541,1202.0,0.2728980171135157
"CPU:Intel(R) Xeon(R) Gold 6240R,Memory:192002MiB,Cores:96",dnaseq-0,burrows-wheeler-aligner,Lotaru-A,Realtime,203.0108642578125,104.56815442607287,145.0,0.27884031430294576
"CPU:Intel(R) Xeon(R) Gold 6240R,Memory:192002MiB,Cores:96",dnaseq-0,burrows-wheeler-aligner,Lotaru-A,Realtime,3055.7511615753174,873.9765834295541,1738.0,0.49713660332016446
"CPU:Intel(R) Xeon(R) Gold 6240R,Memory:192002MiB,Cores:96",dnaseq-0,burrows-wheeler-aligner,Lotaru-A,Realtime,3565.6447715759277,1011.4992460421962,1303.0,0.22371508362072431
"CPU:Intel(R) Xeon(R) Gold 6240R,Memory:192002MiB,Cores:96",dnaseq-0,burrows-wheeler-aligner,Lotaru-A,Realtime,3055.7511615753174,873.9765834295541,1890.0,0.5375785272859502
"CPU:Intel(R) Xeon(R) Gold 6240R,Memory:192002MiB,Cores:96",dnaseq-0,burrows-wheeler-aligner,Lotaru-A,Realtime,5102.182312011719,1425.916547260694,2535.0,0.43750826538039683
"CPU:Intel(R) Xeon(R) Gold 6240R,Memory:192002MiB,Cores:96",dnaseq-0,burrows-wheeler-aligner,Lotaru-A,Realtime,1729.362572669983,516.2382497307491,965.0,0.4650380831805709
"CPU:Intel(R) Xeon(R) Gold 6240R,Memory:192002MiB,Cores:96",dnaseq-0,burrows-wheeler-aligner,Lotaru-A,Realtime,609.9719657897949,214.3290401574806,358.0,0.4013155302863671
"CPU:Intel(R) Xeon(R) Gold 6240R,Memory:192002MiB,Cores:96",dnaseq-0,burrows-wheeler-aligner,Lotaru-A,Realtime,5102.182312011719,1425.916547260694,2669.0,0.4657487646082076
"CPU:Intel(R) Xeon(R) Gold 6240R,Memory:192002MiB,Cores:96",dnaseq-0,burrows-wheeler-aligner,Lotaru-A,Realtime,6639.323947906494,1840.4967781852365,3292.0,0.4409183541357119
"CPU:Intel(R) Xeon(R) Gold 6240R,Memory:192002MiB,Cores:96",dnaseq-0,burrows-wheeler-aligner,Lotaru-A,Realtime,812.8875761032104,269.05711375686695,461.0,0.41636200920419314
"CPU:Intel(R) Xeon(R) Gold 6240R,Memory:192002MiB,Cores:96",dnaseq-0,burrows-wheeler-aligner,OnlineP,Realtime,609.9719657897949,366.0,386.0,0.05181347150259067
"CPU:Intel(R) Xeon(R) Gold 6240R,Memory:192002MiB,Cores:96",dnaseq-0,burrows-wheeler-aligner,OnlineP,Realtime,5102.182312011719,2571.3352773291194,2715.0,0.05291518330419174
"CPU:Intel(R) Xeon(R) Gold 6240R,Memory:192002MiB,Cores:96",dnaseq-0,burrows-wheeler-aligner,OnlineP,Realtime,4590.344056129456,2313.3853094225924,2574.0,0.10124890853823139
"CPU:Intel(R) Xeon(R) Gold 6240R,Memory:192002MiB,Cores:96",dnaseq-0,burrows-wheeler-aligner,OnlineP,Realtime,203.0108642578125,177.72644241000108,139.0,0.27860749935252577
"CPU:Intel(R) Xeon(R) Gold 6240R,Memory:192002MiB,Cores:96",dnaseq-0,burrows-wheeler-aligner,OnlineP,Realtime,1729.362572669983,910.0000000000001,804.0,0.13184079601990065
"CPU:Intel(R) Xeon(R) Gold 6240R,Memory:192002MiB,Cores:96",dnaseq-0,burrows-wheeler-aligner,OnlineP,Realtime,1474.3470220565796,775.8094290199016,820.0,0.053890940219632213
"CPU:Intel(R) Xeon(R) Gold 6240R,Memory:192002MiB,Cores:96",dnaseq-0,burrows-wheeler-aligner,OnlineP,Realtime,5102.182312011719,2571.3352773291194,2448.0,0.05038205773248343
"CPU:Intel(R) Xeon(R) Gold 6240R,Memory:192002MiB,Cores:96",dnaseq-0,burrows-wheeler-aligner,OnlineP,Realtime,812.8875761032104,487.75496176869154,411.0,0.18675173179730303
"CPU:Intel(R) Xeon(R) Gold 6240R,Memory:192002MiB,Cores:96",dnaseq-0,burrows-wheeler-aligner,OnlineP,Realtime,5613.892818450928,2829.2208636378323,2733.0,0.03520704853195473
"CPU:Intel(R) Xeon(R) Gold 6240R,Memory:192002MiB,Cores:96",dnaseq-0,burrows-wheeler-aligner,OnlineP,Realtime,203.0108642578125,177.72644241000108,124.0,0.4332777613709765
"CPU:Intel(R) Xeon(R) Gold 6240R,Memory:192002MiB,Cores:96",dnaseq-0,burrows-wheeler-aligner,OnlineP,Realtime,6639.323947906494,3346.005070159241,3076.0,0.08777798119611212
"CPU:Intel(R) Xeon(R) Gold 6240R,Memory:192002MiB,Cores:96",dnaseq-0,burrows-wheeler-aligner,OnlineP,Realtime,609.9719657897949,366.0,375.0,0.024
"CPU:Intel(R) Xeon(R) Gold 6240R,Memory:192002MiB,Cores:96",dnaseq-0,burrows-wheeler-aligner,OnlineP,Realtime,6639.323947906494,3346.005070159241,2563.0,0.30550334379993793
"CPU:Intel(R) Xeon(R) Gold 6240R,Memory:192002MiB,Cores:96",dnaseq-0,burrows-wheeler-aligner,OnlineP,Realtime,405.5044136047363,355.0,262.0,0.3549618320610687
"CPU:Intel(R) Xeon(R) Gold 6240R,Memory:192002MiB,Cores:96",dnaseq-0,burrows-wheeler-aligner,OnlineP,Realtime,5102.182312011719,2571.3352773291194,1934.0,0.32954254256934823
"CPU:Intel(R) Xeon(R) Gold 6240R,Memory:192002MiB,Cores:96",dnaseq-0,burrows-wheeler-aligner,OnlineP,Realtime,2545.566870689392,1282.8835770909811,1850.0,0.30654941778865885
"CPU:Intel(R) Xeon(R) Gold 6240R,Memory:192002MiB,Cores:96",dnaseq-0,burrows-wheeler-aligner,OnlineP,Realtime,203.0108642578125,177.72644241000108,116.0,0.5321245035344921
"CPU:Intel(R) Xeon(R) Gold 6240R,Memory:192002MiB,Cores:96",dnaseq-0,burrows-wheeler-aligner,OnlineP,Realtime,1474.3470220565796,775.8094290199016,614.0,0.2635332720193837
"CPU:Intel(R) Xeon(R) Gold 6240R,Memory:192002MiB,Cores:96",dnaseq-0,burrows-wheeler-aligner,OnlineP,Realtime,6639.323947906494,3346.005070159241,2836.0,0.1798325353170807
"CPU:Intel(R) Xeon(R) Gold 6240R,Memory:192002MiB,Cores:96",dnaseq-0,burrows-wheeler-aligner,OnlineP,Realtime,405.5044136047363,355.0,259.0,0.37065637065637064
"CPU:Intel(R) Xeon(R) Gold 6240R,Memory:192002MiB,Cores:96",dnaseq-0,burrows-wheeler-aligner,OnlineP,Realtime,5102.182312011719,2571.3352773291194,2056.0,0.25064945395385185
"CPU:Intel(R) Xeon(R) Gold 6240R,Memory:192002MiB,Cores:96",dnaseq-0,burrows-wheeler-aligner,OnlineP,Realtime,203.0108642578125,177.72644241000108,239.0,0.2563747179497863
"CPU:Intel(R) Xeon(R) Gold 6240R,Memory:192002MiB,Cores:96",dnaseq-0,burrows-wheeler-aligner,OnlineP,Realtime,812.8875761032104,487.75496176869154,342.0,0.42618409873886415
"CPU:Intel(R) Xeon(R) Gold 6240R,Memory:192002MiB,Cores:96",dnaseq-0,burrows-wheeler-aligner,OnlineP,Realtime,2545.566870689392,1282.8835770909811,1426.0,0.10036214790253778
"CPU:Intel(R) Xeon(R) Gold 6240R,Memory:192002MiB,Cores:96",dnaseq-0,burrows-wheeler-aligner,OnlineP,Realtime,5613.892818450928,2829.2208636378323,2225.0,0.2715599387136325
"CPU:Intel(R) Xeon(R) Gold 6240R,Memory:192002MiB,Cores:96",dnaseq-0,burrows-wheeler-aligner,OnlineP,Realtime,405.5044136047363,355.0,240.0,0.4791666666666667
"CPU:Intel(R) Xeon(R) Gold 6240R,Memory:192002MiB,Cores:96",dnaseq-0,burrows-wheeler-aligner,OnlineP,Realtime,812.8875761032104,487.75496176869154,423.0,0.15308501600163485
"CPU:Intel(R) Xeon(R) Gold 6240R,Memory:192002MiB,Cores:96",dnaseq-0,burrows-wheeler-aligner,OnlineP,Realtime,4590.344056129456,2313.3853094225924,1171.0,0.9755638850748014
"CPU:Intel(R) Xeon(R) Gold 6240R,Memory:192002MiB,Cores:96",dnaseq-0,burrows-wheeler-aligner,OnlineP,Realtime,812.8875761032104,487.75496176869154,465.0,0.04893540165310009
"CPU:Intel(R) Xeon(R) Gold 6240R,Memory:192002MiB,Cores:96",dnaseq-0,burrows-wheeler-aligner,OnlineP,Realtime,203.0108642578125,177.72644241000108,123.0,0.4449304260975698
"CPU:Intel(R) Xeon(R) Gold 6240R,Memory:192002MiB,Cores:96",dnaseq-0,burrows-wheeler-aligner,OnlineP,Realtime,2545.566870689392,1282.8835770909811,1445.0,0.1121912961308089
"CPU:Intel(R) Xeon(R) Gold 6240R,Memory:192002MiB,Cores:96",dnaseq-0,burrows-wheeler-aligner,OnlineP,Realtime,609.9719657897949,366.0,283.0,0.29328621908127206
"CPU:Intel(R) Xeon(R) Gold 6240R,Memory:192002MiB,Cores:96",dnaseq-0,burrows-wheeler-aligner,OnlineP,Realtime,405.5044136047363,355.0,264.0,0.3446969696969697
"CPU:Intel(R) Xeon(R) Gold 6240R,Memory:192002MiB,Cores:96",dnaseq-0,burrows-wheeler-aligner,OnlineP,Realtime,1729.362572669983,910.0000000000001,742.0,0.22641509433962279
"CPU:Intel(R) Xeon(R) Gold 6240R,Memory:192002MiB,Cores:96",dnaseq-0,burrows-wheeler-aligner,OnlineP,Realtime,1729.362572669983,910.0000000000001,1008.0,0.09722222222222211
"CPU:Intel(R) Xeon(R) Gold 6240R,Memory:192002MiB,Cores:96",dnaseq-0,burrows-wheeler-aligner,OnlineP,Realtime,3565.6447715759277,1796.9699291208422,1920.0,0.06407816191622805
"CPU:Intel(R) Xeon(R) Gold 6240R,Memory:192002MiB,Cores:96",dnaseq-0,burrows-wheeler-aligner,OnlineP,Realtime,3055.7511615753174,1540.0,1202.0,0.281198003327787
"CPU:Intel(R) Xeon(R) Gold 6240R,Memory:192002MiB,Cores:96",dnaseq-0,burrows-wheeler-aligner,OnlineP,Realtime,203.0108642578125,177.72644241000108,145.0,0.2256996028275937
"CPU:Intel(R) Xeon(R) Gold 6240R,Memory:192002MiB,Cores:96",dnaseq-0,burrows-wheeler-aligner,OnlineP,Realtime,3055.7511615753174,1540.0,1738.0,0.11392405063291139
"CPU:Intel(R) Xeon(R) Gold 6240R,Memory:192002MiB,Cores:96",dnaseq-0,burrows-wheeler-aligner,OnlineP,Realtime,3565.6447715759277,1796.9699291208422,1303.0,0.3791020177443148
"CPU:Intel(R) Xeon(R) Gold 6240R,Memory:192002MiB,Cores:96",dnaseq-0,burrows-wheeler-aligner,OnlineP,Realtime,3055.7511615753174,1540.0,1890.0,0.18518518518518517
"CPU:Intel(R) Xeon(R) Gold 6240R,Memory:192002MiB,Cores:96",dnaseq-0,burrows-wheeler-aligner,OnlineP,Realtime,5102.182312011719,2571.3352773291194,2535.0,0.014333442733380448
"CPU:Intel(R) Xeon(R) Gold 6240R,Memory:192002MiB,Cores:96",dnaseq-0,burrows-wheeler-aligner,OnlineP,Realtime,1729.362572669983,910.0000000000001,965.0,0.056994818652849624
"CPU:Intel(R) Xeon(R) Gold 6240R,Memory:192002MiB,Cores:96",dnaseq-0,burrows-wheeler-aligner,OnlineP,Realtime,609.9719657897949,366.0,358.0,0.0223463687150838
"CPU:Intel(R) Xeon(R) Gold 6240R,Memory:192002MiB,Cores:96",dnaseq-0,burrows-wheeler-aligner,OnlineP,Realtime,5102.182312011719,2571.3352773291194,2669.0,0.036592252780397364
"CPU:Intel(R) Xeon(R) Gold 6240R,Memory:192002MiB,Cores:96",dnaseq-0,burrows-wheeler-aligner,OnlineP,Realtime,6639.323947906494,3346.005070159241,3292.0,0.01640494233269771
"CPU:Intel(R) Xeon(R) Gold 6240R,Memory:192002MiB,Cores:96",dnaseq-0,burrows-wheeler-aligner,OnlineP,Realtime,812.8875761032104,487.75496176869154,461.0,0.05803679342449359
"CPU:Intel(R) Xeon(R) Gold 6240R,Memory:192002MiB,Cores:96",dnaseq-0,burrows-wheeler-aligner,Naive,Realtime,609.9719657897949,382.116679730217,386.0,0.01006041520669167
"CPU:Intel(R) Xeon(R) Gold 6240R,Memory:192002MiB,Cores:96",dnaseq-0,burrows-wheeler-aligner,Naive,Realtime,5102.182312011719,3196.2599492908994,2715.0,0.17725964983090217
"CPU:Intel(R) Xeon(R) Gold 6240R,Memory:192002MiB,Cores:96",dnaseq-0,burrows-wheeler-aligner,Naive,Realtime,4590.344056129456,2875.6190905861963,2574.0,0.11717913387187114
"CPU:Intel(R) Xeon(R) Gold 6240R,Memory:192002MiB,Cores:96",dnaseq-0,burrows-wheeler-aligner,Naive,Realtime,203.0108642578125,127.17606996727152,139.0,0.08506424483977326
"CPU:Intel(R) Xeon(R) Gold 6240R,Memory:192002MiB,Cores:96",dnaseq-0,burrows-wheeler-aligner,Naive,Realtime,1729.362572669983,1083.3584515031425,804.0,0.3474607605760479
"CPU:Intel(R) Xeon(R) Gold 6240R,Memory:192002MiB,Cores:96",dnaseq-0,burrows-wheeler-aligner,Naive,Realtime,1474.3470220565796,923.6040677852062,820.0,0.12634642412830027
"CPU:Intel(R) Xeon(R) Gold 6240R,Memory:192002MiB,Cores:96",dnaseq-0,burrows-wheeler-aligner,Naive,Realtime,5102.182312011719,3196.2599492908994,2448.0,0.30566174399138046
"CPU:Intel(R) Xeon(R) Gold 6240R,Memory:192002MiB,Cores:96",dnaseq-0,burrows-wheeler-aligner,Naive,Realtime,812.8875761032104,509.23307790434797,411.0,0.2390099219083892
"CPU:Intel(R) Xeon(R) Gold 6240R,Memory:192002MiB,Cores:96",dnaseq-0,burrows-wheeler-aligner,Naive,Realtime,5613.892818450928,3516.8207794110854,2733.0,0.28679867523274255
"CPU:Intel(R) Xeon(R) Gold 6240R,Memory:192002MiB,Cores:96",dnaseq-0,burrows-wheeler-aligner,Naive,Realtime,203.0108642578125,127.17606996727152,124.0,0.0256134674779961
"CPU:Intel(R) Xeon(R) Gold 6240R,Memory:192002MiB,Cores:96",dnaseq-0,burrows-wheeler-aligner,Naive,Realtime,6639.323947906494,4159.201676330205,3076.0,0.3521461886639159
"CPU:Intel(R) Xeon(R) Gold 6240R,Memory:192002MiB,Cores:96",dnaseq-0,burrows-wheeler-aligner,Naive,Realtime,609.9719657897949,382.116679730217,375.0,0.01897781261391204
"CPU:Intel(R) Xeon(R) Gold 6240R,Memory:192002MiB,Cores:96",dnaseq-0,burrows-wheeler-aligner,Naive,Realtime,6639.323947906494,4159.201676330205,2563.0,0.6227864519431157
"CPU:Intel(R) Xeon(R) Gold 6240R,Memory:192002MiB,Cores:96",dnaseq-0,burrows-wheeler-aligner,Naive,Realtime,405.5044136047363,254.02806822762815,262.0,0.030427220505236052
"CPU:Intel(R) Xeon(R) Gold 6240R,Memory:192002MiB,Cores:96",dnaseq-0,burrows-wheeler-aligner,Naive,Realtime,5102.182312011719,3196.2599492908994,1934.0,0.6526680192817473
"CPU:Intel(R) Xeon(R) Gold 6240R,Memory:192002MiB,Cores:96",dnaseq-0,burrows-wheeler-aligner,Naive,Realtime,2545.566870689392,1594.66928844772,1850.0,0.1380166008390703
"CPU:Intel(R) Xeon(R) Gold 6240R,Memory:192002MiB,Cores:96",dnaseq-0,burrows-wheeler-aligner,Naive,Realtime,203.0108642578125,127.17606996727152,116.0,0.09634543075234066
"CPU:Intel(R) Xeon(R) Gold 6240R,Memory:192002MiB,Cores:96",dnaseq-0,burrows-wheeler-aligner,Naive,Realtime,1474.3470220565796,923.6040677852062,614.0,0.5042411527446355
"CPU:Intel(R) Xeon(R) Gold 6240R,Memory:192002MiB,Cores:96",dnaseq-0,burrows-wheeler-aligner,Naive,Realtime,6639.323947906494,4159.201676330205,2836.0,0.46657322860726563
"CPU:Intel(R) Xeon(R) Gold 6240R,Memory:192002MiB,Cores:96",dnaseq-0,burrows-wheeler-aligner,Naive,Realtime,405.5044136047363,254.02806822762815,259.0,0.019196647769775466
"CPU:Intel(R) Xeon(R) Gold 6240R,Memory:192002MiB,Cores:96",dnaseq-0,burrows-wheeler-aligner,Naive,Realtime,5102.182312011719,3196.2599492908994,2056.0,0.5546011426512156
"CPU:Intel(R) Xeon(R) Gold 6240R,Memory:192002MiB,Cores:96",dnaseq-0,burrows-wheeler-aligner,Naive,Realtime,203.0108642578125,127.17606996727152,239.0,0.4678825524381945
"CPU:Intel(R) Xeon(R) Gold 6240R,Memory:192002MiB,Cores:96",dnaseq-0,burrows-wheeler-aligner,Naive,Realtime,812.8875761032104,509.23307790434797,342.0,0.4889856079074502
"CPU:Intel(R) Xeon(R) Gold 6240R,Memory:192002MiB,Cores:96",dnaseq-0,burrows-wheeler-aligner,Naive,Realtime,2545.566870689392,1594.66928844772,1426.0,0.11828140844861147
"CPU:Intel(R) Xeon(R) Gold 6240R,Memory:192002MiB,Cores:96",dnaseq-0,burrows-wheeler-aligner,Naive,Realtime,5613.892818450928,3516.8207794110854,2225.0,0.5805936087240833
"CPU:Intel(R) Xeon(R) Gold 6240R,Memory:192002MiB,Cores:96",dnaseq-0,burrows-wheeler-aligner,Naive,Realtime,405.5044136047363,254.02806822762815,240.0,0.058450284281783976
"CPU:Intel(R) Xeon(R) Gold 6240R,Memory:192002MiB,Cores:96",dnaseq-0,burrows-wheeler-aligner,Naive,Realtime,812.8875761032104,509.23307790434797,423.0,0.20386070426559802
"CPU:Intel(R) Xeon(R) Gold 6240R,Memory:192002MiB,Cores:96",dnaseq-0,burrows-wheeler-aligner,Naive,Realtime,4590.344056129456,2875.6190905861963,1171.0,1.455695209723481
"CPU:Intel(R) Xeon(R) Gold 6240R,Memory:192002MiB,Cores:96",dnaseq-0,burrows-wheeler-aligner,Naive,Realtime,812.8875761032104,509.23307790434797,465.0,0.09512489871902788
"CPU:Intel(R) Xeon(R) Gold 6240R,Memory:192002MiB,Cores:96",dnaseq-0,burrows-wheeler-aligner,Naive,Realtime,203.0108642578125,127.17606996727152,123.0,0.033951788351800946
"CPU:Intel(R) Xeon(R) Gold 6240R,Memory:192002MiB,Cores:96",dnaseq-0,burrows-wheeler-aligner,Naive,Realtime,2545.566870689392,1594.66928844772,1445.0,0.10357736224755706
"CPU:Intel(R) Xeon(R) Gold 6240R,Memory:192002MiB,Cores:96",dnaseq-0,burrows-wheeler-aligner,Naive,Realtime,609.9719657897949,382.116679730217,283.0,0.3502356174212615
"CPU:Intel(R) Xeon(R) Gold 6240R,Memory:192002MiB,Cores:96",dnaseq-0,burrows-wheeler-aligner,Naive,Realtime,405.5044136047363,254.02806822762815,264.0,0.03777246883474184
"CPU:Intel(R) Xeon(R) Gold 6240R,Memory:192002MiB,Cores:96",dnaseq-0,burrows-wheeler-aligner,Naive,Realtime,1729.362572669983,1083.3584515031425,742.0,0.46005182143280665
"CPU:Intel(R) Xeon(R) Gold 6240R,Memory:192002MiB,Cores:96",dnaseq-0,burrows-wheeler-aligner,Naive,Realtime,1729.362572669983,1083.3584515031425,1008.0,0.07476036855470489
"CPU:Intel(R) Xeon(R) Gold 6240R,Memory:192002MiB,Cores:96",dnaseq-0,burrows-wheeler-aligner,Naive,Realtime,3565.6447715759277,2233.6966575961233,1920.0,0.1633836758313142
"CPU:Intel(R) Xeon(R) Gold 6240R,Memory:192002MiB,Cores:96",dnaseq-0,burrows-wheeler-aligner,Naive,Realtime,3055.7511615753174,1914.2740214806927,1202.0,0.5925740611320238
"CPU:Intel(R) Xeon(R) Gold 6240R,Memory:192002MiB,Cores:96",dnaseq-0,burrows-wheeler-aligner,Naive,Realtime,203.0108642578125,127.17606996727152,145.0,0.12292365539812747
"CPU:Intel(R) Xeon(R) Gold 6240R,Memory:192002MiB,Cores:96",dnaseq-0,burrows-wheeler-aligner,Naive,Realtime,3055.7511615753174,1914.2740214806927,1738.0,0.10142348761835022
"CPU:Intel(R) Xeon(R) Gold 6240R,Memory:192002MiB,Cores:96",dnaseq-0,burrows-wheeler-aligner,Naive,Realtime,3565.6447715759277,2233.6966575961233,1303.0,0.7142721854152903
"CPU:Intel(R) Xeon(R) Gold 6240R,Memory:192002MiB,Cores:96",dnaseq-0,burrows-wheeler-aligner,Naive,Realtime,3055.7511615753174,1914.2740214806927,1890.0,0.012843397608832107
"CPU:Intel(R) Xeon(R) Gold 6240R,Memory:192002MiB,Cores:96",dnaseq-0,burrows-wheeler-aligner,Naive,Realtime,5102.182312011719,3196.2599492908994,2535.0,0.26085205100232717
"CPU:Intel(R) Xeon(R) Gold 6240R,Memory:192002MiB,Cores:96",dnaseq-0,burrows-wheeler-aligner,Naive,Realtime,1729.362572669983,1083.3584515031425,965.0,0.12265124508097672
"CPU:Intel(R) Xeon(R) Gold 6240R,Memory:192002MiB,Cores:96",dnaseq-0,burrows-wheeler-aligner,Naive,Realtime,609.9719657897949,382.116679730217,358.0,0.06736502717937713
"CPU:Intel(R) Xeon(R) Gold 6240R,Memory:192002MiB,Cores:96",dnaseq-0,burrows-wheeler-aligner,Naive,Realtime,5102.182312011719,3196.2599492908994,2669.0,0.19754962506215787
"CPU:Intel(R) Xeon(R) Gold 6240R,Memory:192002MiB,Cores:96",dnaseq-0,burrows-wheeler-aligner,Naive,Realtime,6639.323947906494,4159.201676330205,3292.0,0.26342699767017175
"CPU:Intel(R) Xeon(R) Gold 6240R,Memory:192002MiB,Cores:96",dnaseq-0,burrows-wheeler-aligner,Naive,Realtime,812.8875761032104,509.23307790434797,461.0,0.10462706703763117
"CPU:Intel(R) Xeon(R) Gold 6240R,Memory:192002MiB,Cores:96",dnaseq-0,burrows-wheeler-aligner,Perfect,Realtime,609.9719657897949,386.0,386.0,0.0
"CPU:Intel(R) Xeon(R) Gold 6240R,Memory:192002MiB,Cores:96",dnaseq-0,burrows-wheeler-aligner,Perfect,Realtime,5102.182312011719,2715.0,2715.0,0.0
"CPU:Intel(R) Xeon(R) Gold 6240R,Memory:192002MiB,Cores:96",dnaseq-0,burrows-wheeler-aligner,Perfect,Realtime,4590.344056129456,2574.0,2574.0,0.0
"CPU:Intel(R) Xeon(R) Gold 6240R,Memory:192002MiB,Cores:96",dnaseq-0,burrows-wheeler-aligner,Perfect,Realtime,203.0108642578125,139.0,139.0,0.0
"CPU:Intel(R) Xeon(R) Gold 6240R,Memory:192002MiB,Cores:96",dnaseq-0,burrows-wheeler-aligner,Perfect,Realtime,1729.362572669983,804.0,804.0,0.0
"CPU:Intel(R) Xeon(R) Gold 6240R,Memory:192002MiB,Cores:96",dnaseq-0,burrows-wheeler-aligner,Perfect,Realtime,1474.3470220565796,820.0,820.0,0.0
"CPU:Intel(R) Xeon(R) Gold 6240R,Memory:192002MiB,Cores:96",dnaseq-0,burrows-wheeler-aligner,Perfect,Realtime,5102.182312011719,2448.0,2448.0,0.0
"CPU:Intel(R) Xeon(R) Gold 6240R,Memory:192002MiB,Cores:96",dnaseq-0,burrows-wheeler-aligner,Perfect,Realtime,812.8875761032104,411.0,411.0,0.0
"CPU:Intel(R) Xeon(R) Gold 6240R,Memory:192002MiB,Cores:96",dnaseq-0,burrows-wheeler-aligner,Perfect,Realtime,5613.892818450928,2733.0,2733.0,0.0
"CPU:Intel(R) Xeon(R) Gold 6240R,Memory:192002MiB,Cores:96",dnaseq-0,burrows-wheeler-aligner,Perfect,Realtime,203.0108642578125,124.0,124.0,0.0
"CPU:Intel(R) Xeon(R) Gold 6240R,Memory:192002MiB,Cores:96",dnaseq-0,burrows-wheeler-aligner,Perfect,Realtime,6639.323947906494,3076.0,3076.0,0.0
"CPU:Intel(R) Xeon(R) Gold 6240R,Memory:192002MiB,Cores:96",dnaseq-0,burrows-wheeler-aligner,Perfect,Realtime,609.9719657897949,375.0,375.0,0.0
"CPU:Intel(R) Xeon(R) Gold 6240R,Memory:192002MiB,Cores:96",dnaseq-0,burrows-wheeler-aligner,Perfect,Realtime,6639.323947906494,2563.0,2563.0,0.0
"CPU:Intel(R) Xeon(R) Gold 6240R,Memory:192002MiB,Cores:96",dnaseq-0,burrows-wheeler-aligner,Perfect,Realtime,405.5044136047363,262.0,262.0,0.0
"CPU:Intel(R) Xeon(R) Gold 6240R,Memory:192002MiB,Cores:96",dnaseq-0,burrows-wheeler-aligner,Perfect,Realtime,5102.182312011719,1934.0,1934.0,0.0
"CPU:Intel(R) Xeon(R) Gold 6240R,Memory:192002MiB,Cores:96",dnaseq-0,burrows-wheeler-aligner,Perfect,Realtime,2545.566870689392,1850.0,1850.0,0.0
"CPU:Intel(R) Xeon(R) Gold 6240R,Memory:192002MiB,Cores:96",dnaseq-0,burrows-wheeler-aligner,Perfect,Realtime,203.0108642578125,116.0,116.0,0.0
"CPU:Intel(R) Xeon(R) Gold 6240R,Memory:192002MiB,Cores:96",dnaseq-0,burrows-wheeler-aligner,Perfect,Realtime,1474.3470220565796,614.0,614.0,0.0
"CPU:Intel(R) Xeon(R) Gold 6240R,Memory:192002MiB,Cores:96",dnaseq-0,burrows-wheeler-aligner,Perfect,Realtime,6639.323947906494,2836.0,2836.0,0.0
"CPU:Intel(R) Xeon(R) Gold 6240R,Memory:192002MiB,Cores:96",dnaseq-0,burrows-wheeler-aligner,Perfect,Realtime,405.5044136047363,259.0,259.0,0.0
"CPU:Intel(R) Xeon(R) Gold 6240R,Memory:192002MiB,Cores:96",dnaseq-0,burrows-wheeler-aligner,Perfect,Realtime,5102.182312011719,2056.0,2056.0,0.0
"CPU:Intel(R) Xeon(R) Gold 6240R,Memory:192002MiB,Cores:96",dnaseq-0,burrows-wheeler-aligner,Perfect,Realtime,203.0108642578125,239.0,239.0,0.0
"CPU:Intel(R) Xeon(R) Gold 6240R,Memory:192002MiB,Cores:96",dnaseq-0,burrows-wheeler-aligner,Perfect,Realtime,812.8875761032104,342.0,342.0,0.0
"CPU:Intel(R) Xeon(R) Gold 6240R,Memory:192002MiB,Cores:96",dnaseq-0,burrows-wheeler-aligner,Perfect,Realtime,2545.566870689392,1426.0,1426.0,0.0
"CPU:Intel(R) Xeon(R) Gold 6240R,Memory:192002MiB,Cores:96",dnaseq-0,burrows-wheeler-aligner,Perfect,Realtime,5613.892818450928,2225.0,2225.0,0.0
"CPU:Intel(R) Xeon(R) Gold 6240R,Memory:192002MiB,Cores:96",dnaseq-0,burrows-wheeler-aligner,Perfect,Realtime,405.5044136047363,240.0,240.0,0.0
"CPU:Intel(R) Xeon(R) Gold 6240R,Memory:192002MiB,Cores:96",dnaseq-0,burrows-wheeler-aligner,Perfect,Realtime,812.8875761032104,423.0,423.0,0.0
"CPU:Intel(R) Xeon(R) Gold 6240R,Memory:192002MiB,Cores:96",dnaseq-0,burrows-wheeler-aligner,Perfect,Realtime,4590.344056129456,1171.0,1171.0,0.0
"CPU:Intel(R) Xeon(R) Gold 6240R,Memory:192002MiB,Cores:96",dnaseq-0,burrows-wheeler-aligner,Perfect,Realtime,812.8875761032104,465.0,465.0,0.0
"CPU:Intel(R) Xeon(R) Gold 6240R,Memory:192002MiB,Cores:96",dnaseq-0,burrows-wheeler-aligner,Perfect,Realtime,203.0108642578125,123.0,123.0,0.0
"CPU:Intel(R) Xeon(R) Gold 6240R,Memory:192002MiB,Cores:96",dnaseq-0,burrows-wheeler-aligner,Perfect,Realtime,2545.566870689392,1445.0,1445.0,0.0
"CPU:Intel(R) Xeon(R) Gold 6240R,Memory:192002MiB,Cores:96",dnaseq-0,burrows-wheeler-aligner,Perfect,Realtime,609.9719657897949,283.0,283.0,0.0
"CPU:Intel(R) Xeon(R) Gold 6240R,Memory:192002MiB,Cores:96",dnaseq-0,burrows-wheeler-aligner,Perfect,Realtime,405.5044136047363,264.0,264.0,0.0
"CPU:Intel(R) Xeon(R) Gold 6240R,Memory:192002MiB,Cores:96",dnaseq-0,burrows-wheeler-aligner,Perfect,Realtime,1729.362572669983,742.0,742.0,0.0
"CPU:Intel(R) Xeon(R) Gold 6240R,Memory:192002MiB,Cores:96",dnaseq-0,burrows-wheeler-aligner,Perfect,Realtime,1729.362572669983,1008.0,1008.0,0.0
"CPU:Intel(R) Xeon(R) Gold 6240R,Memory:192002MiB,Cores:96",dnaseq-0,burrows-wheeler-aligner,Perfect,Realtime,3565.6447715759277,1920.0,1920.0,0.0
"CPU:Intel(R) Xeon(R) Gold 6240R,Memory:192002MiB,Cores:96",dnaseq-0,burrows-wheeler-aligner,Perfect,Realtime,3055.7511615753174,1202.0,1202.0,0.0
"CPU:Intel(R) Xeon(R) Gold 6240R,Memory:192002MiB,Cores:96",dnaseq-0,burrows-wheeler-aligner,Perfect,Realtime,203.0108642578125,145.0,145.0,0.0
"CPU:Intel(R) Xeon(R) Gold 6240R,Memory:192002MiB,Cores:96",dnaseq-0,burrows-wheeler-aligner,Perfect,Realtime,3055.7511615753174,1738.0,1738.0,0.0
"CPU:Intel(R) Xeon(R) Gold 6240R,Memory:192002MiB,Cores:96",dnaseq-0,burrows-wheeler-aligner,Perfect,Realtime,3565.6447715759277,1303.0,1303.0,0.0
"CPU:Intel(R) Xeon(R) Gold 6240R,Memory:192002MiB,Cores:96",dnaseq-0,burrows-wheeler-aligner,Perfect,Realtime,3055.7511615753174,1890.0,1890.0,0.0
"CPU:Intel(R) Xeon(R) Gold 6240R,Memory:192002MiB,Cores:96",dnaseq-0,burrows-wheeler-aligner,Perfect,Realtime,5102.182312011719,2535.0,2535.0,0.0
"CPU:Intel(R) Xeon(R) Gold 6240R,Memory:192002MiB,Cores:96",dnaseq-0,burrows-wheeler-aligner,Perfect,Realtime,1729.362572669983,965.0,965.0,0.0
"CPU:Intel(R) Xeon(R) Gold 6240R,Memory:192002MiB,Cores:96",dnaseq-0,burrows-wheeler-aligner,Perfect,Realtime,609.9719657897949,358.0,358.0,0.0
"CPU:Intel(R) Xeon(R) Gold 6240R,Memory:192002MiB,Cores:96",dnaseq-0,burrows-wheeler-aligner,Perfect,Realtime,5102.182312011719,2669.0,2669.0,0.0
"CPU:Intel(R) Xeon(R) Gold 6240R,Memory:192002MiB,Cores:96",dnaseq-0,burrows-wheeler-aligner,Perfect,Realtime,6639.323947906494,3292.0,3292.0,0.0
"CPU:Intel(R) Xeon(R) Gold 6240R,Memory:192002MiB,Cores:96",dnaseq-0,burrows-wheeler-aligner,Perfect,Realtime,812.8875761032104,461.0,461.0,0.0
"CPU:Intel(R) Xeon(R) Gold 6240R,Memory:192002MiB,Cores:96",dnaseq-0,fastq-cleaner,Lotaru-G,Realtime,5613.892818450928,1655.2585790682003,1636.0,0.01177174759669947
"CPU:Intel(R) Xeon(R) Gold 6240R,Memory:192002MiB,Cores:96",dnaseq-0,fastq-cleaner,Lotaru-G,Realtime,203.0108642578125,119.46652936741577,136.0,0.12156963700429578
"CPU:Intel(R) Xeon(R) Gold 6240R,Memory:192002MiB,Cores:96",dnaseq-0,fastq-cleaner,Lotaru-G,Realtime,609.9719657897949,234.97591019690296,220.0,0.06807231907683163
"CPU:Intel(R) Xeon(R) Gold 6240R,Memory:192002MiB,Cores:96",dnaseq-0,fastq-cleaner,Lotaru-G,Realtime,609.9719657897949,234.97591019690296,229.0,0.026095677715733442
"CPU:Intel(R) Xeon(R) Gold 6240R,Memory:192002MiB,Cores:96",dnaseq-0,fastq-cleaner,Lotaru-G,Realtime,405.5044136047363,176.94107526130685,120.0,0.4745089605108904
"CPU:Intel(R) Xeon(R) Gold 6240R,Memory:192002MiB,Cores:96",dnaseq-0,fastq-cleaner,Lotaru-G,Realtime,3565.6447715759277,1073.8962257889782,1628.0,0.34035858366770383
"CPU:Intel(R) Xeon(R) Gold 6240R,Memory:192002MiB,Cores:96",dnaseq-0,fastq-cleaner,Lotaru-G,Realtime,405.5044136047363,176.94107526130685,167.0,0.059527396774292515
"CPU:Intel(R) Xeon(R) Gold 6240R,Memory:192002MiB,Cores:96",dnaseq-0,fastq-cleaner,Lotaru-G,Realtime,405.5044136047363,176.94107526130685,173.0,0.022780781857265026
"CPU:Intel(R) Xeon(R) Gold 6240R,Memory:192002MiB,Cores:96",dnaseq-0,fastq-cleaner,Lotaru-G,Realtime,203.0108642578125,119.46652936741577,74.0,0.614412559019132
"CPU:Intel(R) Xeon(R) Gold 6240R,Memory:192002MiB,Cores:96",dnaseq-0,fastq-cleaner,Lotaru-G,Realtime,4590.344056129456,1364.740681068925,1291.0,0.05711904033224238
"CPU:Intel(R) Xeon(R) Gold 6240R,Memory:192002MiB,Cores:96",dnaseq-0,fastq-cleaner,Lotaru-G,Realtime,6639.323947906494,1946.310756784467,3618.0,0.4620478836969411
"CPU:Intel(R) Xeon(R) Gold 6240R,Memory:192002MiB,Cores:96",dnaseq-0,fastq-cleaner,Lotaru-G,Realtime,3565.6447715759277,1073.8962257889782,1227.0,0.12477895208722233
"CPU:Intel(R) Xeon(R) Gold 6240R,Memory:192002MiB,Cores:96",dnaseq-0,fastq-cleaner,Lotaru-G,Realtime,1729.362572669983,552.6969784275799,532.0,0.03890409478868401
"CPU:Intel(R) Xeon(R) Gold 6240R,Memory:192002MiB,Cores:96",dnaseq-0,fastq-cleaner,Lotaru-G,Realtime,5613.892818450928,1655.2585790682003,1866.0,0.11293752461511236
"CPU:Intel(R) Xeon(R) Gold 6240R,Memory:192002MiB,Cores:96",dnaseq-0,fastq-cleaner,Lotaru-G,Realtime,6639.323947906494,1946.310756784467,1656.0,0.17530842800994384
"CPU:Intel(R) Xeon(R) Gold 6240R,Memory:192002MiB,Cores:96",dnaseq-0,fastq-cleaner,Lotaru-G,Realtime,3565.6447715759277,1073.8962257889782,1226.0,0.12406506868761974
"CPU:Intel(R) Xeon(R) Gold 6240R,Memory:192002MiB,Cores:96",dnaseq-0,fastq-cleaner,Lotaru-G,Realtime,609.9719657897949,234.97591019690296,189.0,0.24325878411059768
"CPU:Intel(R) Xeon(R) Gold 6240R,Memory:192002MiB,Cores:96",dnaseq-0,fastq-cleaner,Lotaru-G,Realtime,5613.892818450928,1655.2585790682003,1783.0,0.07164409474582147
"CPU:Intel(R) Xeon(R) Gold 6240R,Memory:192002MiB,Cores:96",dnaseq-0,fastq-cleaner,Lotaru-A,Realtime,5613.892818450928,842.8534647898072,1636.0,0.48480839560525235
"CPU:Intel(R) Xeon(R) Gold 6240R,Memory:192002MiB,Cores:96",dnaseq-0,fastq-cleaner,Lotaru-A,Realtime,203.0108642578125,60.83205335834775,136.0,0.5527054900121489
"CPU:Intel(R) Xeon(R) Gold 6240R,Memory:192002MiB,Cores:96",dnaseq-0,fastq-cleaner,Lotaru-A,Realtime,609.9719657897949,119.64913673070178,220.0,0.4561402875877192
"CPU:Intel(R) Xeon(R) Gold 6240R,Memory:192002MiB,Cores:96",dnaseq-0,fastq-cleaner,Lotaru-A,Realtime,609.9719657897949,119.64913673070178,229.0,0.4775146867654944
"CPU:Intel(R) Xeon(R) Gold 6240R,Memory:192002MiB,Cores:96",dnaseq-0,fastq-cleaner,Lotaru-A,Realtime,405.5044136047363,90.09794616595781,120.0,0.2491837819503516
"CPU:Intel(R) Xeon(R) Gold 6240R,Memory:192002MiB,Cores:96",dnaseq-0,fastq-cleaner,Lotaru-A,Realtime,3565.6447715759277,546.8252309197933,1628.0,0.664112266019783
"CPU:Intel(R) Xeon(R) Gold 6240R,Memory:192002MiB,Cores:96",dnaseq-0,fastq-cleaner,Lotaru-A,Realtime,405.5044136047363,90.09794616595781,167.0,0.46049134032360595
"CPU:Intel(R) Xeon(R) Gold 6240R,Memory:192002MiB,Cores:96",dnaseq-0,fastq-cleaner,Lotaru-A,Realtime,405.5044136047363,90.09794616595781,173.0,0.47920262331816293
"CPU:Intel(R) Xeon(R) Gold 6240R,Memory:192002MiB,Cores:96",dnaseq-0,fastq-cleaner,Lotaru-A,Realtime,203.0108642578125,60.83205335834775,74.0,0.17794522488719258
"CPU:Intel(R) Xeon(R) Gold 6240R,Memory:192002MiB,Cores:96",dnaseq-0,fastq-cleaner,Lotaru-A,Realtime,4590.344056129456,694.922488923799,1291.0,0.4617176693076692
"CPU:Intel(R) Xeon(R) Gold 6240R,Memory:192002MiB,Cores:96",dnaseq-0,fastq-cleaner,Lotaru-A,Realtime,6639.323947906494,991.0564945308581,3618.0,0.7260761485542129
"CPU:Intel(R) Xeon(R) Gold 6240R,Memory:192002MiB,Cores:96",dnaseq-0,fastq-cleaner,Lotaru-A,Realtime,3565.6447715759277,546.8252309197933,1227.0,0.5543396651020429
"CPU:Intel(R) Xeon(R) Gold 6240R,Memory:192002MiB,Cores:96",dnaseq-0,fastq-cleaner,Lotaru-A,Realtime,1729.362572669983,281.43189779374603,532.0,0.47099267332002626
"CPU:Intel(R) Xeon(R) Gold 6240R,Memory:192002MiB,Cores:96",dnaseq-0,fastq-cleaner,Lotaru-A,Realtime,5613.892818450928,842.8534647898072,1866.0,0.5483100403055696
"CPU:Intel(R) Xeon(R) Gold 6240R,Memory:192002MiB,Cores:96",dnaseq-0,fastq-cleaner,Lotaru-A,Realtime,6639.323947906494,991.0564945308581,1656.0,0.40153593325431275
"CPU:Intel(R) Xeon(R) Gold 6240R,Memory:192002MiB,Cores:96",dnaseq-0,fastq-cleaner,Lotaru-A,Realtime,3565.6447715759277,546.8252309197933,1226.0,0.5539761574879337
"CPU:Intel(R) Xeon(R) Gold 6240R,Memory:192002MiB,Cores:96",dnaseq-0,fastq-cleaner,Lotaru-A,Realtime,609.9719657897949,119.64913673070178,189.0,0.36693578449364134
"CPU:Intel(R) Xeon(R) Gold 6240R,Memory:192002MiB,Cores:96",dnaseq-0,fastq-cleaner,Lotaru-A,Realtime,5613.892818450928,842.8534647898072,1783.0,0.5272835306843482
"CPU:Intel(R) Xeon(R) Gold 6240R,Memory:192002MiB,Cores:96",dnaseq-0,fastq-cleaner,OnlineP,Realtime,5613.892818450928,1434.05598142187,1636.0,0.12343766416756112
"CPU:Intel(R) Xeon(R) Gold 6240R,Memory:192002MiB,Cores:96",dnaseq-0,fastq-cleaner,OnlineP,Realtime,203.0108642578125,71.0,136.0,0.47794117647058826
"CPU:Intel(R) Xeon(R) Gold 6240R,Memory:192002MiB,Cores:96",dnaseq-0,fastq-cleaner,OnlineP,Realtime,609.9719657897949,192.0,220.0,0.12727272727272726
"CPU:Intel(R) Xeon(R) Gold 6240R,Memory:192002MiB,Cores:96",dnaseq-0,fastq-cleaner,OnlineP,Realtime,609.9719657897949,192.0,229.0,0.1615720524017467
"CPU:Intel(R) Xeon(R) Gold 6240R,Memory:192002MiB,Cores:96",dnaseq-0,fastq-cleaner,OnlineP,Realtime,405.5044136047363,141.81907688139069,120.0,0.1818256406782557
"CPU:Intel(R) Xeon(R) Gold 6240R,Memory:192002MiB,Cores:96",dnaseq-0,fastq-cleaner,OnlineP,Realtime,3565.6447715759277,1158.7462301394894,1628.0,0.288239416376235
"CPU:Intel(R) Xeon(R) Gold 6240R,Memory:192002MiB,Cores:96",dnaseq-0,fastq-cleaner,OnlineP,Realtime,405.5044136047363,141.81907688139069,167.0,0.15078397077011566
"CPU:Intel(R) Xeon(R) Gold 6240R,Memory:192002MiB,Cores:96",dnaseq-0,fastq-cleaner,OnlineP,Realtime,405.5044136047363,141.81907688139069,173.0,0.18023654981855095
"CPU:Intel(R) Xeon(R) Gold 6240R,Memory:192002MiB,Cores:96",dnaseq-0,fastq-cleaner,OnlineP,Realtime,203.0108642578125,71.0,74.0,0.04054054054054054
"CPU:Intel(R) Xeon(R) Gold 6240R,Memory:192002MiB,Cores:96",dnaseq-0,fastq-cleaner,OnlineP,Realtime,4590.344056129456,1172.5928091896142,1291.0,0.09171742123190227
"CPU:Intel(R) Xeon(R) Gold 6240R,Memory:192002MiB,Cores:96",dnaseq-0,fastq-cleaner,OnlineP,Realtime,6639.323947906494,1695.9999999999998,3618.0,0.531232725262576
"CPU:Intel(R) Xeon(R) Gold 6240R,Memory:192002MiB,Cores:96",dnaseq-0,fastq-cleaner,OnlineP,Realtime,3565.6447715759277,1158.7462301394894,1227.0,0.05562654430359462
"CPU:Intel(R) Xeon(R) Gold 6240R,Memory:192002MiB,Cores:96",dnaseq-0,fastq-cleaner,OnlineP,Realtime,1729.362572669983,562.0,532.0,0.05639097744360902
"CPU:Intel(R) Xeon(R) Gold 6240R,Memory:192002MiB,Cores:96",dnaseq-0,fastq-cleaner,OnlineP,Realtime,5613.892818450928,1434.05598142187,1866.0,0.2314812532573044
"CPU:Intel(R) Xeon(R) Gold 6240R,Memory:192002MiB,Cores:96",dnaseq-0,fastq-cleaner,OnlineP,Realtime,6639.323947906494,1695.9999999999998,1656.0,0.02415458937198054
"CPU:Intel(R) Xeon(R) Gold 6240R,Memory:192002MiB,Cores:96",dnaseq-0,fastq-cleaner,OnlineP,Realtime,3565.6447715759277,1158.7462301394894,1226.0,0.05485625600367912
"CPU:Intel(R) Xeon(R) Gold 6240R,Memory:192002MiB,Cores:96",dnaseq-0,fastq-cleaner,OnlineP,Realtime,609.9719657897949,192.0,189.0,0.015873015873015872
"CPU:Intel(R) Xeon(R) Gold 6240R,Memory:192002MiB,Cores:96",dnaseq-0,fastq-cleaner,OnlineP,Realtime,5613.892818450928,1434.05598142187,1783.0,0.19570612371179472
"CPU:Intel(R) Xeon(R) Gold 6240R,Memory:192002MiB,Cores:96",dnaseq-0,fastq-cleaner,Naive,Realtime,5613.892818450928,1641.8575017143467,1636.0,0.0035803800209942872
"CPU:Intel(R) Xeon(R) Gold 6240R,Memory:192002MiB,Cores:96",dnaseq-0,fastq-cleaner,Naive,Realtime,203.0108642578125,59.37322303619894,136.0,0.5634321835573608
"CPU:Intel(R) Xeon(R) Gold 6240R,Memory:192002MiB,Cores:96",dnaseq-0,fastq-cleaner,Naive,Realtime,609.9719657897949,178.39440122117747,220.0,0.18911635808555693
"CPU:Intel(R) Xeon(R) Gold 6240R,Memory:192002MiB,Cores:96",dnaseq-0,fastq-cleaner,Naive,Realtime,609.9719657897949,178.39440122117747,229.0,0.22098514750577522
"CPU:Intel(R) Xeon(R) Gold 6240R,Memory:192002MiB,Cores:96",dnaseq-0,fastq-cleaner,Naive,Realtime,405.5044136047363,118.59515045727682,120.0,0.011707079522693202
"CPU:Intel(R) Xeon(R) Gold 6240R,Memory:192002MiB,Cores:96",dnaseq-0,fastq-cleaner,Naive,Realtime,3565.6447715759277,1042.8201616923423,1628.0,0.3594470751275539
"CPU:Intel(R) Xeon(R) Gold 6240R,Memory:192002MiB,Cores:96",dnaseq-0,fastq-cleaner,Naive,Realtime,405.5044136047363,118.59515045727682,167.0,0.28984939845942026
"CPU:Intel(R) Xeon(R) Gold 6240R,Memory:192002MiB,Cores:96",dnaseq-0,fastq-cleaner,Naive,Realtime,405.5044136047363,118.59515045727682,173.0,0.31447889909088544
"CPU:Intel(R) Xeon(R) Gold 6240R,Memory:192002MiB,Cores:96",dnaseq-0,fastq-cleaner,Naive,Realtime,203.0108642578125,59.37322303619894,74.0,0.19765914815947383
"CPU:Intel(R) Xeon(R) Gold 6240R,Memory:192002MiB,Cores:96",dnaseq-0,fastq-cleaner,Naive,Realtime,4590.344056129456,1342.507074455627,1291.0,0.039897036758812496
"CPU:Intel(R) Xeon(R) Gold 6240R,Memory:192002MiB,Cores:96",dnaseq-0,fastq-cleaner,Naive,Realtime,6639.323947906494,1941.758452237411,3618.0,0.46330612154853207
"CPU:Intel(R) Xeon(R) Gold 6240R,Memory:192002MiB,Cores:96",dnaseq-0,fastq-cleaner,Naive,Realtime,3565.6447715759277,1042.8201616923423,1227.0,0.1501058176916526
"CPU:Intel(R) Xeon(R) Gold 6240R,Memory:192002MiB,Cores:96",dnaseq-0,fastq-cleaner,Naive,Realtime,1729.362572669983,505.7750486062389,532.0,0.04929502141684418
"CPU:Intel(R) Xeon(R) Gold 6240R,Memory:192002MiB,Cores:96",dnaseq-0,fastq-cleaner,Naive,Realtime,5613.892818450928,1641.8575017143467,1866.0,0.12011923809520544
"CPU:Intel(R) Xeon(R) Gold 6240R,Memory:192002MiB,Cores:96",dnaseq-0,fastq-cleaner,Naive,Realtime,6639.323947906494,1941.758452237411,1656.0,0.17255945183418533
"CPU:Intel(R) Xeon(R) Gold 6240R,Memory:192002MiB,Cores:96",dnaseq-0,fastq-cleaner,Naive,Realtime,3565.6447715759277,1042.8201616923423,1226.0,0.14941259242060176
"CPU:Intel(R) Xeon(R) Gold 6240R,Memory:192002MiB,Cores:96",dnaseq-0,fastq-cleaner,Naive,Realtime,609.9719657897949,178.39440122117747,189.0,0.05611427925302923
"CPU:Intel(R) Xeon(R) Gold 6240R,Memory:192002MiB,Cores:96",dnaseq-0,fastq-cleaner,Naive,Realtime,5613.892818450928,1641.8575017143467,1783.0,0.07916012242605347
"CPU:Intel(R) Xeon(R) Gold 6240R,Memory:192002MiB,Cores:96",dnaseq-0,fastq-cleaner,Perfect,Realtime,5613.892818450928,1636.0,1636.0,0.0
"CPU:Intel(R) Xeon(R) Gold 6240R,Memory:192002MiB,Cores:96",dnaseq-0,fastq-cleaner,Perfect,Realtime,203.0108642578125,136.0,136.0,0.0
"CPU:Intel(R) Xeon(R) Gold 6240R,Memory:192002MiB,Cores:96",dnaseq-0,fastq-cleaner,Perfect,Realtime,609.9719657897949,220.0,220.0,0.0
"CPU:Intel(R) Xeon(R) Gold 6240R,Memory:192002MiB,Cores:96",dnaseq-0,fastq-cleaner,Perfect,Realtime,609.9719657897949,229.0,229.0,0.0
"CPU:Intel(R) Xeon(R) Gold 6240R,Memory:192002MiB,Cores:96",dnaseq-0,fastq-cleaner,Perfect,Realtime,405.5044136047363,120.0,120.0,0.0
"CPU:Intel(R) Xeon(R) Gold 6240R,Memory:192002MiB,Cores:96",dnaseq-0,fastq-cleaner,Perfect,Realtime,3565.6447715759277,1628.0,1628.0,0.0
"CPU:Intel(R) Xeon(R) Gold 6240R,Memory:192002MiB,Cores:96",dnaseq-0,fastq-cleaner,Perfect,Realtime,405.5044136047363,167.0,167.0,0.0
"CPU:Intel(R) Xeon(R) Gold 6240R,Memory:192002MiB,Cores:96",dnaseq-0,fastq-cleaner,Perfect,Realtime,405.5044136047363,173.0,173.0,0.0
"CPU:Intel(R) Xeon(R) Gold 6240R,Memory:192002MiB,Cores:96",dnaseq-0,fastq-cleaner,Perfect,Realtime,203.0108642578125,74.0,74.0,0.0
"CPU:Intel(R) Xeon(R) Gold 6240R,Memory:192002MiB,Cores:96",dnaseq-0,fastq-cleaner,Perfect,Realtime,4590.344056129456,1291.0,1291.0,0.0
"CPU:Intel(R) Xeon(R) Gold 6240R,Memory:192002MiB,Cores:96",dnaseq-0,fastq-cleaner,Perfect,Realtime,6639.323947906494,3618.0,3618.0,0.0
"CPU:Intel(R) Xeon(R) Gold 6240R,Memory:192002MiB,Cores:96",dnaseq-0,fastq-cleaner,Perfect,Realtime,3565.6447715759277,1227.0,1227.0,0.0
"CPU:Intel(R) Xeon(R) Gold 6240R,Memory:192002MiB,Cores:96",dnaseq-0,fastq-cleaner,Perfect,Realtime,1729.362572669983,532.0,532.0,0.0
"CPU:Intel(R) Xeon(R) Gold 6240R,Memory:192002MiB,Cores:96",dnaseq-0,fastq-cleaner,Perfect,Realtime,5613.892818450928,1866.0,1866.0,0.0
"CPU:Intel(R) Xeon(R) Gold 6240R,Memory:192002MiB,Cores:96",dnaseq-0,fastq-cleaner,Perfect,Realtime,6639.323947906494,1656.0,1656.0,0.0
"CPU:Intel(R) Xeon(R) Gold 6240R,Memory:192002MiB,Cores:96",dnaseq-0,fastq-cleaner,Perfect,Realtime,3565.6447715759277,1226.0,1226.0,0.0
"CPU:Intel(R) Xeon(R) Gold 6240R,Memory:192002MiB,Cores:96",dnaseq-0,fastq-cleaner,Perfect,Realtime,609.9719657897949,189.0,189.0,0.0
"CPU:Intel(R) Xeon(R) Gold 6240R,Memory:192002MiB,Cores:96",dnaseq-0,fastq-cleaner,Perfect,Realtime,5613.892818450928,1783.0,1783.0,0.0
"CPU:Intel(R) Xeon(R) Gold 6240R,Memory:192002MiB,Cores:96",dnaseq-0,fastqc,Lotaru-G,Realtime,311.80230712890625,109.12045621570485,82.0,0.33073727092322985
"CPU:Intel(R) Xeon(R) Gold 6240R,Memory:192002MiB,Cores:96",dnaseq-0,fastqc,Lotaru-G,Realtime,298.1696586608887,107.56556748693941,69.0,0.5589212679266582
"CPU:Intel(R) Xeon(R) Gold 6240R,Memory:192002MiB,Cores:96",dnaseq-0,fastqc,Lotaru-G,Realtime,103.70779609680176,85.38597714651593,68.0,0.25567613450758714
"CPU:Intel(R) Xeon(R) Gold 6240R,Memory:192002MiB,Cores:96",dnaseq-0,fastqc,Lotaru-G,Realtime,311.80230712890625,109.12045621570485,69.0,0.5814558871841282
"CPU:Intel(R) Xeon(R) Gold 6240R,Memory:192002MiB,Cores:96",dnaseq-0,fastqc,Lotaru-G,Realtime,846.3378324508667,170.08757242923468,164.0,0.037119344080699286
"CPU:Intel(R) Xeon(R) Gold 6240R,Memory:192002MiB,Cores:96",dnaseq-0,fastqc,Lotaru-G,Realtime,415.2684383392334,120.92141489261392,101.0,0.19724173161003886
"CPU:Intel(R) Xeon(R) Gold 6240R,Memory:192002MiB,Cores:96",dnaseq-0,fastqc,Lotaru-G,Realtime,2246.5365028381348,329.7889786325229,427.0,0.22766047158659738
"CPU:Intel(R) Xeon(R) Gold 6240R,Memory:192002MiB,Cores:96",dnaseq-0,fastqc,Lotaru-G,Realtime,2746.927348136902,386.86168076797253,527.0,0.2659171142922722
"CPU:Intel(R) Xeon(R) Gold 6240R,Memory:192002MiB,Cores:96",dnaseq-0,fastqc,Lotaru-G,Realtime,752.9015731811523,159.43058330952545,160.0,0.0035588543154659647
"CPU:Intel(R) Xeon(R) Gold 6240R,Memory:192002MiB,Cores:96",dnaseq-0,fastqc,Lotaru-G,Realtime,2496.727758407593,358.3248544187481,315.0,0.13753922037697805
"CPU:Intel(R) Xeon(R) Gold 6240R,Memory:192002MiB,Cores:96",dnaseq-0,fastqc,Lotaru-G,Realtime,397.61913776397705,118.9084018966843,96.0,0.23862918642379474
"CPU:Intel(R) Xeon(R) Gold 6240R,Memory:192002MiB,Cores:96",dnaseq-0,fastqc,Lotaru-G,Realtime,207.1609992980957,97.18546130322606,54.0,0.7997307648745567
"CPU:Intel(R) Xeon(R) Gold 6240R,Memory:192002MiB,Cores:96",dnaseq-0,fastqc,Lotaru-G,Realtime,3391.8936738967896,460.4241196961097,436.0,0.056018623156214906
"CPU:Intel(R) Xeon(R) Gold 6240R,Memory:192002MiB,Cores:96",dnaseq-0,fastqc,Lotaru-G,Realtime,311.80230712890625,109.12045621570485,82.0,0.33073727092322985
"CPU:Intel(R) Xeon(R) Gold 6240R,Memory:192002MiB,Cores:96",dnaseq-0,fastqc,Lotaru-G,Realtime,298.1696586608887,107.56556748693941,80.0,0.34456959358674266
"CPU:Intel(R) Xeon(R) Gold 6240R,Memory:192002MiB,Cores:96",dnaseq-0,fastqc,Lotaru-G,Realtime,415.2684383392334,120.92141489261392,77.0,0.5704079856183627
"CPU:Intel(R) Xeon(R) Gold 6240R,Memory:192002MiB,Cores:96",dnaseq-0,fastqc,Lotaru-G,Realtime,103.70779609680176,85.38597714651593,47.0,0.8167229180109772
"CPU:Intel(R) Xeon(R) Gold 6240R,Memory:192002MiB,Cores:96",dnaseq-0,fastqc,Lotaru-G,Realtime,207.1609992980957,97.18546130322606,62.0,0.5675074403746139
"CPU:Intel(R) Xeon(R) Gold 6240R,Memory:192002MiB,Cores:96",dnaseq-0,fastqc,Lotaru-G,Realtime,415.2684383392334,120.92141489261392,82.0,0.4746514011294381
"CPU:Intel(R) Xeon(R) Gold 6240R,Memory:192002MiB,Cores:96",dnaseq-0,fastqc,Lotaru-G,Realtime,298.1696586608887,107.56556748693941,122.0,0.11831502059885726
"CPU:Intel(R) Xeon(R) Gold 6240R,Memory:192002MiB,Cores:96",dnaseq-0,fastqc,Lotaru-G,Realtime,203.0108642578125,96.71211247360358,44.0,1.1980025562182632
"CPU:Intel(R) Xeon(R) Gold 6240R,Memory:192002MiB,Cores:96",dnaseq-0,fastqc,Lotaru-G,Realtime,1246.1684799194336,215.69075574481423,221.0,0.02402372966147409
"CPU:Intel(R) Xeon(R) Gold 6240R,Memory:192002MiB,Cores:96",dnaseq-0,fastqc,Lotaru-G,Realtime,2246.5365028381348,329.7889786325229,447.0,0.2622170500390986
"CPU:Intel(R) Xeon(R) Gold 6240R,Memory:192002MiB,Cores:96",dnaseq-0,fastqc,Lotaru-G,Realtime,1246.1684799194336,215.69075574481423,226.0,0.0456161250229459
"CPU:Intel(R) Xeon(R) Gold 6240R,Memory:192002MiB,Cores:96",dnaseq-0,fastqc,Lotaru-G,Realtime,883.0247402191162,174.27194346439595,221.0,0.21143916984436223
"CPU:Intel(R) Xeon(R) Gold 6240R,Memory:192002MiB,Cores:96",dnaseq-0,fastqc,Lotaru-G,Realtime,198.34341430664062,96.17976064643076,86.0,0.11836930984221819
"CPU:Intel(R) Xeon(R) Gold 6240R,Memory:192002MiB,Cores:96",dnaseq-0,fastqc,Lotaru-G,Realtime,752.9015731811523,159.43058330952545,129.0,0.23589599464748406
"CPU:Intel(R) Xeon(R) Gold 6240R,Memory:192002MiB,Cores:96",dnaseq-0,fastqc,Lotaru-G,Realtime,2746.927348136902,386.86168076797253,340.0,0.13782847284697802
"CPU:Intel(R) Xeon(R) Gold 6240R,Memory:192002MiB,Cores:96",dnaseq-0,fastqc,Lotaru-G,Realtime,2866.965470314026,400.55277854939436,353.0,0.13471042081981405
"CPU:Intel(R) Xeon(R) Gold 6240R,Memory:192002MiB,Cores:96",dnaseq-0,fastqc,Lotaru-G,Realtime,846.3378324508667,170.08757242923468,181.0,0.0602896550871012
"CPU:Intel(R) Xeon(R) Gold 6240R,Memory:192002MiB,Cores:96",dnaseq-0,fastqc,Lotaru-G,Realtime,203.0108642578125,96.71211247360358,45.0,1.1491580549689684
"CPU:Intel(R) Xeon(R) Gold 6240R,Memory:192002MiB,Cores:96",dnaseq-0,fastqc,Lotaru-G,Realtime,846.3378324508667,170.08757242923468,123.0,0.38282579210759904
"CPU:Intel(R) Xeon(R) Gold 6240R,Memory:192002MiB,Cores:96",dnaseq-0,fastqc,Lotaru-G,Realtime,311.80230712890625,109.12045621570485,83.0,0.3147042917554801
"CPU:Intel(R) Xeon(R) Gold 6240R,Memory:192002MiB,Cores:96",dnaseq-0,fastqc,Lotaru-G,Realtime,2246.5365028381348,329.7889786325229,321.0,0.027379995739946768
"CPU:Intel(R) Xeon(R) Gold 6240R,Memory:192002MiB,Cores:96",dnaseq-0,fastqc,Lotaru-G,Realtime,103.70779609680176,85.38597714651593,70.0,0.2197996735216561
"CPU:Intel(R) Xeon(R) Gold 6240R,Memory:192002MiB,Cores:96",dnaseq-0,fastqc,Lotaru-G,Realtime,415.2684383392334,120.92141489261392,80.0,0.511517686157674
"CPU:Intel(R) Xeon(R) Gold 6240R,Memory:192002MiB,Cores:96",dnaseq-0,fastqc,Lotaru-G,Realtime,311.80230712890625,109.12045621570485,85.0,0.2837700731259394
"CPU:Intel(R) Xeon(R) Gold 6240R,Memory:192002MiB,Cores:96",dnaseq-0,fastqc,Lotaru-G,Realtime,721.4454488754272,155.84281580797492,189.0,0.17543483699484172
"CPU:Intel(R) Xeon(R) Gold 6240R,Memory:192002MiB,Cores:96",dnaseq-0,fastqc,Lotaru-G,Realtime,405.5044136047363,119.80776687017179,59.0,1.0306401164435897
"CPU:Intel(R) Xeon(R) Gold 6240R,Memory:192002MiB,Cores:96",dnaseq-0,fastqc,Lotaru-G,Realtime,203.0108642578125,96.71211247360358,45.0,1.1491580549689684
"CPU:Intel(R) Xeon(R) Gold 6240R,Memory:192002MiB,Cores:96",dnaseq-0,fastqc,Lotaru-G,Realtime,397.61913776397705,118.9084018966843,87.0,0.36676324019177353
"CPU:Intel(R) Xeon(R) Gold 6240R,Memory:192002MiB,Cores:96",dnaseq-0,fastqc,Lotaru-G,Realtime,198.34341430664062,96.17976064643076,94.0,0.023188943047135795
"CPU:Intel(R) Xeon(R) Gold 6240R,Memory:192002MiB,Cores:96",dnaseq-0,fastqc,Lotaru-G,Realtime,846.3378324508667,170.08757242923468,130.0,0.3083659417633437
"CPU:Intel(R) Xeon(R) Gold 6240R,Memory:192002MiB,Cores:96",dnaseq-0,fastqc,Lotaru-G,Realtime,2866.965470314026,400.55277854939436,397.0,0.008949064356157081
"CPU:Intel(R) Xeon(R) Gold 6240R,Memory:192002MiB,Cores:96",dnaseq-0,fastqc,Lotaru-G,Realtime,1559.6764736175537,251.44830109065694,200.0,0.2572415054532847
"CPU:Intel(R) Xeon(R) Gold 6240R,Memory:192002MiB,Cores:96",dnaseq-0,fastqc,Lotaru-G,Realtime,1246.1684799194336,215.69075574481423,188.0,0.1472912539617778
"CPU:Intel(R) Xeon(R) Gold 6240R,Memory:192002MiB,Cores:96",dnaseq-0,fastqc,Lotaru-G,Realtime,3391.8936738967896,460.4241196961097,665.0,0.307632902712617
"CPU:Intel(R) Xeon(R) Gold 6240R,Memory:192002MiB,Cores:96",dnaseq-0,fastqc,Lotaru-G,Realtime,1496.0746879577637,244.19412007925857,193.0,0.26525450818268687
"CPU:Intel(R) Xeon(R) Gold 6240R,Memory:192002MiB,Cores:96",dnaseq-0,fastqc,Lotaru-G,Realtime,1496.0746879577637,244.19412007925857,262.0,0.06796137374328791
"CPU:Intel(R) Xeon(R) Gold 6240R,Memory:192002MiB,Cores:96",dnaseq-0,fastqc,Lotaru-G,Realtime,405.5044136047363,119.80776687017179,53.0,1.2605239032107884
"CPU:Intel(R) Xeon(R) Gold 6240R,Memory:192002MiB,Cores:96",dnaseq-0,fastqc,Lotaru-G,Realtime,883.0247402191162,174.27194346439595,201.0,0.13297540564977142
"CPU:Intel(R) Xeon(R) Gold 6240R,Memory:192002MiB,Cores:96",dnaseq-0,fastqc,Lotaru-G,Realtime,198.34341430664062,96.17976064643076,88.0,0.09295182552762232
"CPU:Intel(R) Xeon(R) Gold 6240R,Memory:192002MiB,Cores:96",dnaseq-0,fastqc,Lotaru-A,Realtime,311.80230712890625,171.07819801463484,82.0,1.0863194879833518
"CPU:Intel(R) Xeon(R) Gold 6240R,Memory:192002MiB,Cores:96",dnaseq-0,fastqc,Lotaru-A,Realtime,298.1696586608887,168.6404556237432,69.0,1.4440645742571478
"CPU:Intel(R) Xeon(R) Gold 6240R,Memory:192002MiB,Cores:96",dnaseq-0,fastqc,Lotaru-A,Realtime,103.70779609680176,133.86746731583375,68.0,0.9686392252328493
"CPU:Intel(R) Xeon(R) Gold 6240R,Memory:192002MiB,Cores:96",dnaseq-0,fastqc,Lotaru-A,Realtime,311.80230712890625,171.07819801463484,69.0,1.4793941741251426
"CPU:Intel(R) Xeon(R) Gold 6240R,Memory:192002MiB,Cores:96",dnaseq-0,fastqc,Lotaru-A,Realtime,846.3378324508667,266.66196609696055,164.0,0.6259875981521985
"CPU:Intel(R) Xeon(R) Gold 6240R,Memory:192002MiB,Cores:96",dnaseq-0,fastqc,Lotaru-A,Realtime,415.2684383392334,189.57964875362296,101.0,0.8770262252833957
"CPU:Intel(R) Xeon(R) Gold 6240R,Memory:192002MiB,Cores:96",dnaseq-0,fastqc,Lotaru-A,Realtime,2246.5365028381348,517.0405819969334,427.0,0.21086787352911798
"CPU:Intel(R) Xeon(R) Gold 6240R,Memory:192002MiB,Cores:96",dnaseq-0,fastqc,Lotaru-A,Realtime,2746.927348136902,606.5187181390502,527.0,0.1508894082334918
"CPU:Intel(R) Xeon(R) Gold 6240R,Memory:192002MiB,Cores:96",dnaseq-0,fastqc,Lotaru-A,Realtime,752.9015731811523,249.95402188476407,160.0,0.5622126367797755
"CPU:Intel(R) Xeon(R) Gold 6240R,Memory:192002MiB,Cores:96",dnaseq-0,fastqc,Lotaru-A,Realtime,2496.727758407593,561.778904925373,315.0,0.7834250950011842
"CPU:Intel(R) Xeon(R) Gold 6240R,Memory:192002MiB,Cores:96",dnaseq-0,fastqc,Lotaru-A,Realtime,397.61913776397705,186.4236627188604,96.0,0.9419131533214626
"CPU:Intel(R) Xeon(R) Gold 6240R,Memory:192002MiB,Cores:96",dnaseq-0,fastqc,Lotaru-A,Realtime,207.1609992980957,152.36660631358362,54.0,1.8216038206219187
"CPU:Intel(R) Xeon(R) Gold 6240R,Memory:192002MiB,Cores:96",dnaseq-0,fastqc,Lotaru-A,Realtime,3391.8936738967896,721.8493346873347,436.0,0.6556177401085659
"CPU:Intel(R) Xeon(R) Gold 6240R,Memory:192002MiB,Cores:96",dnaseq-0,fastqc,Lotaru-A,Realtime,311.80230712890625,171.07819801463484,82.0,1.0863194879833518
"CPU:Intel(R) Xeon(R) Gold 6240R,Memory:192002MiB,Cores:96",dnaseq-0,fastqc,Lotaru-A,Realtime,298.1696586608887,168.6404556237432,80.0,1.10800569529679
"CPU:Intel(R) Xeon(R) Gold 6240R,Memory:192002MiB,Cores:96",dnaseq-0,fastqc,Lotaru-A,Realtime,415.2684383392334,189.57964875362296,77.0,1.4620733604366618
"CPU:Intel(R) Xeon(R) Gold 6240R,Memory:192002MiB,Cores:96",dnaseq-0,fastqc,Lotaru-A,Realtime,103.70779609680176,133.86746731583375,47.0,1.8482439854432713
"CPU:Intel(R) Xeon(R) Gold 6240R,Memory:192002MiB,Cores:96",dnaseq-0,fastqc,Lotaru-A,Realtime,207.1609992980957,152.36660631358362,62.0,1.4575259082836067
"CPU:Intel(R) Xeon(R) Gold 6240R,Memory:192002MiB,Cores:96",dnaseq-0,fastqc,Lotaru-A,Realtime,415.2684383392334,189.57964875362296,82.0,1.3119469360197922
"CPU:Intel(R) Xeon(R) Gold 6240R,Memory:192002MiB,Cores:96",dnaseq-0,fastqc,Lotaru-A,Realtime,298.1696586608887,168.6404556237432,122.0,0.3822988165880591
"CPU:Intel(R) Xeon(R) Gold 6240R,Memory:192002MiB,Cores:96",dnaseq-0,fastqc,Lotaru-A,Realtime,203.0108642578125,151.62449371973528,44.0,2.4460112209030744
"CPU:Intel(R) Xeon(R) Gold 6240R,Memory:192002MiB,Cores:96",dnaseq-0,fastqc,Lotaru-A,Realtime,1246.1684799194336,338.1582803163431,221.0,0.5301279652323218
"CPU:Intel(R) Xeon(R) Gold 6240R,Memory:192002MiB,Cores:96",dnaseq-0,fastqc,Lotaru-A,Realtime,2246.5365028381348,517.0405819969334,447.0,0.1566903400378823
"CPU:Intel(R) Xeon(R) Gold 6240R,Memory:192002MiB,Cores:96",dnaseq-0,fastqc,Lotaru-A,Realtime,1246.1684799194336,338.1582803163431,226.0,0.4962755766209872
"CPU:Intel(R) Xeon(R) Gold 6240R,Memory:192002MiB,Cores:96",dnaseq-0,fastqc,Lotaru-A,Realtime,883.0247402191162,273.2221902872347,221.0,0.23629950356214793
"CPU:Intel(R) Xeon(R) Gold 6240R,Memory:192002MiB,Cores:96",dnaseq-0,fastqc,Lotaru-A,Realtime,198.34341430664062,150.78987668768684,86.0,0.7533706591591494
"CPU:Intel(R) Xeon(R) Gold 6240R,Memory:192002MiB,Cores:96",dnaseq-0,fastqc,Lotaru-A,Realtime,752.9015731811523,249.95402188476407,129.0,0.937628076626078
"CPU:Intel(R) Xeon(R) Gold 6240R,Memory:192002MiB,Cores:96",dnaseq-0,fastqc,Lotaru-A,Realtime,2746.927348136902,606.5187181390502,340.0,0.7838785827619122
"CPU:Intel(R) Xeon(R) Gold 6240R,Memory:192002MiB,Cores:96",dnaseq-0,fastqc,Lotaru-A,Realtime,2866.965470314026,627.9835141866193,353.0,0.778990125174559
"CPU:Intel(R) Xeon(R) Gold 6240R,Memory:192002MiB,Cores:96",dnaseq-0,fastqc,Lotaru-A,Realtime,846.3378324508667,266.66196609696055,181.0,0.473270530922434
"CPU:Intel(R) Xeon(R) Gold 6240R,Memory:192002MiB,Cores:96",dnaseq-0,fastqc,Lotaru-A,Realtime,203.0108642578125,151.62449371973528,45.0,2.3694331937718953
"CPU:Intel(R) Xeon(R) Gold 6240R,Memory:192002MiB,Cores:96",dnaseq-0,fastqc,Lotaru-A,Realtime,846.3378324508667,266.66196609696055,123.0,1.1679834642029314
"CPU:Intel(R) Xeon(R) Gold 6240R,Memory:192002MiB,Cores:96",dnaseq-0,fastqc,Lotaru-A,Realtime,311.80230712890625,171.07819801463484,83.0,1.0611831086100583
"CPU:Intel(R) Xeon(R) Gold 6240R,Memory:192002MiB,Cores:96",dnaseq-0,fastqc,Lotaru-A,Realtime,2246.5365028381348,517.0405819969334,321.0,0.6107183239779856
"CPU:Intel(R) Xeon(R) Gold 6240R,Memory:192002MiB,Cores:96",dnaseq-0,fastqc,Lotaru-A,Realtime,103.70779609680176,133.86746731583375,70.0,0.9123923902261964
"CPU:Intel(R) Xeon(R) Gold 6240R,Memory:192002MiB,Cores:96",dnaseq-0,fastqc,Lotaru-A,Realtime,415.2684383392334,189.57964875362296,80.0,1.3697456094202871
"CPU:Intel(R) Xeon(R) Gold 6240R,Memory:192002MiB,Cores:96",dnaseq-0,fastqc,Lotaru-A,Realtime,311.80230712890625,171.07819801463484,85.0,1.0126846825251157
"CPU:Intel(R) Xeon(R) Gold 6240R,Memory:192002MiB,Cores:96",dnaseq-0,fastqc,Lotaru-A,Realtime,721.4454488754272,244.3291480494914,189.0,0.2927468150766741
"CPU:Intel(R) Xeon(R) Gold 6240R,Memory:192002MiB,Cores:96",dnaseq-0,fastqc,Lotaru-A,Realtime,405.5044136047363,187.83368009193273,59.0,2.1836216964734363
"CPU:Intel(R) Xeon(R) Gold 6240R,Memory:192002MiB,Cores:96",dnaseq-0,fastqc,Lotaru-A,Realtime,203.0108642578125,151.62449371973528,45.0,2.3694331937718953
"CPU:Intel(R) Xeon(R) Gold 6240R,Memory:192002MiB,Cores:96",dnaseq-0,fastqc,Lotaru-A,Realtime,397.61913776397705,186.4236627188604,87.0,1.1428007209064415
"CPU:Intel(R) Xeon(R) Gold 6240R,Memory:192002MiB,Cores:96",dnaseq-0,fastqc,Lotaru-A,Realtime,198.34341430664062,150.78987668768684,94.0,0.604147624337094
"CPU:Intel(R) Xeon(R) Gold 6240R,Memory:192002MiB,Cores:96",dnaseq-0,fastqc,Lotaru-A,Realtime,846.3378324508667,266.66196609696055,130.0,1.0512458930535427
"CPU:Intel(R) Xeon(R) Gold 6240R,Memory:192002MiB,Cores:96",dnaseq-0,fastqc,Lotaru-A,Realtime,2866.965470314026,627.9835141866193,397.0,0.5818224538705777
"CPU:Intel(R) Xeon(R) Gold 6240R,Memory:192002MiB,Cores:96",dnaseq-0,fastqc,Lotaru-A,Realtime,1559.6764736175537,394.2186803122968,200.0,0.9710934015614839
"CPU:Intel(R) Xeon(R) Gold 6240R,Memory:192002MiB,Cores:96",dnaseq-0,fastqc,Lotaru-A,Realtime,1246.1684799194336,338.1582803163431,188.0,0.7987142570018251
"CPU:Intel(R) Xeon(R) Gold 6240R,Memory:192002MiB,Cores:96",dnaseq-0,fastqc,Lotaru-A,Realtime,3391.8936738967896,721.8493346873347,665.0,0.0854877213343379
"CPU:Intel(R) Xeon(R) Gold 6240R,Memory:192002MiB,Cores:96",dnaseq-0,fastqc,Lotaru-A,Realtime,1496.0746879577637,382.8456320448959,193.0,0.983656124584953
"CPU:Intel(R) Xeon(R) Gold 6240R,Memory:192002MiB,Cores:96",dnaseq-0,fastqc,Lotaru-A,Realtime,1496.0746879577637,382.8456320448959,262.0,0.4612428704003661
"CPU:Intel(R) Xeon(R) Gold 6240R,Memory:192002MiB,Cores:96",dnaseq-0,fastqc,Lotaru-A,Realtime,405.5044136047363,187.83368009193273,53.0,2.5440316998477877
"CPU:Intel(R) Xeon(R) Gold 6240R,Memory:192002MiB,Cores:96",dnaseq-0,fastqc,Lotaru-A,Realtime,883.0247402191162,273.2221902872347,201.0,0.35931437953848105
"CPU:Intel(R) Xeon(R) Gold 6240R,Memory:192002MiB,Cores:96",dnaseq-0,fastqc,Lotaru-A,Realtime,198.34341430664062,150.78987668768684,88.0,0.7135213259964414
"CPU:Intel(R) Xeon(R) Gold 6240R,Memory:192002MiB,Cores:96",dnaseq-0,fastqc,OnlineP,Realtime,311.80230712890625,100.0,82.0,0.21951219512195122
"CPU:Intel(R) Xeon(R) Gold 6240R,Memory:192002MiB,Cores:96",dnaseq-0,fastqc,OnlineP,Realtime,298.1696586608887,95.62779102132123,69.0,0.38591001480175696
"CPU:Intel(R) Xeon(R) Gold 6240R,Memory:192002MiB,Cores:96",dnaseq-0,fastqc,OnlineP,Realtime,103.70779609680176,19.41224311361853,68.0,0.7145258365644334
"CPU:Intel(R) Xeon(R) Gold 6240R,Memory:192002MiB,Cores:96",dnaseq-0,fastqc,OnlineP,Realtime,311.80230712890625,100.0,69.0,0.4492753623188406
"CPU:Intel(R) Xeon(R) Gold 6240R,Memory:192002MiB,Cores:96",dnaseq-0,fastqc,OnlineP,Realtime,846.3378324508667,143.94404541382463,164.0,0.12229240601326448
"CPU:Intel(R) Xeon(R) Gold 6240R,Memory:192002MiB,Cores:96",dnaseq-0,fastqc,OnlineP,Realtime,415.2684383392334,133.18324747595656,101.0,0.31864601461343134
"CPU:Intel(R) Xeon(R) Gold 6240R,Memory:192002MiB,Cores:96",dnaseq-0,fastqc,OnlineP,Realtime,2246.5365028381348,320.32607172215904,427.0,0.24982184608393668
"CPU:Intel(R) Xeon(R) Gold 6240R,Memory:192002MiB,Cores:96",dnaseq-0,fastqc,OnlineP,Realtime,2746.927348136902,317.0,527.0,0.3984819734345351
"CPU:Intel(R) Xeon(R) Gold 6240R,Memory:192002MiB,Cores:96",dnaseq-0,fastqc,OnlineP,Realtime,752.9015731811523,241.4676081501493,160.0,0.509172550938433
"CPU:Intel(R) Xeon(R) Gold 6240R,Memory:192002MiB,Cores:96",dnaseq-0,fastqc,OnlineP,Realtime,2496.727758407593,356.0,315.0,0.13015873015873017
"CPU:Intel(R) Xeon(R) Gold 6240R,Memory:192002MiB,Cores:96",dnaseq-0,fastqc,OnlineP,Realtime,397.61913776397705,127.52283375491258,96.0,0.32836285161367273
"CPU:Intel(R) Xeon(R) Gold 6240R,Memory:192002MiB,Cores:96",dnaseq-0,fastqc,OnlineP,Realtime,207.1609992980957,38.77683099427864,54.0,0.28191053714298814
"CPU:Intel(R) Xeon(R) Gold 6240R,Memory:192002MiB,Cores:96",dnaseq-0,fastqc,OnlineP,Realtime,3391.8936738967896,358.0,436.0,0.17889908256880735
"CPU:Intel(R) Xeon(R) Gold 6240R,Memory:192002MiB,Cores:96",dnaseq-0,fastqc,OnlineP,Realtime,311.80230712890625,100.0,82.0,0.21951219512195122
"CPU:Intel(R) Xeon(R) Gold 6240R,Memory:192002MiB,Cores:96",dnaseq-0,fastqc,OnlineP,Realtime,298.1696586608887,95.62779102132123,80.0,0.19534738776651536
"CPU:Intel(R) Xeon(R) Gold 6240R,Memory:192002MiB,Cores:96",dnaseq-0,fastqc,OnlineP,Realtime,415.2684383392334,133.18324747595656,77.0,0.7296525646228125
"CPU:Intel(R) Xeon(R) Gold 6240R,Memory:192002MiB,Cores:96",dnaseq-0,fastqc,OnlineP,Realtime,103.70779609680176,19.41224311361853,47.0,0.5869735507740739
"CPU:Intel(R) Xeon(R) Gold 6240R,Memory:192002MiB,Cores:96",dnaseq-0,fastqc,OnlineP,Realtime,207.1609992980957,38.77683099427864,62.0,0.37456724202776387
"CPU:Intel(R) Xeon(R) Gold 6240R,Memory:192002MiB,Cores:96",dnaseq-0,fastqc,OnlineP,Realtime,415.2684383392334,133.18324747595656,82.0,0.6241859448287386
"CPU:Intel(R) Xeon(R) Gold 6240R,Memory:192002MiB,Cores:96",dnaseq-0,fastqc,OnlineP,Realtime,298.1696586608887,95.62779102132123,122.0,0.21616564736621943
"CPU:Intel(R) Xeon(R) Gold 6240R,Memory:192002MiB,Cores:96",dnaseq-0,fastqc,OnlineP,Realtime,203.0108642578125,38.0,44.0,0.13636363636363635
"CPU:Intel(R) Xeon(R) Gold 6240R,Memory:192002MiB,Cores:96",dnaseq-0,fastqc,OnlineP,Realtime,1246.1684799194336,211.9467255142625,221.0,0.04096504292188909
"CPU:Intel(R) Xeon(R) Gold 6240R,Memory:192002MiB,Cores:96",dnaseq-0,fastqc,OnlineP,Realtime,2246.5365028381348,320.32607172215904,447.0,0.28338686415624376
"CPU:Intel(R) Xeon(R) Gold 6240R,Memory:192002MiB,Cores:96",dnaseq-0,fastqc,OnlineP,Realtime,1246.1684799194336,211.9467255142625,226.0,0.062182630467865
"CPU:Intel(R) Xeon(R) Gold 6240R,Memory:192002MiB,Cores:96",dnaseq-0,fastqc,OnlineP,Realtime,883.0247402191162,150.1837073022612,221.0,0.3204357135644289
"CPU:Intel(R) Xeon(R) Gold 6240R,Memory:192002MiB,Cores:96",dnaseq-0,fastqc,OnlineP,Realtime,198.34341430664062,37.12633691407131,86.0,0.568298407975915
"CPU:Intel(R) Xeon(R) Gold 6240R,Memory:192002MiB,Cores:96",dnaseq-0,fastqc,OnlineP,Realtime,752.9015731811523,241.4676081501493,129.0,0.8718419236445681
"CPU:Intel(R) Xeon(R) Gold 6240R,Memory:192002MiB,Cores:96",dnaseq-0,fastqc,OnlineP,Realtime,2746.927348136902,317.0,340.0,0.06764705882352941
"CPU:Intel(R) Xeon(R) Gold 6240R,Memory:192002MiB,Cores:96",dnaseq-0,fastqc,OnlineP,Realtime,2866.965470314026,330.85259961678895,353.0,0.06274051100059787
"CPU:Intel(R) Xeon(R) Gold 6240R,Memory:192002MiB,Cores:96",dnaseq-0,fastqc,OnlineP,Realtime,846.3378324508667,143.94404541382463,181.0,0.20472903086284738
"CPU:Intel(R) Xeon(R) Gold 6240R,Memory:192002MiB,Cores:96",dnaseq-0,fastqc,OnlineP,Realtime,203.0108642578125,38.0,45.0,0.15555555555555556
"CPU:Intel(R) Xeon(R) Gold 6240R,Memory:192002MiB,Cores:96",dnaseq-0,fastqc,OnlineP,Realtime,846.3378324508667,143.94404541382463,123.0,0.17027679198231402
"CPU:Intel(R) Xeon(R) Gold 6240R,Memory:192002MiB,Cores:96",dnaseq-0,fastqc,OnlineP,Realtime,311.80230712890625,100.0,83.0,0.20481927710843373
"CPU:Intel(R) Xeon(R) Gold 6240R,Memory:192002MiB,Cores:96",dnaseq-0,fastqc,OnlineP,Realtime,2246.5365028381348,320.32607172215904,321.0,0.0020994650400029827
"CPU:Intel(R) Xeon(R) Gold 6240R,Memory:192002MiB,Cores:96",dnaseq-0,fastqc,OnlineP,Realtime,103.70779609680176,19.41224311361853,70.0,0.722682241234021
"CPU:Intel(R) Xeon(R) Gold 6240R,Memory:192002MiB,Cores:96",dnaseq-0,fastqc,OnlineP,Realtime,415.2684383392334,133.18324747595656,80.0,0.664790593449457
"CPU:Intel(R) Xeon(R) Gold 6240R,Memory:192002MiB,Cores:96",dnaseq-0,fastqc,OnlineP,Realtime,311.80230712890625,100.0,85.0,0.17647058823529413
"CPU:Intel(R) Xeon(R) Gold 6240R,Memory:192002MiB,Cores:96",dnaseq-0,fastqc,OnlineP,Realtime,721.4454488754272,231.3791246506605,189.0,0.22422817275481738
"CPU:Intel(R) Xeon(R) Gold 6240R,Memory:192002MiB,Cores:96",dnaseq-0,fastqc,OnlineP,Realtime,405.5044136047363,130.05176816638868,59.0,1.2042672570574353
"CPU:Intel(R) Xeon(R) Gold 6240R,Memory:192002MiB,Cores:96",dnaseq-0,fastqc,OnlineP,Realtime,203.0108642578125,38.0,45.0,0.15555555555555556
"CPU:Intel(R) Xeon(R) Gold 6240R,Memory:192002MiB,Cores:96",dnaseq-0,fastqc,OnlineP,Realtime,397.61913776397705,127.52283375491258,87.0,0.4657796983323285
"CPU:Intel(R) Xeon(R) Gold 6240R,Memory:192002MiB,Cores:96",dnaseq-0,fastqc,OnlineP,Realtime,198.34341430664062,37.12633691407131,94.0,0.6050389689992414
"CPU:Intel(R) Xeon(R) Gold 6240R,Memory:192002MiB,Cores:96",dnaseq-0,fastqc,OnlineP,Realtime,846.3378324508667,143.94404541382463,130.0,0.10726188779865097
"CPU:Intel(R) Xeon(R) Gold 6240R,Memory:192002MiB,Cores:96",dnaseq-0,fastqc,OnlineP,Realtime,2866.965470314026,330.85259961678895,397.0,0.16661813698541827
"CPU:Intel(R) Xeon(R) Gold 6240R,Memory:192002MiB,Cores:96",dnaseq-0,fastqc,OnlineP,Realtime,1559.6764736175537,265.2677601557088,200.0,0.326338800778544
"CPU:Intel(R) Xeon(R) Gold 6240R,Memory:192002MiB,Cores:96",dnaseq-0,fastqc,OnlineP,Realtime,1246.1684799194336,211.9467255142625,188.0,0.12737619954394952
"CPU:Intel(R) Xeon(R) Gold 6240R,Memory:192002MiB,Cores:96",dnaseq-0,fastqc,OnlineP,Realtime,3391.8936738967896,358.0,665.0,0.4616541353383459
"CPU:Intel(R) Xeon(R) Gold 6240R,Memory:192002MiB,Cores:96",dnaseq-0,fastqc,OnlineP,Realtime,1496.0746879577637,254.4504505987186,193.0,0.31839611709180615
"CPU:Intel(R) Xeon(R) Gold 6240R,Memory:192002MiB,Cores:96",dnaseq-0,fastqc,OnlineP,Realtime,1496.0746879577637,254.4504505987186,262.0,0.028815074050692408
"CPU:Intel(R) Xeon(R) Gold 6240R,Memory:192002MiB,Cores:96",dnaseq-0,fastqc,OnlineP,Realtime,405.5044136047363,130.05176816638868,53.0,1.4538069465356356
"CPU:Intel(R) Xeon(R) Gold 6240R,Memory:192002MiB,Cores:96",dnaseq-0,fastqc,OnlineP,Realtime,883.0247402191162,150.1837073022612,201.0,0.2528173766056656
"CPU:Intel(R) Xeon(R) Gold 6240R,Memory:192002MiB,Cores:96",dnaseq-0,fastqc,OnlineP,Realtime,198.34341430664062,37.12633691407131,88.0,0.5781098077946442
"CPU:Intel(R) Xeon(R) Gold 6240R,Memory:192002MiB,Cores:96",dnaseq-0,fastqc,Naive,Realtime,311.80230712890625,54.124250579746835,82.0,0.33994816366162395
"CPU:Intel(R) Xeon(R) Gold 6240R,Memory:192002MiB,Cores:96",dnaseq-0,fastqc,Naive,Realtime,298.1696586608887,51.75782523625655,69.0,0.24988659077889058
"CPU:Intel(R) Xeon(R) Gold 6240R,Memory:192002MiB,Cores:96",dnaseq-0,fastqc,Naive,Realtime,103.70779609680176,18.002133450205683,68.0,0.7352627433793282
"CPU:Intel(R) Xeon(R) Gold 6240R,Memory:192002MiB,Cores:96",dnaseq-0,fastqc,Naive,Realtime,311.80230712890625,54.124250579746835,69.0,0.21559057130801687
"CPU:Intel(R) Xeon(R) Gold 6240R,Memory:192002MiB,Cores:96",dnaseq-0,fastqc,Naive,Realtime,846.3378324508667,146.91168048269978,164.0,0.10419707022744037
"CPU:Intel(R) Xeon(R) Gold 6240R,Memory:192002MiB,Cores:96",dnaseq-0,fastqc,Naive,Realtime,415.2684383392334,72.0844345941311,101.0,0.2862927267907812
"CPU:Intel(R) Xeon(R) Gold 6240R,Memory:192002MiB,Cores:96",dnaseq-0,fastqc,Naive,Realtime,2246.5365028381348,389.96537817755905,427.0,0.08673213541555258
"CPU:Intel(R) Xeon(R) Gold 6240R,Memory:192002MiB,Cores:96",dnaseq-0,fastqc,Naive,Realtime,2746.927348136902,476.8257986412375,527.0,0.09520721320448293
"CPU:Intel(R) Xeon(R) Gold 6240R,Memory:192002MiB,Cores:96",dnaseq-0,fastqc,Naive,Realtime,752.9015731811523,130.692533304108,160.0,0.183171666849325
"CPU:Intel(R) Xeon(R) Gold 6240R,Memory:192002MiB,Cores:96",dnaseq-0,fastqc,Naive,Realtime,2496.727758407593,433.3948650662,315.0,0.375856714495873
"CPU:Intel(R) Xeon(R) Gold 6240R,Memory:192002MiB,Cores:96",dnaseq-0,fastqc,Naive,Realtime,397.61913776397705,69.02077808790287,96.0,0.2810335615843451
"CPU:Intel(R) Xeon(R) Gold 6240R,Memory:192002MiB,Cores:96",dnaseq-0,fastqc,Naive,Realtime,207.1609992980957,35.96007335418917,54.0,0.33407271566316354
"CPU:Intel(R) Xeon(R) Gold 6240R,Memory:192002MiB,Cores:96",dnaseq-0,fastqc,Naive,Realtime,3391.8936738967896,588.7823757184394,436.0,0.3504182929322005
"CPU:Intel(R) Xeon(R) Gold 6240R,Memory:192002MiB,Cores:96",dnaseq-0,fastqc,Naive,Realtime,311.80230712890625,54.124250579746835,82.0,0.33994816366162395
"CPU:Intel(R) Xeon(R) Gold 6240R,Memory:192002MiB,Cores:96",dnaseq-0,fastqc,Naive,Realtime,298.1696586608887,51.75782523625655,80.0,0.3530271845467931
"CPU:Intel(R) Xeon(R) Gold 6240R,Memory:192002MiB,Cores:96",dnaseq-0,fastqc,Naive,Realtime,415.2684383392334,72.0844345941311,77.0,0.06383851176453122
"CPU:Intel(R) Xeon(R) Gold 6240R,Memory:192002MiB,Cores:96",dnaseq-0,fastqc,Naive,Realtime,103.70779609680176,18.002133450205683,47.0,0.6169758840381769
"CPU:Intel(R) Xeon(R) Gold 6240R,Memory:192002MiB,Cores:96",dnaseq-0,fastqc,Naive,Realtime,207.1609992980957,35.96007335418917,62.0,0.4199988168679166
"CPU:Intel(R) Xeon(R) Gold 6240R,Memory:192002MiB,Cores:96",dnaseq-0,fastqc,Naive,Realtime,415.2684383392334,72.0844345941311,82.0,0.12092152933986468
"CPU:Intel(R) Xeon(R) Gold 6240R,Memory:192002MiB,Cores:96",dnaseq-0,fastqc,Naive,Realtime,298.1696586608887,51.75782523625655,122.0,0.5757555308503561
"CPU:Intel(R) Xeon(R) Gold 6240R,Memory:192002MiB,Cores:96",dnaseq-0,fastqc,Naive,Realtime,203.0108642578125,35.23967153635653,44.0,0.19909837417371518
"CPU:Intel(R) Xeon(R) Gold 6240R,Memory:192002MiB,Cores:96",dnaseq-0,fastqc,Naive,Realtime,1246.1684799194336,216.3163438167156,221.0,0.021193014404001804
"CPU:Intel(R) Xeon(R) Gold 6240R,Memory:192002MiB,Cores:96",dnaseq-0,fastqc,Naive,Realtime,2246.5365028381348,389.96537817755905,447.0,0.12759423226496858
"CPU:Intel(R) Xeon(R) Gold 6240R,Memory:192002MiB,Cores:96",dnaseq-0,fastqc,Naive,Realtime,1246.1684799194336,216.3163438167156,226.0,0.042848036209223
"CPU:Intel(R) Xeon(R) Gold 6240R,Memory:192002MiB,Cores:96",dnaseq-0,fastqc,Naive,Realtime,883.0247402191162,153.2799829090955,221.0,0.3064254167009253
"CPU:Intel(R) Xeon(R) Gold 6240R,Memory:192002MiB,Cores:96",dnaseq-0,fastqc,Naive,Realtime,198.34341430664062,34.42947153157846,86.0,0.5996573077723435
"CPU:Intel(R) Xeon(R) Gold 6240R,Memory:192002MiB,Cores:96",dnaseq-0,fastqc,Naive,Realtime,752.9015731811523,130.692533304108,129.0,0.01312041321013951
"CPU:Intel(R) Xeon(R) Gold 6240R,Memory:192002MiB,Cores:96",dnaseq-0,fastqc,Naive,Realtime,2746.927348136902,476.8257986412375,340.0,0.4024288195330515
"CPU:Intel(R) Xeon(R) Gold 6240R,Memory:192002MiB,Cores:96",dnaseq-0,fastqc,Naive,Realtime,2866.965470314026,497.66263421074126,353.0,0.40980916207008855
"CPU:Intel(R) Xeon(R) Gold 6240R,Memory:192002MiB,Cores:96",dnaseq-0,fastqc,Naive,Realtime,846.3378324508667,146.91168048269978,181.0,0.18833325700165868
"CPU:Intel(R) Xeon(R) Gold 6240R,Memory:192002MiB,Cores:96",dnaseq-0,fastqc,Naive,Realtime,203.0108642578125,35.23967153635653,45.0,0.21689618808096595
"CPU:Intel(R) Xeon(R) Gold 6240R,Memory:192002MiB,Cores:96",dnaseq-0,fastqc,Naive,Realtime,846.3378324508667,146.91168048269978,123.0,0.19440390636341284
"CPU:Intel(R) Xeon(R) Gold 6240R,Memory:192002MiB,Cores:96",dnaseq-0,fastqc,Naive,Realtime,311.80230712890625,54.124250579746835,83.0,0.34790059542473695
"CPU:Intel(R) Xeon(R) Gold 6240R,Memory:192002MiB,Cores:96",dnaseq-0,fastqc,Naive,Realtime,2246.5365028381348,389.96537817755905,321.0,0.2148454148833615
"CPU:Intel(R) Xeon(R) Gold 6240R,Memory:192002MiB,Cores:96",dnaseq-0,fastqc,Naive,Realtime,103.70779609680176,18.002133450205683,70.0,0.7428266649970616
"CPU:Intel(R) Xeon(R) Gold 6240R,Memory:192002MiB,Cores:96",dnaseq-0,fastqc,Naive,Realtime,415.2684383392334,72.0844345941311,80.0,0.0989445675733613
"CPU:Intel(R) Xeon(R) Gold 6240R,Memory:192002MiB,Cores:96",dnaseq-0,fastqc,Naive,Realtime,311.80230712890625,54.124250579746835,85.0,0.3632441108265078
"CPU:Intel(R) Xeon(R) Gold 6240R,Memory:192002MiB,Cores:96",dnaseq-0,fastqc,Naive,Realtime,721.4454488754272,125.23221721514827,189.0,0.3373956761103266
"CPU:Intel(R) Xeon(R) Gold 6240R,Memory:192002MiB,Cores:96",dnaseq-0,fastqc,Naive,Realtime,405.5044136047363,70.38954488576763,59.0,0.19304313365707854
"CPU:Intel(R) Xeon(R) Gold 6240R,Memory:192002MiB,Cores:96",dnaseq-0,fastqc,Naive,Realtime,203.0108642578125,35.23967153635653,45.0,0.21689618808096595
"CPU:Intel(R) Xeon(R) Gold 6240R,Memory:192002MiB,Cores:96",dnaseq-0,fastqc,Naive,Realtime,397.61913776397705,69.02077808790287,87.0,0.20665772312755323
"CPU:Intel(R) Xeon(R) Gold 6240R,Memory:192002MiB,Cores:96",dnaseq-0,fastqc,Naive,Realtime,198.34341430664062,34.42947153157846,94.0,0.6337290262598037
"CPU:Intel(R) Xeon(R) Gold 6240R,Memory:192002MiB,Cores:96",dnaseq-0,fastqc,Naive,Realtime,846.3378324508667,146.91168048269978,130.0,0.13008984986692138
"CPU:Intel(R) Xeon(R) Gold 6240R,Memory:192002MiB,Cores:96",dnaseq-0,fastqc,Naive,Realtime,2866.965470314026,497.66263421074126,397.0,0.25355827257113667
"CPU:Intel(R) Xeon(R) Gold 6240R,Memory:192002MiB,Cores:96",dnaseq-0,fastqc,Naive,Realtime,1559.6764736175537,270.7366762572181,200.0,0.35368338128609056
"CPU:Intel(R) Xeon(R) Gold 6240R,Memory:192002MiB,Cores:96",dnaseq-0,fastqc,Naive,Realtime,1246.1684799194336,216.3163438167156,188.0,0.15061885008891276
"CPU:Intel(R) Xeon(R) Gold 6240R,Memory:192002MiB,Cores:96",dnaseq-0,fastqc,Naive,Realtime,3391.8936738967896,588.7823757184394,665.0,0.11461296884445199
"CPU:Intel(R) Xeon(R) Gold 6240R,Memory:192002MiB,Cores:96",dnaseq-0,fastqc,Naive,Realtime,1496.0746879577637,259.6963506866101,193.0,0.34557694656274673
"CPU:Intel(R) Xeon(R) Gold 6240R,Memory:192002MiB,Cores:96",dnaseq-0,fastqc,Naive,Realtime,1496.0746879577637,259.6963506866101,262.0,0.008792554631259095
"CPU:Intel(R) Xeon(R) Gold 6240R,Memory:192002MiB,Cores:96",dnaseq-0,fastqc,Naive,Realtime,405.5044136047363,70.38954488576763,53.0,0.3281046204861818
"CPU:Intel(R) Xeon(R) Gold 6240R,Memory:192002MiB,Cores:96",dnaseq-0,fastqc,Naive,Realtime,883.0247402191162,153.2799829090955,201.0,0.23741302035275866
"CPU:Intel(R) Xeon(R) Gold 6240R,Memory:192002MiB,Cores:96",dnaseq-0,fastqc,Naive,Realtime,198.34341430664062,34.42947153157846,88.0,0.608756005322972
"CPU:Intel(R) Xeon(R) Gold 6240R,Memory:192002MiB,Cores:96",dnaseq-0,fastqc,Perfect,Realtime,311.80230712890625,82.0,82.0,0.0
"CPU:Intel(R) Xeon(R) Gold 6240R,Memory:192002MiB,Cores:96",dnaseq-0,fastqc,Perfect,Realtime,298.1696586608887,69.0,69.0,0.0
"CPU:Intel(R) Xeon(R) Gold 6240R,Memory:192002MiB,Cores:96",dnaseq-0,fastqc,Perfect,Realtime,103.70779609680176,68.0,68.0,0.0
"CPU:Intel(R) Xeon(R) Gold 6240R,Memory:192002MiB,Cores:96",dnaseq-0,fastqc,Perfect,Realtime,311.80230712890625,69.0,69.0,0.0
"CPU:Intel(R) Xeon(R) Gold 6240R,Memory:192002MiB,Cores:96",dnaseq-0,fastqc,Perfect,Realtime,846.3378324508667,164.0,164.0,0.0
"CPU:Intel(R) Xeon(R) Gold 6240R,Memory:192002MiB,Cores:96",dnaseq-0,fastqc,Perfect,Realtime,415.2684383392334,101.0,101.0,0.0
"CPU:Intel(R) Xeon(R) Gold 6240R,Memory:192002MiB,Cores:96",dnaseq-0,fastqc,Perfect,Realtime,2246.5365028381348,427.0,427.0,0.0
"CPU:Intel(R) Xeon(R) Gold 6240R,Memory:192002MiB,Cores:96",dnaseq-0,fastqc,Perfect,Realtime,2746.927348136902,527.0,527.0,0.0
"CPU:Intel(R) Xeon(R) Gold 6240R,Memory:192002MiB,Cores:96",dnaseq-0,fastqc,Perfect,Realtime,752.9015731811523,160.0,160.0,0.0
"CPU:Intel(R) Xeon(R) Gold 6240R,Memory:192002MiB,Cores:96",dnaseq-0,fastqc,Perfect,Realtime,2496.727758407593,315.0,315.0,0.0
"CPU:Intel(R) Xeon(R) Gold 6240R,Memory:192002MiB,Cores:96",dnaseq-0,fastqc,Perfect,Realtime,397.61913776397705,96.0,96.0,0.0
"CPU:Intel(R) Xeon(R) Gold 6240R,Memory:192002MiB,Cores:96",dnaseq-0,fastqc,Perfect,Realtime,207.1609992980957,54.0,54.0,0.0
"CPU:Intel(R) Xeon(R) Gold 6240R,Memory:192002MiB,Cores:96",dnaseq-0,fastqc,Perfect,Realtime,3391.8936738967896,436.0,436.0,0.0
"CPU:Intel(R) Xeon(R) Gold 6240R,Memory:192002MiB,Cores:96",dnaseq-0,fastqc,Perfect,Realtime,311.80230712890625,82.0,82.0,0.0
"CPU:Intel(R) Xeon(R) Gold 6240R,Memory:192002MiB,Cores:96",dnaseq-0,fastqc,Perfect,Realtime,298.1696586608887,80.0,80.0,0.0
"CPU:Intel(R) Xeon(R) Gold 6240R,Memory:192002MiB,Cores:96",dnaseq-0,fastqc,Perfect,Realtime,415.2684383392334,77.0,77.0,0.0
"CPU:Intel(R) Xeon(R) Gold 6240R,Memory:192002MiB,Cores:96",dnaseq-0,fastqc,Perfect,Realtime,103.70779609680176,47.0,47.0,0.0
"CPU:Intel(R) Xeon(R) Gold 6240R,Memory:192002MiB,Cores:96",dnaseq-0,fastqc,Perfect,Realtime,207.1609992980957,62.0,62.0,0.0
"CPU:Intel(R) Xeon(R) Gold 6240R,Memory:192002MiB,Cores:96",dnaseq-0,fastqc,Perfect,Realtime,415.2684383392334,82.0,82.0,0.0
"CPU:Intel(R) Xeon(R) Gold 6240R,Memory:192002MiB,Cores:96",dnaseq-0,fastqc,Perfect,Realtime,298.1696586608887,122.0,122.0,0.0
"CPU:Intel(R) Xeon(R) Gold 6240R,Memory:192002MiB,Cores:96",dnaseq-0,fastqc,Perfect,Realtime,203.0108642578125,44.0,44.0,0.0
"CPU:Intel(R) Xeon(R) Gold 6240R,Memory:192002MiB,Cores:96",dnaseq-0,fastqc,Perfect,Realtime,1246.1684799194336,221.0,221.0,0.0
"CPU:Intel(R) Xeon(R) Gold 6240R,Memory:192002MiB,Cores:96",dnaseq-0,fastqc,Perfect,Realtime,2246.5365028381348,447.0,447.0,0.0
"CPU:Intel(R) Xeon(R) Gold 6240R,Memory:192002MiB,Cores:96",dnaseq-0,fastqc,Perfect,Realtime,1246.1684799194336,226.0,226.0,0.0
"CPU:Intel(R) Xeon(R) Gold 6240R,Memory:192002MiB,Cores:96",dnaseq-0,fastqc,Perfect,Realtime,883.0247402191162,221.0,221.0,0.0
"CPU:Intel(R) Xeon(R) Gold 6240R,Memory:192002MiB,Cores:96",dnaseq-0,fastqc,Perfect,Realtime,198.34341430664062,86.0,86.0,0.0
"CPU:Intel(R) Xeon(R) Gold 6240R,Memory:192002MiB,Cores:96",dnaseq-0,fastqc,Perfect,Realtime,752.9015731811523,129.0,129.0,0.0
"CPU:Intel(R) Xeon(R) Gold 6240R,Memory:192002MiB,Cores:96",dnaseq-0,fastqc,Perfect,Realtime,2746.927348136902,340.0,340.0,0.0
"CPU:Intel(R) Xeon(R) Gold 6240R,Memory:192002MiB,Cores:96",dnaseq-0,fastqc,Perfect,Realtime,2866.965470314026,353.0,353.0,0.0
"CPU:Intel(R) Xeon(R) Gold 6240R,Memory:192002MiB,Cores:96",dnaseq-0,fastqc,Perfect,Realtime,846.3378324508667,181.0,181.0,0.0
"CPU:Intel(R) Xeon(R) Gold 6240R,Memory:192002MiB,Cores:96",dnaseq-0,fastqc,Perfect,Realtime,203.0108642578125,45.0,45.0,0.0
"CPU:Intel(R) Xeon(R) Gold 6240R,Memory:192002MiB,Cores:96",dnaseq-0,fastqc,Perfect,Realtime,846.3378324508667,123.0,123.0,0.0
"CPU:Intel(R) Xeon(R) Gold 6240R,Memory:192002MiB,Cores:96",dnaseq-0,fastqc,Perfect,Realtime,311.80230712890625,83.0,83.0,0.0
"CPU:Intel(R) Xeon(R) Gold 6240R,Memory:192002MiB,Cores:96",dnaseq-0,fastqc,Perfect,Realtime,2246.5365028381348,321.0,321.0,0.0
"CPU:Intel(R) Xeon(R) Gold 6240R,Memory:192002MiB,Cores:96",dnaseq-0,fastqc,Perfect,Realtime,103.70779609680176,70.0,70.0,0.0
"CPU:Intel(R) Xeon(R) Gold 6240R,Memory:192002MiB,Cores:96",dnaseq-0,fastqc,Perfect,Realtime,415.2684383392334,80.0,80.0,0.0
"CPU:Intel(R) Xeon(R) Gold 6240R,Memory:192002MiB,Cores:96",dnaseq-0,fastqc,Perfect,Realtime,311.80230712890625,85.0,85.0,0.0
"CPU:Intel(R) Xeon(R) Gold 6240R,Memory:192002MiB,Cores:96",dnaseq-0,fastqc,Perfect,Realtime,721.4454488754272,189.0,189.0,0.0
"CPU:Intel(R) Xeon(R) Gold 6240R,Memory:192002MiB,Cores:96",dnaseq-0,fastqc,Perfect,Realtime,405.5044136047363,59.0,59.0,0.0
"CPU:Intel(R) Xeon(R) Gold 6240R,Memory:192002MiB,Cores:96",dnaseq-0,fastqc,Perfect,Realtime,203.0108642578125,45.0,45.0,0.0
"CPU:Intel(R) Xeon(R) Gold 6240R,Memory:192002MiB,Cores:96",dnaseq-0,fastqc,Perfect,Realtime,397.61913776397705,87.0,87.0,0.0
"CPU:Intel(R) Xeon(R) Gold 6240R,Memory:192002MiB,Cores:96",dnaseq-0,fastqc,Perfect,Realtime,198.34341430664062,94.0,94.0,0.0
"CPU:Intel(R) Xeon(R) Gold 6240R,Memory:192002MiB,Cores:96",dnaseq-0,fastqc,Perfect,Realtime,846.3378324508667,130.0,130.0,0.0
"CPU:Intel(R) Xeon(R) Gold 6240R,Memory:192002MiB,Cores:96",dnaseq-0,fastqc,Perfect,Realtime,2866.965470314026,397.0,397.0,0.0
"CPU:Intel(R) Xeon(R) Gold 6240R,Memory:192002MiB,Cores:96",dnaseq-0,fastqc,Perfect,Realtime,1559.6764736175537,200.0,200.0,0.0
"CPU:Intel(R) Xeon(R) Gold 6240R,Memory:192002MiB,Cores:96",dnaseq-0,fastqc,Perfect,Realtime,1246.1684799194336,188.0,188.0,0.0
"CPU:Intel(R) Xeon(R) Gold 6240R,Memory:192002MiB,Cores:96",dnaseq-0,fastqc,Perfect,Realtime,3391.8936738967896,665.0,665.0,0.0
"CPU:Intel(R) Xeon(R) Gold 6240R,Memory:192002MiB,Cores:96",dnaseq-0,fastqc,Perfect,Realtime,1496.0746879577637,193.0,193.0,0.0
"CPU:Intel(R) Xeon(R) Gold 6240R,Memory:192002MiB,Cores:96",dnaseq-0,fastqc,Perfect,Realtime,1496.0746879577637,262.0,262.0,0.0
"CPU:Intel(R) Xeon(R) Gold 6240R,Memory:192002MiB,Cores:96",dnaseq-0,fastqc,Perfect,Realtime,405.5044136047363,53.0,53.0,0.0
"CPU:Intel(R) Xeon(R) Gold 6240R,Memory:192002MiB,Cores:96",dnaseq-0,fastqc,Perfect,Realtime,883.0247402191162,201.0,201.0,0.0
"CPU:Intel(R) Xeon(R) Gold 6240R,Memory:192002MiB,Cores:96",dnaseq-0,fastqc,Perfect,Realtime,198.34341430664062,88.0,88.0,0.0
"CPU:Intel(R) Xeon(R) Gold 6240R,Memory:192002MiB,Cores:96",dnaseq-0,featurecounts,Lotaru-G,Realtime,203.0108642578125,41.50564704824545,37.0,0.12177424454717432
"CPU:Intel(R) Xeon(R) Gold 6240R,Memory:192002MiB,Cores:96",dnaseq-0,featurecounts,Lotaru-A,Realtime,203.0108642578125,23.397027756308717,37.0,0.3676478984781428
"CPU:Intel(R) Xeon(R) Gold 6240R,Memory:192002MiB,Cores:96",dnaseq-0,featurecounts,OnlineP,Realtime,203.0108642578125,39.0,37.0,0.05405405405405406
"CPU:Intel(R) Xeon(R) Gold 6240R,Memory:192002MiB,Cores:96",dnaseq-0,featurecounts,Naive,Realtime,203.0108642578125,11.038158329706093,37.0,0.7016713964944299
"CPU:Intel(R) Xeon(R) Gold 6240R,Memory:192002MiB,Cores:96",dnaseq-0,featurecounts,Perfect,Realtime,203.0108642578125,37.0,37.0,0.0
"CPU:Intel(R) Xeon(R) Gold 6240R,Memory:192002MiB,Cores:96",dnaseq-0,gatk-apply-bqsr,Lotaru-G,Realtime,812.8875761032104,460.89333044194063,380.0,0.21287718537352798
"CPU:Intel(R) Xeon(R) Gold 6240R,Memory:192002MiB,Cores:96",dnaseq-0,gatk-apply-bqsr,Lotaru-G,Realtime,203.0108642578125,216.33903797665883,159.0,0.3606228803563448
"CPU:Intel(R) Xeon(R) Gold 6240R,Memory:192002MiB,Cores:96",dnaseq-0,gatk-apply-bqsr,Lotaru-G,Realtime,609.9719657897949,379.52625649644835,345.0,0.10007610578680683
"CPU:Intel(R) Xeon(R) Gold 6240R,Memory:192002MiB,Cores:96",dnaseq-0,gatk-apply-bqsr,Lotaru-G,Realtime,812.8875761032104,460.89333044194063,329.0,0.4008915818903971
"CPU:Intel(R) Xeon(R) Gold 6240R,Memory:192002MiB,Cores:96",dnaseq-0,gatk-apply-bqsr,Lotaru-G,Realtime,609.9719657897949,379.52625649644835,186.0,1.040463744604561
"CPU:Intel(R) Xeon(R) Gold 6240R,Memory:192002MiB,Cores:96",dnaseq-0,gatk-apply-bqsr,Lotaru-G,Realtime,812.8875761032104,460.89333044194063,367.0,0.25584013744397993
"CPU:Intel(R) Xeon(R) Gold 6240R,Memory:192002MiB,Cores:96",dnaseq-0,gatk-apply-bqsr,Lotaru-G,Realtime,405.5044136047363,297.5368698129955,193.0,0.5416418125025675
"CPU:Intel(R) Xeon(R) Gold 6240R,Memory:192002MiB,Cores:96",dnaseq-0,gatk-apply-bqsr,Lotaru-G,Realtime,4590.344056129456,1975.61455007328,1584.0,0.24723140787454548
"CPU:Intel(R) Xeon(R) Gold 6240R,Memory:192002MiB,Cores:96",dnaseq-0,gatk-apply-bqsr,Lotaru-G,Realtime,203.0108642578125,216.33903797665883,125.0,0.7307123038132707
"CPU:Intel(R) Xeon(R) Gold 6240R,Memory:192002MiB,Cores:96",dnaseq-0,gatk-apply-bqsr,Lotaru-G,Realtime,405.5044136047363,297.5368698129955,196.0,0.5180452541479363
"CPU:Intel(R) Xeon(R) Gold 6240R,Memory:192002MiB,Cores:96",dnaseq-0,gatk-apply-bqsr,Lotaru-G,Realtime,1729.362572669983,828.3903835255553,575.0,0.440678927870531
"CPU:Intel(R) Xeon(R) Gold 6240R,Memory:192002MiB,Cores:96",dnaseq-0,gatk-apply-bqsr,Lotaru-G,Realtime,812.8875761032104,460.89333044194063,530.0,0.13038994256237615
"CPU:Intel(R) Xeon(R) Gold 6240R,Memory:192002MiB,Cores:96",dnaseq-0,gatk-apply-bqsr,Lotaru-G,Realtime,3565.6447715759277,1564.7206699554351,890.0,0.7581131123094776
"CPU:Intel(R) Xeon(R) Gold 6240R,Memory:192002MiB,Cores:96",dnaseq-0,gatk-apply-bqsr,Lotaru-G,Realtime,812.8875761032104,460.89333044194063,569.0,0.18999414685071944
"CPU:Intel(R) Xeon(R) Gold 6240R,Memory:192002MiB,Cores:96",dnaseq-0,gatk-apply-bqsr,Lotaru-G,Realtime,4590.344056129456,1975.61455007328,1432.0,0.3796190992131844
"CPU:Intel(R) Xeon(R) Gold 6240R,Memory:192002MiB,Cores:96",dnaseq-0,gatk-apply-bqsr,Lotaru-G,Realtime,1474.3470220565796,726.1317690603508,472.0,0.5384147649583705
"CPU:Intel(R) Xeon(R) Gold 6240R,Memory:192002MiB,Cores:96",dnaseq-0,gatk-apply-bqsr,Lotaru-A,Realtime,812.8875761032104,681.2943905042988,380.0,0.7928799750113127
"CPU:Intel(R) Xeon(R) Gold 6240R,Memory:192002MiB,Cores:96",dnaseq-0,gatk-apply-bqsr,Lotaru-A,Realtime,203.0108642578125,319.7932434371843,159.0,1.0112782606112218
"CPU:Intel(R) Xeon(R) Gold 6240R,Memory:192002MiB,Cores:96",dnaseq-0,gatk-apply-bqsr,Lotaru-A,Realtime,609.9719657897949,561.0172517623322,345.0,0.6261369616299484
"CPU:Intel(R) Xeon(R) Gold 6240R,Memory:192002MiB,Cores:96",dnaseq-0,gatk-apply-bqsr,Lotaru-A,Realtime,812.8875761032104,681.2943905042988,329.0,1.0708036185540997
"CPU:Intel(R) Xeon(R) Gold 6240R,Memory:192002MiB,Cores:96",dnaseq-0,gatk-apply-bqsr,Lotaru-A,Realtime,609.9719657897949,561.0172517623322,186.0,2.0162217836684526
"CPU:Intel(R) Xeon(R) Gold 6240R,Memory:192002MiB,Cores:96",dnaseq-0,gatk-apply-bqsr,Lotaru-A,Realtime,812.8875761032104,681.2943905042988,367.0,0.8563879850253373
"CPU:Intel(R) Xeon(R) Gold 6240R,Memory:192002MiB,Cores:96",dnaseq-0,gatk-apply-bqsr,Lotaru-A,Realtime,405.5044136047363,439.8202078069284,193.0,1.2788611803467793
"CPU:Intel(R) Xeon(R) Gold 6240R,Memory:192002MiB,Cores:96",dnaseq-0,gatk-apply-bqsr,Lotaru-A,Realtime,4590.344056129456,2920.361441275302,1584.0,0.84366252605764
"CPU:Intel(R) Xeon(R) Gold 6240R,Memory:192002MiB,Cores:96",dnaseq-0,gatk-apply-bqsr,Lotaru-A,Realtime,203.0108642578125,319.7932434371843,125.0,1.5583459474974743
"CPU:Intel(R) Xeon(R) Gold 6240R,Memory:192002MiB,Cores:96",dnaseq-0,gatk-apply-bqsr,Lotaru-A,Realtime,405.5044136047363,439.8202078069284,196.0,1.2439806520761654
"CPU:Intel(R) Xeon(R) Gold 6240R,Memory:192002MiB,Cores:96",dnaseq-0,gatk-apply-bqsr,Lotaru-A,Realtime,1729.362572669983,1224.5300249897214,575.0,1.1296174347647328
"CPU:Intel(R) Xeon(R) Gold 6240R,Memory:192002MiB,Cores:96",dnaseq-0,gatk-apply-bqsr,Lotaru-A,Realtime,812.8875761032104,681.2943905042988,530.0,0.28546111415905434
"CPU:Intel(R) Xeon(R) Gold 6240R,Memory:192002MiB,Cores:96",dnaseq-0,gatk-apply-bqsr,Lotaru-A,Realtime,3565.6447715759277,2312.9764410445428,890.0,1.5988499337579132
"CPU:Intel(R) Xeon(R) Gold 6240R,Memory:192002MiB,Cores:96",dnaseq-0,gatk-apply-bqsr,Lotaru-A,Realtime,812.8875761032104,681.2943905042988,569.0,0.19735393761739684
"CPU:Intel(R) Xeon(R) Gold 6240R,Memory:192002MiB,Cores:96",dnaseq-0,gatk-apply-bqsr,Lotaru-A,Realtime,4590.344056129456,2920.361441275302,1432.0,1.0393585483766075
"CPU:Intel(R) Xeon(R) Gold 6240R,Memory:192002MiB,Cores:96",dnaseq-0,gatk-apply-bqsr,Lotaru-A,Realtime,1474.3470220565796,1073.3709263126325,472.0,1.2740909455776113
"CPU:Intel(R) Xeon(R) Gold 6240R,Memory:192002MiB,Cores:96",dnaseq-0,gatk-apply-bqsr,OnlineP,Realtime,812.8875761032104,659.5242950885419,380.0,0.735590250233005
"CPU:Intel(R) Xeon(R) Gold 6240R,Memory:192002MiB,Cores:96",dnaseq-0,gatk-apply-bqsr,OnlineP,Realtime,203.0108642578125,134.0,159.0,0.15723270440251572
"CPU:Intel(R) Xeon(R) Gold 6240R,Memory:192002MiB,Cores:96",dnaseq-0,gatk-apply-bqsr,OnlineP,Realtime,609.9719657897949,494.8917200700441,345.0,0.4344687538262147
"CPU:Intel(R) Xeon(R) Gold 6240R,Memory:192002MiB,Cores:96",dnaseq-0,gatk-apply-bqsr,OnlineP,Realtime,812.8875761032104,659.5242950885419,329.0,1.0046331157706438
"CPU:Intel(R) Xeon(R) Gold 6240R,Memory:192002MiB,Cores:96",dnaseq-0,gatk-apply-bqsr,OnlineP,Realtime,609.9719657897949,494.8917200700441,186.0,1.6607081724195918
"CPU:Intel(R) Xeon(R) Gold 6240R,Memory:192002MiB,Cores:96",dnaseq-0,gatk-apply-bqsr,OnlineP,Realtime,812.8875761032104,659.5242950885419,367.0,0.7970689239469806
"CPU:Intel(R) Xeon(R) Gold 6240R,Memory:192002MiB,Cores:96",dnaseq-0,gatk-apply-bqsr,OnlineP,Realtime,405.5044136047363,329.0,193.0,0.7046632124352331
"CPU:Intel(R) Xeon(R) Gold 6240R,Memory:192002MiB,Cores:96",dnaseq-0,gatk-apply-bqsr,OnlineP,Realtime,4590.344056129456,1847.9478220707388,1584.0,0.16663372605475932
"CPU:Intel(R) Xeon(R) Gold 6240R,Memory:192002MiB,Cores:96",dnaseq-0,gatk-apply-bqsr,OnlineP,Realtime,203.0108642578125,134.0,125.0,0.072
"CPU:Intel(R) Xeon(R) Gold 6240R,Memory:192002MiB,Cores:96",dnaseq-0,gatk-apply-bqsr,OnlineP,Realtime,405.5044136047363,329.0,196.0,0.6785714285714286
"CPU:Intel(R) Xeon(R) Gold 6240R,Memory:192002MiB,Cores:96",dnaseq-0,gatk-apply-bqsr,OnlineP,Realtime,1729.362572669983,1403.0927095235418,575.0,1.4401612339539858
"CPU:Intel(R) Xeon(R) Gold 6240R,Memory:192002MiB,Cores:96",dnaseq-0,gatk-apply-bqsr,OnlineP,Realtime,812.8875761032104,659.5242950885419,530.0,0.24438546243121106
"CPU:Intel(R) Xeon(R) Gold 6240R,Memory:192002MiB,Cores:96",dnaseq-0,gatk-apply-bqsr,OnlineP,Realtime,3565.6447715759277,1435.4317256705926,890.0,0.6128446355849355
"CPU:Intel(R) Xeon(R) Gold 6240R,Memory:192002MiB,Cores:96",dnaseq-0,gatk-apply-bqsr,OnlineP,Realtime,812.8875761032104,659.5242950885419,569.0,0.15909366447898393
"CPU:Intel(R) Xeon(R) Gold 6240R,Memory:192002MiB,Cores:96",dnaseq-0,gatk-apply-bqsr,OnlineP,Realtime,4590.344056129456,1847.9478220707388,1432.0,0.29046635619465
"CPU:Intel(R) Xeon(R) Gold 6240R,Memory:192002MiB,Cores:96",dnaseq-0,gatk-apply-bqsr,OnlineP,Realtime,1474.3470220565796,1196.1896196015884,472.0,1.534300041528789
"CPU:Intel(R) Xeon(R) Gold 6240R,Memory:192002MiB,Cores:96",dnaseq-0,gatk-apply-bqsr,Naive,Realtime,812.8875761032104,423.6480312194641,380.0,0.11486324005122128
"CPU:Intel(R) Xeon(R) Gold 6240R,Memory:192002MiB,Cores:96",dnaseq-0,gatk-apply-bqsr,Naive,Realtime,203.0108642578125,105.80202661144406,159.0,0.3345784489846285
"CPU:Intel(R) Xeon(R) Gold 6240R,Memory:192002MiB,Cores:96",dnaseq-0,gatk-apply-bqsr,Naive,Realtime,609.9719657897949,317.89564756873926,345.0,0.0785633403804659
"CPU:Intel(R) Xeon(R) Gold 6240R,Memory:192002MiB,Cores:96",dnaseq-0,gatk-apply-bqsr,Naive,Realtime,812.8875761032104,423.6480312194641,329.0,0.2876839854694957
"CPU:Intel(R) Xeon(R) Gold 6240R,Memory:192002MiB,Cores:96",dnaseq-0,gatk-apply-bqsr,Naive,Realtime,609.9719657897949,317.89564756873926,186.0,0.7091163847781681
"CPU:Intel(R) Xeon(R) Gold 6240R,Memory:192002MiB,Cores:96",dnaseq-0,gatk-apply-bqsr,Naive,Realtime,812.8875761032104,423.6480312194641,367.0,0.15435430849990214
"CPU:Intel(R) Xeon(R) Gold 6240R,Memory:192002MiB,Cores:96",dnaseq-0,gatk-apply-bqsr,Naive,Realtime,405.5044136047363,211.33444712979338,193.0,0.09499713538753043
"CPU:Intel(R) Xeon(R) Gold 6240R,Memory:192002MiB,Cores:96",dnaseq-0,gatk-apply-bqsr,Naive,Realtime,4590.344056129456,2392.323710151403,1584.0,0.51030537257033
"CPU:Intel(R) Xeon(R) Gold 6240R,Memory:192002MiB,Cores:96",dnaseq-0,gatk-apply-bqsr,Naive,Realtime,203.0108642578125,105.80202661144406,125.0,0.1535837871084475
"CPU:Intel(R) Xeon(R) Gold 6240R,Memory:192002MiB,Cores:96",dnaseq-0,gatk-apply-bqsr,Naive,Realtime,405.5044136047363,211.33444712979338,196.0,0.07823697515200702
"CPU:Intel(R) Xeon(R) Gold 6240R,Memory:192002MiB,Cores:96",dnaseq-0,gatk-apply-bqsr,Naive,Realtime,1729.362572669983,901.2821338571472,575.0,0.5674471893167777
"CPU:Intel(R) Xeon(R) Gold 6240R,Memory:192002MiB,Cores:96",dnaseq-0,gatk-apply-bqsr,Naive,Realtime,812.8875761032104,423.6480312194641,530.0,0.200664092038747
"CPU:Intel(R) Xeon(R) Gold 6240R,Memory:192002MiB,Cores:96",dnaseq-0,gatk-apply-bqsr,Naive,Realtime,3565.6447715759277,1858.2869660125336,890.0,1.0879628831601502
"CPU:Intel(R) Xeon(R) Gold 6240R,Memory:192002MiB,Cores:96",dnaseq-0,gatk-apply-bqsr,Naive,Realtime,812.8875761032104,423.6480312194641,569.0,0.2554516147285341
"CPU:Intel(R) Xeon(R) Gold 6240R,Memory:192002MiB,Cores:96",dnaseq-0,gatk-apply-bqsr,Naive,Realtime,4590.344056129456,2392.323710151403,1432.0,0.670617116027516
"CPU:Intel(R) Xeon(R) Gold 6240R,Memory:192002MiB,Cores:96",dnaseq-0,gatk-apply-bqsr,Naive,Realtime,1474.3470220565796,768.3771183006064,472.0,0.6279176235182339
"CPU:Intel(R) Xeon(R) Gold 6240R,Memory:192002MiB,Cores:96",dnaseq-0,gatk-apply-bqsr,Perfect,Realtime,812.8875761032104,380.0,380.0,0.0
"CPU:Intel(R) Xeon(R) Gold 6240R,Memory:192002MiB,Cores:96",dnaseq-0,gatk-apply-bqsr,Perfect,Realtime,203.0108642578125,159.0,159.0,0.0
"CPU:Intel(R) Xeon(R) Gold 6240R,Memory:192002MiB,Cores:96",dnaseq-0,gatk-apply-bqsr,Perfect,Realtime,609.9719657897949,345.0,345.0,0.0
"CPU:Intel(R) Xeon(R) Gold 6240R,Memory:192002MiB,Cores:96",dnaseq-0,gatk-apply-bqsr,Perfect,Realtime,812.8875761032104,329.0,329.0,0.0
"CPU:Intel(R) Xeon(R) Gold 6240R,Memory:192002MiB,Cores:96",dnaseq-0,gatk-apply-bqsr,Perfect,Realtime,609.9719657897949,186.0,186.0,0.0
"CPU:Intel(R) Xeon(R) Gold 6240R,Memory:192002MiB,Cores:96",dnaseq-0,gatk-apply-bqsr,Perfect,Realtime,812.8875761032104,367.0,367.0,0.0
"CPU:Intel(R) Xeon(R) Gold 6240R,Memory:192002MiB,Cores:96",dnaseq-0,gatk-apply-bqsr,Perfect,Realtime,405.5044136047363,193.0,193.0,0.0
"CPU:Intel(R) Xeon(R) Gold 6240R,Memory:192002MiB,Cores:96",dnaseq-0,gatk-apply-bqsr,Perfect,Realtime,4590.344056129456,1584.0,1584.0,0.0
"CPU:Intel(R) Xeon(R) Gold 6240R,Memory:192002MiB,Cores:96",dnaseq-0,gatk-apply-bqsr,Perfect,Realtime,203.0108642578125,125.0,125.0,0.0
"CPU:Intel(R) Xeon(R) Gold 6240R,Memory:192002MiB,Cores:96",dnaseq-0,gatk-apply-bqsr,Perfect,Realtime,405.5044136047363,196.0,196.0,0.0
"CPU:Intel(R) Xeon(R) Gold 6240R,Memory:192002MiB,Cores:96",dnaseq-0,gatk-apply-bqsr,Perfect,Realtime,1729.362572669983,575.0,575.0,0.0
"CPU:Intel(R) Xeon(R) Gold 6240R,Memory:192002MiB,Cores:96",dnaseq-0,gatk-apply-bqsr,Perfect,Realtime,812.8875761032104,530.0,530.0,0.0
"CPU:Intel(R) Xeon(R) Gold 6240R,Memory:192002MiB,Cores:96",dnaseq-0,gatk-apply-bqsr,Perfect,Realtime,3565.6447715759277,890.0,890.0,0.0
"CPU:Intel(R) Xeon(R) Gold 6240R,Memory:192002MiB,Cores:96",dnaseq-0,gatk-apply-bqsr,Perfect,Realtime,812.8875761032104,569.0,569.0,0.0
"CPU:Intel(R) Xeon(R) Gold 6240R,Memory:192002MiB,Cores:96",dnaseq-0,gatk-apply-bqsr,Perfect,Realtime,4590.344056129456,1432.0,1432.0,0.0
"CPU:Intel(R) Xeon(R) Gold 6240R,Memory:192002MiB,Cores:96",dnaseq-0,gatk-apply-bqsr,Perfect,Realtime,1474.3470220565796,472.0,472.0,0.0
"CPU:Intel(R) Xeon(R) Gold 6240R,Memory:192002MiB,Cores:96",dnaseq-0,gatk-base-recalibrator,Lotaru-G,Realtime,5102.182312011719,4614.543891790126,3723.0,0.23946921616710332
"CPU:Intel(R) Xeon(R) Gold 6240R,Memory:192002MiB,Cores:96",dnaseq-0,gatk-base-recalibrator,Lotaru-G,Realtime,2545.566870689392,2757.362333059129,2973.0,0.07253201040728927
"CPU:Intel(R) Xeon(R) Gold 6240R,Memory:192002MiB,Cores:96",dnaseq-0,gatk-base-recalibrator,Lotaru-G,Realtime,3565.6447715759277,3498.3693047668667,3197.0,0.0942662823793765
"CPU:Intel(R) Xeon(R) Gold 6240R,Memory:192002MiB,Cores:96",dnaseq-0,gatk-base-recalibrator,Lotaru-G,Realtime,4590.344056129456,4242.733350981563,3810.0,0.11357830734424215
"CPU:Intel(R) Xeon(R) Gold 6240R,Memory:192002MiB,Cores:96",dnaseq-0,gatk-base-recalibrator,Lotaru-G,Realtime,1729.362572669983,2164.453620259285,2912.0,0.25671235568019063
"CPU:Intel(R) Xeon(R) Gold 6240R,Memory:192002MiB,Cores:96",dnaseq-0,gatk-base-recalibrator,Lotaru-G,Realtime,1474.3470220565796,1979.2047282538902,2113.0,0.06332005288504962
"CPU:Intel(R) Xeon(R) Gold 6240R,Memory:192002MiB,Cores:96",dnaseq-0,gatk-base-recalibrator,Lotaru-G,Realtime,609.9719657897949,1351.3037196080804,2148.0,0.3709014340744505
"CPU:Intel(R) Xeon(R) Gold 6240R,Memory:192002MiB,Cores:96",dnaseq-0,gatk-base-recalibrator,Lotaru-G,Realtime,1729.362572669983,2164.453620259285,2862.0,0.24372689718403742
"CPU:Intel(R) Xeon(R) Gold 6240R,Memory:192002MiB,Cores:96",dnaseq-0,gatk-base-recalibrator,Lotaru-G,Realtime,609.9719657897949,1351.3037196080804,1865.0,0.2754403648214046
"CPU:Intel(R) Xeon(R) Gold 6240R,Memory:192002MiB,Cores:96",dnaseq-0,gatk-base-recalibrator,Lotaru-G,Realtime,203.0108642578125,1055.678245135026,979.0,0.07832302873853515
"CPU:Intel(R) Xeon(R) Gold 6240R,Memory:192002MiB,Cores:96",dnaseq-0,gatk-base-recalibrator,Lotaru-G,Realtime,609.9719657897949,1351.3037196080804,1494.0,0.09551290521547495
"CPU:Intel(R) Xeon(R) Gold 6240R,Memory:192002MiB,Cores:96",dnaseq-0,gatk-base-recalibrator,Lotaru-G,Realtime,812.8875761032104,1498.7060717028507,4339.0,0.6545964342699122
"CPU:Intel(R) Xeon(R) Gold 6240R,Memory:192002MiB,Cores:96",dnaseq-0,gatk-base-recalibrator,Lotaru-G,Realtime,6639.323947906494,5731.157307011012,4389.0,0.30580025222397167
"CPU:Intel(R) Xeon(R) Gold 6240R,Memory:192002MiB,Cores:96",dnaseq-0,gatk-base-recalibrator,Lotaru-G,Realtime,1474.3470220565796,1979.2047282538902,2878.0,0.312298565582387
"CPU:Intel(R) Xeon(R) Gold 6240R,Memory:192002MiB,Cores:96",dnaseq-0,gatk-base-recalibrator,Lotaru-G,Realtime,4590.344056129456,4242.733350981563,3080.0,0.3775108282407671
"CPU:Intel(R) Xeon(R) Gold 6240R,Memory:192002MiB,Cores:96",dnaseq-0,gatk-base-recalibrator,Lotaru-G,Realtime,405.5044136047363,1202.7740028820663,895.0,0.34388156746599585
"CPU:Intel(R) Xeon(R) Gold 6240R,Memory:192002MiB,Cores:96",dnaseq-0,gatk-base-recalibrator,Lotaru-G,Realtime,5613.892818450928,4986.2616325999315,3733.0,0.3357250556120899
"CPU:Intel(R) Xeon(R) Gold 6240R,Memory:192002MiB,Cores:96",dnaseq-0,gatk-base-recalibrator,Lotaru-G,Realtime,5102.182312011719,4614.543891790126,4003.0,0.1527713944017301
"CPU:Intel(R) Xeon(R) Gold 6240R,Memory:192002MiB,Cores:96",dnaseq-0,gatk-base-recalibrator,Lotaru-G,Realtime,609.9719657897949,1351.3037196080804,1829.0,0.26117893952537974
"CPU:Intel(R) Xeon(R) Gold 6240R,Memory:192002MiB,Cores:96",dnaseq-0,gatk-base-recalibrator,Lotaru-G,Realtime,812.8875761032104,1498.7060717028507,1534.0,0.023007775943382824
"CPU:Intel(R) Xeon(R) Gold 6240R,Memory:192002MiB,Cores:96",dnaseq-0,gatk-base-recalibrator,Lotaru-G,Realtime,4590.344056129456,4242.733350981563,3362.0,0.2619670883347896
"CPU:Intel(R) Xeon(R) Gold 6240R,Memory:192002MiB,Cores:96",dnaseq-0,gatk-base-recalibrator,Lotaru-A,Realtime,5102.182312011719,4307.448117049251,3723.0,0.1569831096022699
"CPU:Intel(R) Xeon(R) Gold 6240R,Memory:192002MiB,Cores:96",dnaseq-0,gatk-base-recalibrator,Lotaru-A,Realtime,2545.566870689392,2573.8611373247854,2973.0,0.13425457876731064
"CPU:Intel(R) Xeon(R) Gold 6240R,Memory:192002MiB,Cores:96",dnaseq-0,gatk-base-recalibrator,Lotaru-A,Realtime,3565.6447715759277,3265.5544356985592,3197.0,0.02144336430984024
"CPU:Intel(R) Xeon(R) Gold 6240R,Memory:192002MiB,Cores:96",dnaseq-0,gatk-base-recalibrator,Lotaru-A,Realtime,4590.344056129456,3960.3813968140653,3810.0,0.039470182890830784
"CPU:Intel(R) Xeon(R) Gold 6240R,Memory:192002MiB,Cores:96",dnaseq-0,gatk-base-recalibrator,Lotaru-A,Realtime,1729.362572669983,2020.4102268078118,2912.0,0.3061778067280866
"CPU:Intel(R) Xeon(R) Gold 6240R,Memory:192002MiB,Cores:96",dnaseq-0,gatk-base-recalibrator,Lotaru-A,Realtime,1474.3470220565796,1847.4895634083903,2113.0,0.12565567278353512
"CPU:Intel(R) Xeon(R) Gold 6240R,Memory:192002MiB,Cores:96",dnaseq-0,gatk-base-recalibrator,Lotaru-A,Realtime,609.9719657897949,1261.3750782484062,2148.0,0.41276765444673824
"CPU:Intel(R) Xeon(R) Gold 6240R,Memory:192002MiB,Cores:96",dnaseq-0,gatk-base-recalibrator,Lotaru-A,Realtime,1729.362572669983,2020.4102268078118,2862.0,0.2940565245255724
"CPU:Intel(R) Xeon(R) Gold 6240R,Memory:192002MiB,Cores:96",dnaseq-0,gatk-base-recalibrator,Lotaru-A,Realtime,609.9719657897949,1261.3750782484062,1865.0,0.3236594754700235
"CPU:Intel(R) Xeon(R) Gold 6240R,Memory:192002MiB,Cores:96",dnaseq-0,gatk-base-recalibrator,Lotaru-A,Realtime,203.0108642578125,985.4233432055823,979.0,0.006561126869849174
"CPU:Intel(R) Xeon(R) Gold 6240R,Memory:192002MiB,Cores:96",dnaseq-0,gatk-base-recalibrator,Lotaru-A,Realtime,609.9719657897949,1261.3750782484062,1494.0,0.15570610559008954
"CPU:Intel(R) Xeon(R) Gold 6240R,Memory:192002MiB,Cores:96",dnaseq-0,gatk-base-recalibrator,Lotaru-A,Realtime,812.8875761032104,1398.9678715705954,4339.0,0.6775828827908285
"CPU:Intel(R) Xeon(R) Gold 6240R,Memory:192002MiB,Cores:96",dnaseq-0,gatk-base-recalibrator,Lotaru-A,Realtime,6639.323947906494,5349.751422782742,4389.0,0.21889984570124
"CPU:Intel(R) Xeon(R) Gold 6240R,Memory:192002MiB,Cores:96",dnaseq-0,gatk-base-recalibrator,Lotaru-A,Realtime,1474.3470220565796,1847.4895634083903,2878.0,0.35806477991369345
"CPU:Intel(R) Xeon(R) Gold 6240R,Memory:192002MiB,Cores:96",dnaseq-0,gatk-base-recalibrator,Lotaru-A,Realtime,4590.344056129456,3960.3813968140653,3080.0,0.2858381158487225
"CPU:Intel(R) Xeon(R) Gold 6240R,Memory:192002MiB,Cores:96",dnaseq-0,gatk-base-recalibrator,Lotaru-A,Realtime,405.5044136047363,1122.729945892945,895.0,0.25444686691949153
"CPU:Intel(R) Xeon(R) Gold 6240R,Memory:192002MiB,Cores:96",dnaseq-0,gatk-base-recalibrator,Lotaru-A,Realtime,5613.892818450928,4654.428213082938,3733.0,0.24683316717999942
"CPU:Intel(R) Xeon(R) Gold 6240R,Memory:192002MiB,Cores:96",dnaseq-0,gatk-base-recalibrator,Lotaru-A,Realtime,5102.182312011719,4307.448117049251,4003.0,0.07605498802129675
"CPU:Intel(R) Xeon(R) Gold 6240R,Memory:192002MiB,Cores:96",dnaseq-0,gatk-base-recalibrator,Lotaru-A,Realtime,609.9719657897949,1261.3750782484062,1829.0,0.31034714147162046
"CPU:Intel(R) Xeon(R) Gold 6240R,Memory:192002MiB,Cores:96",dnaseq-0,gatk-base-recalibrator,Lotaru-A,Realtime,812.8875761032104,1398.9678715705954,1534.0,0.08802615934120245
"CPU:Intel(R) Xeon(R) Gold 6240R,Memory:192002MiB,Cores:96",dnaseq-0,gatk-base-recalibrator,Lotaru-A,Realtime,4590.344056129456,3960.3813968140653,3362.0,0.17798375871923416
"CPU:Intel(R) Xeon(R) Gold 6240R,Memory:192002MiB,Cores:96",dnaseq-0,gatk-base-recalibrator,OnlineP,Realtime,5102.182312011719,4571.511758306164,3723.0,0.2279107596847069
"CPU:Intel(R) Xeon(R) Gold 6240R,Memory:192002MiB,Cores:96",dnaseq-0,gatk-base-recalibrator,OnlineP,Realtime,2545.566870689392,2459.137869852322,2973.0,0.17284296338636992
"CPU:Intel(R) Xeon(R) Gold 6240R,Memory:192002MiB,Cores:96",dnaseq-0,gatk-base-recalibrator,OnlineP,Realtime,3565.6447715759277,3463.0,3197.0,0.08320300281513919
"CPU:Intel(R) Xeon(R) Gold 6240R,Memory:192002MiB,Cores:96",dnaseq-0,gatk-base-recalibrator,OnlineP,Realtime,4590.344056129456,4112.909054202847,3810.0,0.07950368876715146
"CPU:Intel(R) Xeon(R) Gold 6240R,Memory:192002MiB,Cores:96",dnaseq-0,gatk-base-recalibrator,OnlineP,Realtime,1729.362572669983,1670.645954001697,2912.0,0.4262891641477689
"CPU:Intel(R) Xeon(R) Gold 6240R,Memory:192002MiB,Cores:96",dnaseq-0,gatk-base-recalibrator,OnlineP,Realtime,1474.3470220565796,3928.960855610537,2113.0,0.859423026791546
"CPU:Intel(R) Xeon(R) Gold 6240R,Memory:192002MiB,Cores:96",dnaseq-0,gatk-base-recalibrator,OnlineP,Realtime,609.9719657897949,1625.5033182519924,2148.0,0.24324798964059946
"CPU:Intel(R) Xeon(R) Gold 6240R,Memory:192002MiB,Cores:96",dnaseq-0,gatk-base-recalibrator,OnlineP,Realtime,1729.362572669983,1670.645954001697,2862.0,0.41626626345153844
"CPU:Intel(R) Xeon(R) Gold 6240R,Memory:192002MiB,Cores:96",dnaseq-0,gatk-base-recalibrator,OnlineP,Realtime,609.9719657897949,1625.5033182519924,1865.0,0.1284164513394143
"CPU:Intel(R) Xeon(R) Gold 6240R,Memory:192002MiB,Cores:96",dnaseq-0,gatk-base-recalibrator,OnlineP,Realtime,203.0108642578125,541.0,979.0,0.4473953013278856
"CPU:Intel(R) Xeon(R) Gold 6240R,Memory:192002MiB,Cores:96",dnaseq-0,gatk-base-recalibrator,OnlineP,Realtime,609.9719657897949,1625.5033182519924,1494.0,0.08802096268540319
"CPU:Intel(R) Xeon(R) Gold 6240R,Memory:192002MiB,Cores:96",dnaseq-0,gatk-base-recalibrator,OnlineP,Realtime,812.8875761032104,2166.249477729185,4339.0,0.5007491408782704
"CPU:Intel(R) Xeon(R) Gold 6240R,Memory:192002MiB,Cores:96",dnaseq-0,gatk-base-recalibrator,OnlineP,Realtime,6639.323947906494,3932.9999999999995,4389.0,0.103896103896104
"CPU:Intel(R) Xeon(R) Gold 6240R,Memory:192002MiB,Cores:96",dnaseq-0,gatk-base-recalibrator,OnlineP,Realtime,1474.3470220565796,3928.960855610537,2878.0,0.3651705544164478
"CPU:Intel(R) Xeon(R) Gold 6240R,Memory:192002MiB,Cores:96",dnaseq-0,gatk-base-recalibrator,OnlineP,Realtime,4590.344056129456,4112.909054202847,3080.0,0.3353600825333919
"CPU:Intel(R) Xeon(R) Gold 6240R,Memory:192002MiB,Cores:96",dnaseq-0,gatk-base-recalibrator,OnlineP,Realtime,405.5044136047363,1080.6214168004558,895.0,0.20739823106196179
"CPU:Intel(R) Xeon(R) Gold 6240R,Memory:192002MiB,Cores:96",dnaseq-0,gatk-base-recalibrator,OnlineP,Realtime,5613.892818450928,5030.0,3733.0,0.347441735869274
"CPU:Intel(R) Xeon(R) Gold 6240R,Memory:192002MiB,Cores:96",dnaseq-0,gatk-base-recalibrator,OnlineP,Realtime,5102.182312011719,4571.511758306164,4003.0,0.14202142350890926
"CPU:Intel(R) Xeon(R) Gold 6240R,Memory:192002MiB,Cores:96",dnaseq-0,gatk-base-recalibrator,OnlineP,Realtime,609.9719657897949,1625.5033182519924,1829.0,0.11126117099398995
"CPU:Intel(R) Xeon(R) Gold 6240R,Memory:192002MiB,Cores:96",dnaseq-0,gatk-base-recalibrator,OnlineP,Realtime,812.8875761032104,2166.249477729185,1534.0,0.412157417033367
"CPU:Intel(R) Xeon(R) Gold 6240R,Memory:192002MiB,Cores:96",dnaseq-0,gatk-base-recalibrator,OnlineP,Realtime,4590.344056129456,4112.909054202847,3362.0,0.22335189000679567
"CPU:Intel(R) Xeon(R) Gold 6240R,Memory:192002MiB,Cores:96",dnaseq-0,gatk-base-recalibrator,Naive,Realtime,5102.182312011719,7855.768831965642,3723.0,1.1100641504071023
"CPU:Intel(R) Xeon(R) Gold 6240R,Memory:192002MiB,Cores:96",dnaseq-0,gatk-base-recalibrator,Naive,Realtime,2545.566870689392,3919.378740224073,2973.0,0.31832450057991024
"CPU:Intel(R) Xeon(R) Gold 6240R,Memory:192002MiB,Cores:96",dnaseq-0,gatk-base-recalibrator,Naive,Realtime,3565.6447715759277,5489.980433757399,3197.0,0.7172287875375035
"CPU:Intel(R) Xeon(R) Gold 6240R,Memory:192002MiB,Cores:96",dnaseq-0,gatk-base-recalibrator,Naive,Realtime,4590.344056129456,7067.697616223028,3810.0,0.8550387444154928
"CPU:Intel(R) Xeon(R) Gold 6240R,Memory:192002MiB,Cores:96",dnaseq-0,gatk-base-recalibrator,Naive,Realtime,1729.362572669983,2662.678784637981,2912.0,0.08561854923146252
"CPU:Intel(R) Xeon(R) Gold 6240R,Memory:192002MiB,Cores:96",dnaseq-0,gatk-base-recalibrator,Naive,Realtime,1474.3470220565796,2270.0344039268107,2113.0,0.07431822239792271
"CPU:Intel(R) Xeon(R) Gold 6240R,Memory:192002MiB,Cores:96",dnaseq-0,gatk-base-recalibrator,Naive,Realtime,609.9719657897949,939.1665103662172,2148.0,0.5627716432187071
"CPU:Intel(R) Xeon(R) Gold 6240R,Memory:192002MiB,Cores:96",dnaseq-0,gatk-base-recalibrator,Naive,Realtime,1729.362572669983,2662.678784637981,2862.0,0.06964403052481441
"CPU:Intel(R) Xeon(R) Gold 6240R,Memory:192002MiB,Cores:96",dnaseq-0,gatk-base-recalibrator,Naive,Realtime,609.9719657897949,939.1665103662172,1865.0,0.4964254636106074
"CPU:Intel(R) Xeon(R) Gold 6240R,Memory:192002MiB,Cores:96",dnaseq-0,gatk-base-recalibrator,Naive,Realtime,203.0108642578125,312.57338967139367,979.0,0.6807217674449503
"CPU:Intel(R) Xeon(R) Gold 6240R,Memory:192002MiB,Cores:96",dnaseq-0,gatk-base-recalibrator,Naive,Realtime,609.9719657897949,939.1665103662172,1494.0,0.3713744910534022
"CPU:Intel(R) Xeon(R) Gold 6240R,Memory:192002MiB,Cores:96",dnaseq-0,gatk-base-recalibrator,Naive,Realtime,812.8875761032104,1251.5932386833597,4339.0,0.711547997537829
"CPU:Intel(R) Xeon(R) Gold 6240R,Memory:192002MiB,Cores:96",dnaseq-0,gatk-base-recalibrator,Naive,Realtime,6639.323947906494,10222.487348697296,4389.0,1.3291153676685568
"CPU:Intel(R) Xeon(R) Gold 6240R,Memory:192002MiB,Cores:96",dnaseq-0,gatk-base-recalibrator,Naive,Realtime,1474.3470220565796,2270.0344039268107,2878.0,0.2112458638197322
"CPU:Intel(R) Xeon(R) Gold 6240R,Memory:192002MiB,Cores:96",dnaseq-0,gatk-base-recalibrator,Naive,Realtime,4590.344056129456,7067.697616223028,3080.0,1.2947070182542297
"CPU:Intel(R) Xeon(R) Gold 6240R,Memory:192002MiB,Cores:96",dnaseq-0,gatk-base-recalibrator,Naive,Realtime,405.5044136047363,624.3502757871023,895.0,0.30240192649485775
"CPU:Intel(R) Xeon(R) Gold 6240R,Memory:192002MiB,Cores:96",dnaseq-0,gatk-base-recalibrator,Naive,Realtime,5613.892818450928,8643.643353424972,3733.0,1.3154683507701506
"CPU:Intel(R) Xeon(R) Gold 6240R,Memory:192002MiB,Cores:96",dnaseq-0,gatk-base-recalibrator,Naive,Realtime,5102.182312011719,7855.768831965642,4003.0,0.9624703552249917
"CPU:Intel(R) Xeon(R) Gold 6240R,Memory:192002MiB,Cores:96",dnaseq-0,gatk-base-recalibrator,Naive,Realtime,609.9719657897949,939.1665103662172,1829.0,0.4865136630037085
"CPU:Intel(R) Xeon(R) Gold 6240R,Memory:192002MiB,Cores:96",dnaseq-0,gatk-base-recalibrator,Naive,Realtime,812.8875761032104,1251.5932386833597,1534.0,0.18409827986743177
"CPU:Intel(R) Xeon(R) Gold 6240R,Memory:192002MiB,Cores:96",dnaseq-0,gatk-base-recalibrator,Naive,Realtime,4590.344056129456,7067.697616223028,3362.0,1.1022301059556894
"CPU:Intel(R) Xeon(R) Gold 6240R,Memory:192002MiB,Cores:96",dnaseq-0,gatk-base-recalibrator,Perfect,Realtime,5102.182312011719,3723.0,3723.0,0.0
"CPU:Intel(R) Xeon(R) Gold 6240R,Memory:192002MiB,Cores:96",dnaseq-0,gatk-base-recalibrator,Perfect,Realtime,2545.566870689392,2973.0,2973.0,0.0
"CPU:Intel(R) Xeon(R) Gold 6240R,Memory:192002MiB,Cores:96",dnaseq-0,gatk-base-recalibrator,Perfect,Realtime,3565.6447715759277,3197.0,3197.0,0.0
"CPU:Intel(R) Xeon(R) Gold 6240R,Memory:192002MiB,Cores:96",dnaseq-0,gatk-base-recalibrator,Perfect,Realtime,4590.344056129456,3810.0,3810.0,0.0
"CPU:Intel(R) Xeon(R) Gold 6240R,Memory:192002MiB,Cores:96",dnaseq-0,gatk-base-recalibrator,Perfect,Realtime,1729.362572669983,2912.0,2912.0,0.0
"CPU:Intel(R) Xeon(R) Gold 6240R,Memory:192002MiB,Cores:96",dnaseq-0,gatk-base-recalibrator,Perfect,Realtime,1474.3470220565796,2113.0,2113.0,0.0
"CPU:Intel(R) Xeon(R) Gold 6240R,Memory:192002MiB,Cores:96",dnaseq-0,gatk-base-recalibrator,Perfect,Realtime,609.9719657897949,2148.0,2148.0,0.0
"CPU:Intel(R) Xeon(R) Gold 6240R,Memory:192002MiB,Cores:96",dnaseq-0,gatk-base-recalibrator,Perfect,Realtime,1729.362572669983,2862.0,2862.0,0.0
"CPU:Intel(R) Xeon(R) Gold 6240R,Memory:192002MiB,Cores:96",dnaseq-0,gatk-base-recalibrator,Perfect,Realtime,609.9719657897949,1865.0,1865.0,0.0
"CPU:Intel(R) Xeon(R) Gold 6240R,Memory:192002MiB,Cores:96",dnaseq-0,gatk-base-recalibrator,Perfect,Realtime,203.0108642578125,979.0,979.0,0.0
"CPU:Intel(R) Xeon(R) Gold 6240R,Memory:192002MiB,Cores:96",dnaseq-0,gatk-base-recalibrator,Perfect,Realtime,609.9719657897949,1494.0,1494.0,0.0
"CPU:Intel(R) Xeon(R) Gold 6240R,Memory:192002MiB,Cores:96",dnaseq-0,gatk-base-recalibrator,Perfect,Realtime,812.8875761032104,4339.0,4339.0,0.0
"CPU:Intel(R) Xeon(R) Gold 6240R,Memory:192002MiB,Cores:96",dnaseq-0,gatk-base-recalibrator,Perfect,Realtime,6639.323947906494,4389.0,4389.0,0.0
"CPU:Intel(R) Xeon(R) Gold 6240R,Memory:192002MiB,Cores:96",dnaseq-0,gatk-base-recalibrator,Perfect,Realtime,1474.3470220565796,2878.0,2878.0,0.0
"CPU:Intel(R) Xeon(R) Gold 6240R,Memory:192002MiB,Cores:96",dnaseq-0,gatk-base-recalibrator,Perfect,Realtime,4590.344056129456,3080.0,3080.0,0.0
"CPU:Intel(R) Xeon(R) Gold 6240R,Memory:192002MiB,Cores:96",dnaseq-0,gatk-base-recalibrator,Perfect,Realtime,405.5044136047363,895.0,895.0,0.0
"CPU:Intel(R) Xeon(R) Gold 6240R,Memory:192002MiB,Cores:96",dnaseq-0,gatk-base-recalibrator,Perfect,Realtime,5613.892818450928,3733.0,3733.0,0.0
"CPU:Intel(R) Xeon(R) Gold 6240R,Memory:192002MiB,Cores:96",dnaseq-0,gatk-base-recalibrator,Perfect,Realtime,5102.182312011719,4003.0,4003.0,0.0
"CPU:Intel(R) Xeon(R) Gold 6240R,Memory:192002MiB,Cores:96",dnaseq-0,gatk-base-recalibrator,Perfect,Realtime,609.9719657897949,1829.0,1829.0,0.0
"CPU:Intel(R) Xeon(R) Gold 6240R,Memory:192002MiB,Cores:96",dnaseq-0,gatk-base-recalibrator,Perfect,Realtime,812.8875761032104,1534.0,1534.0,0.0
"CPU:Intel(R) Xeon(R) Gold 6240R,Memory:192002MiB,Cores:96",dnaseq-0,gatk-base-recalibrator,Perfect,Realtime,4590.344056129456,3362.0,3362.0,0.0
"CPU:Intel(R) Xeon(R) Gold 6240R,Memory:192002MiB,Cores:96",dnaseq-0,picard-collect-wgs-metrics,Lotaru-G,Realtime,3055.7511615753174,1214.141577203748,1223.0,0.007243191166191287
"CPU:Intel(R) Xeon(R) Gold 6240R,Memory:192002MiB,Cores:96",dnaseq-0,picard-collect-wgs-metrics,Lotaru-G,Realtime,1474.3470220565796,881.410730503599,696.0,0.266394727735056
"CPU:Intel(R) Xeon(R) Gold 6240R,Memory:192002MiB,Cores:96",dnaseq-0,picard-collect-wgs-metrics,Lotaru-G,Realtime,1729.362572669983,935.0665531721326,865.0,0.08100179557471972
"CPU:Intel(R) Xeon(R) Gold 6240R,Memory:192002MiB,Cores:96",dnaseq-0,picard-collect-wgs-metrics,Lotaru-G,Realtime,1729.362572669983,935.0665531721326,837.0,0.1171643407074463
"CPU:Intel(R) Xeon(R) Gold 6240R,Memory:192002MiB,Cores:96",dnaseq-0,picard-collect-wgs-metrics,Lotaru-G,Realtime,812.8875761032104,742.2382343592202,1059.0,0.29911403743227555
"CPU:Intel(R) Xeon(R) Gold 6240R,Memory:192002MiB,Cores:96",dnaseq-0,picard-collect-wgs-metrics,Lotaru-G,Realtime,812.8875761032104,742.2382343592202,770.0,0.03605424109192182
"CPU:Intel(R) Xeon(R) Gold 6240R,Memory:192002MiB,Cores:96",dnaseq-0,picard-collect-wgs-metrics,Lotaru-G,Realtime,609.9719657897949,699.5443516627913,881.0,0.2059655486233924
"CPU:Intel(R) Xeon(R) Gold 6240R,Memory:192002MiB,Cores:96",dnaseq-0,picard-collect-wgs-metrics,Lotaru-G,Realtime,812.8875761032104,742.2382343592202,1100.0,0.3252379687643453
"CPU:Intel(R) Xeon(R) Gold 6240R,Memory:192002MiB,Cores:96",dnaseq-0,picard-collect-wgs-metrics,Lotaru-G,Realtime,405.5044136047363,656.5239370444599,486.0,0.35087229844539075
"CPU:Intel(R) Xeon(R) Gold 6240R,Memory:192002MiB,Cores:96",dnaseq-0,picard-collect-wgs-metrics,Lotaru-G,Realtime,203.0108642578125,613.9188568870092,638.0,0.03774473842161574
"CPU:Intel(R) Xeon(R) Gold 6240R,Memory:192002MiB,Cores:96",dnaseq-0,picard-collect-wgs-metrics,Lotaru-G,Realtime,609.9719657897949,699.5443516627913,832.0,0.1592015004052989
"CPU:Intel(R) Xeon(R) Gold 6240R,Memory:192002MiB,Cores:96",dnaseq-0,picard-collect-wgs-metrics,Lotaru-G,Realtime,812.8875761032104,742.2382343592202,844.0,0.12057081237059218
"CPU:Intel(R) Xeon(R) Gold 6240R,Memory:192002MiB,Cores:96",dnaseq-0,picard-collect-wgs-metrics,Lotaru-G,Realtime,5613.892818450928,1752.380107254756,1237.0,0.416637111766173
"CPU:Intel(R) Xeon(R) Gold 6240R,Memory:192002MiB,Cores:96",dnaseq-0,picard-collect-wgs-metrics,Lotaru-G,Realtime,812.8875761032104,742.2382343592202,779.0,0.047190970013838
"CPU:Intel(R) Xeon(R) Gold 6240R,Memory:192002MiB,Cores:96",dnaseq-0,picard-collect-wgs-metrics,Lotaru-G,Realtime,2545.566870689392,1106.7977004315212,1056.0,0.04810388298439508
"CPU:Intel(R) Xeon(R) Gold 6240R,Memory:192002MiB,Cores:96",dnaseq-0,picard-collect-wgs-metrics,Lotaru-G,Realtime,203.0108642578125,613.9188568870092,681.0,0.09850388122318773
"CPU:Intel(R) Xeon(R) Gold 6240R,Memory:192002MiB,Cores:96",dnaseq-0,picard-collect-wgs-metrics,Lotaru-G,Realtime,5102.182312011719,1644.715111433577,2039.0,0.19337169620717165
"CPU:Intel(R) Xeon(R) Gold 6240R,Memory:192002MiB,Cores:96",dnaseq-0,picard-collect-wgs-metrics,Lotaru-G,Realtime,3055.7511615753174,1214.141577203748,860.0,0.4117925316322652
"CPU:Intel(R) Xeon(R) Gold 6240R,Memory:192002MiB,Cores:96",dnaseq-0,picard-collect-wgs-metrics,Lotaru-G,Realtime,405.5044136047363,656.5239370444599,746.0,0.11994110315756046
"CPU:Intel(R) Xeon(R) Gold 6240R,Memory:192002MiB,Cores:96",dnaseq-0,picard-collect-wgs-metrics,Lotaru-G,Realtime,812.8875761032104,742.2382343592202,726.0,0.022366713993416255
"CPU:Intel(R) Xeon(R) Gold 6240R,Memory:192002MiB,Cores:96",dnaseq-0,picard-collect-wgs-metrics,Lotaru-G,Realtime,2545.566870689392,1106.7977004315212,1656.0,0.3316439007056031
"CPU:Intel(R) Xeon(R) Gold 6240R,Memory:192002MiB,Cores:96",dnaseq-0,picard-collect-wgs-metrics,Lotaru-A,Realtime,3055.7511615753174,684.420222359246,1223.0,0.44037594246995415
"CPU:Intel(R) Xeon(R) Gold 6240R,Memory:192002MiB,Cores:96",dnaseq-0,picard-collect-wgs-metrics,Lotaru-A,Realtime,1474.3470220565796,496.85748308729984,696.0,0.28612430590905197
"CPU:Intel(R) Xeon(R) Gold 6240R,Memory:192002MiB,Cores:96",dnaseq-0,picard-collect-wgs-metrics,Lotaru-A,Realtime,1729.362572669983,527.1036510558179,865.0,0.39063161727651113
"CPU:Intel(R) Xeon(R) Gold 6240R,Memory:192002MiB,Cores:96",dnaseq-0,picard-collect-wgs-metrics,Lotaru-A,Realtime,1729.362572669983,527.1036510558179,837.0,0.3702465339834912
"CPU:Intel(R) Xeon(R) Gold 6240R,Memory:192002MiB,Cores:96",dnaseq-0,picard-collect-wgs-metrics,Lotaru-A,Realtime,812.8875761032104,418.404959472385,1059.0,0.6049056095633759
"CPU:Intel(R) Xeon(R) Gold 6240R,Memory:192002MiB,Cores:96",dnaseq-0,picard-collect-wgs-metrics,Lotaru-A,Realtime,812.8875761032104,418.404959472385,770.0,0.4566169357501494
"CPU:Intel(R) Xeon(R) Gold 6240R,Memory:192002MiB,Cores:96",dnaseq-0,picard-collect-wgs-metrics,Lotaru-A,Realtime,609.9719657897949,394.33811484972864,881.0,0.5523971454600128
"CPU:Intel(R) Xeon(R) Gold 6240R,Memory:192002MiB,Cores:96",dnaseq-0,picard-collect-wgs-metrics,Lotaru-A,Realtime,812.8875761032104,418.404959472385,1100.0,0.6196318550251046
"CPU:Intel(R) Xeon(R) Gold 6240R,Memory:192002MiB,Cores:96",dnaseq-0,picard-collect-wgs-metrics,Lotaru-A,Realtime,405.5044136047363,370.08720186569514,486.0,0.23850369986482484
"CPU:Intel(R) Xeon(R) Gold 6240R,Memory:192002MiB,Cores:96",dnaseq-0,picard-collect-wgs-metrics,Lotaru-A,Realtime,203.0108642578125,346.07041586438464,638.0,0.4575698810903062
"CPU:Intel(R) Xeon(R) Gold 6240R,Memory:192002MiB,Cores:96",dnaseq-0,picard-collect-wgs-metrics,Lotaru-A,Realtime,609.9719657897949,394.33811484972864,832.0,0.5260359196517684
"CPU:Intel(R) Xeon(R) Gold 6240R,Memory:192002MiB,Cores:96",dnaseq-0,picard-collect-wgs-metrics,Lotaru-A,Realtime,812.8875761032104,418.404959472385,844.0,0.504259526691487
"CPU:Intel(R) Xeon(R) Gold 6240R,Memory:192002MiB,Cores:96",dnaseq-0,picard-collect-wgs-metrics,Lotaru-A,Realtime,5613.892818450928,987.8291009747304,1237.0,0.201431607942821
"CPU:Intel(R) Xeon(R) Gold 6240R,Memory:192002MiB,Cores:96",dnaseq-0,picard-collect-wgs-metrics,Lotaru-A,Realtime,812.8875761032104,418.404959472385,779.0,0.462894788867285
"CPU:Intel(R) Xeon(R) Gold 6240R,Memory:192002MiB,Cores:96",dnaseq-0,picard-collect-wgs-metrics,Lotaru-A,Realtime,2545.566870689392,623.9097173335031,1056.0,0.4091764040402433
"CPU:Intel(R) Xeon(R) Gold 6240R,Memory:192002MiB,Cores:96",dnaseq-0,picard-collect-wgs-metrics,Lotaru-A,Realtime,203.0108642578125,346.07041586438464,681.0,0.4918202410214616
"CPU:Intel(R) Xeon(R) Gold 6240R,Memory:192002MiB,Cores:96",dnaseq-0,picard-collect-wgs-metrics,Lotaru-A,Realtime,5102.182312011719,927.1375788625007,2039.0,0.5452979014897005
"CPU:Intel(R) Xeon(R) Gold 6240R,Memory:192002MiB,Cores:96",dnaseq-0,picard-collect-wgs-metrics,Lotaru-A,Realtime,3055.7511615753174,684.420222359246,860.0,0.20416253214041155
"CPU:Intel(R) Xeon(R) Gold 6240R,Memory:192002MiB,Cores:96",dnaseq-0,picard-collect-wgs-metrics,Lotaru-A,Realtime,405.5044136047363,370.08720186569514,746.0,0.5039045551398188
"CPU:Intel(R) Xeon(R) Gold 6240R,Memory:192002MiB,Cores:96",dnaseq-0,picard-collect-wgs-metrics,Lotaru-A,Realtime,812.8875761032104,418.404959472385,726.0,0.423684628825916
"CPU:Intel(R) Xeon(R) Gold 6240R,Memory:192002MiB,Cores:96",dnaseq-0,picard-collect-wgs-metrics,Lotaru-A,Realtime,2545.566870689392,623.9097173335031,1656.0,0.6232429243155174
"CPU:Intel(R) Xeon(R) Gold 6240R,Memory:192002MiB,Cores:96",dnaseq-0,picard-collect-wgs-metrics,OnlineP,Realtime,3055.7511615753174,874.4095022627479,1223.0,0.2850290251326673
"CPU:Intel(R) Xeon(R) Gold 6240R,Memory:192002MiB,Cores:96",dnaseq-0,picard-collect-wgs-metrics,OnlineP,Realtime,1474.3470220565796,2294.2117020322257,696.0,2.296281181080784
"CPU:Intel(R) Xeon(R) Gold 6240R,Memory:192002MiB,Cores:96",dnaseq-0,picard-collect-wgs-metrics,OnlineP,Realtime,1729.362572669983,2691.0379930375525,865.0,2.1110265815463034
"CPU:Intel(R) Xeon(R) Gold 6240R,Memory:192002MiB,Cores:96",dnaseq-0,picard-collect-wgs-metrics,OnlineP,Realtime,1729.362572669983,2691.0379930375525,837.0,2.2150991553614725
"CPU:Intel(R) Xeon(R) Gold 6240R,Memory:192002MiB,Cores:96",dnaseq-0,picard-collect-wgs-metrics,OnlineP,Realtime,812.8875761032104,1264.9234960512763,1059.0,0.19445089334398138
"CPU:Intel(R) Xeon(R) Gold 6240R,Memory:192002MiB,Cores:96",dnaseq-0,picard-collect-wgs-metrics,OnlineP,Realtime,812.8875761032104,1264.9234960512763,770.0,0.6427577870795796
"CPU:Intel(R) Xeon(R) Gold 6240R,Memory:192002MiB,Cores:96",dnaseq-0,picard-collect-wgs-metrics,OnlineP,Realtime,609.9719657897949,949.1692260309964,881.0,0.07737710105674955
"CPU:Intel(R) Xeon(R) Gold 6240R,Memory:192002MiB,Cores:96",dnaseq-0,picard-collect-wgs-metrics,OnlineP,Realtime,812.8875761032104,1264.9234960512763,1100.0,0.14993045095570573
"CPU:Intel(R) Xeon(R) Gold 6240R,Memory:192002MiB,Cores:96",dnaseq-0,picard-collect-wgs-metrics,OnlineP,Realtime,405.5044136047363,631.0,486.0,0.29835390946502055
"CPU:Intel(R) Xeon(R) Gold 6240R,Memory:192002MiB,Cores:96",dnaseq-0,picard-collect-wgs-metrics,OnlineP,Realtime,203.0108642578125,636.0,638.0,0.003134796238244514
"CPU:Intel(R) Xeon(R) Gold 6240R,Memory:192002MiB,Cores:96",dnaseq-0,picard-collect-wgs-metrics,OnlineP,Realtime,609.9719657897949,949.1692260309964,832.0,0.1408283966718706
"CPU:Intel(R) Xeon(R) Gold 6240R,Memory:192002MiB,Cores:96",dnaseq-0,picard-collect-wgs-metrics,OnlineP,Realtime,812.8875761032104,1264.9234960512763,844.0,0.4987245213877681
"CPU:Intel(R) Xeon(R) Gold 6240R,Memory:192002MiB,Cores:96",dnaseq-0,picard-collect-wgs-metrics,OnlineP,Realtime,5613.892818450928,1451.0000000000002,1237.0,0.17299919159256283
"CPU:Intel(R) Xeon(R) Gold 6240R,Memory:192002MiB,Cores:96",dnaseq-0,picard-collect-wgs-metrics,OnlineP,Realtime,812.8875761032104,1264.9234960512763,779.0,0.6237785571903418
"CPU:Intel(R) Xeon(R) Gold 6240R,Memory:192002MiB,Cores:96",dnaseq-0,picard-collect-wgs-metrics,OnlineP,Realtime,2545.566870689392,3961.1225957473653,1056.0,2.751063064154702
"CPU:Intel(R) Xeon(R) Gold 6240R,Memory:192002MiB,Cores:96",dnaseq-0,picard-collect-wgs-metrics,OnlineP,Realtime,203.0108642578125,636.0,681.0,0.06607929515418502
"CPU:Intel(R) Xeon(R) Gold 6240R,Memory:192002MiB,Cores:96",dnaseq-0,picard-collect-wgs-metrics,OnlineP,Realtime,5102.182312011719,1460.0,2039.0,0.2839627268268759
"CPU:Intel(R) Xeon(R) Gold 6240R,Memory:192002MiB,Cores:96",dnaseq-0,picard-collect-wgs-metrics,OnlineP,Realtime,3055.7511615753174,874.4095022627479,860.0,0.01675523518924172
"CPU:Intel(R) Xeon(R) Gold 6240R,Memory:192002MiB,Cores:96",dnaseq-0,picard-collect-wgs-metrics,OnlineP,Realtime,405.5044136047363,631.0,746.0,0.15415549597855227
"CPU:Intel(R) Xeon(R) Gold 6240R,Memory:192002MiB,Cores:96",dnaseq-0,picard-collect-wgs-metrics,OnlineP,Realtime,812.8875761032104,1264.9234960512763,726.0,0.7423188650844026
"CPU:Intel(R) Xeon(R) Gold 6240R,Memory:192002MiB,Cores:96",dnaseq-0,picard-collect-wgs-metrics,OnlineP,Realtime,2545.566870689392,3961.1225957473653,1656.0,1.3919822438087954
"CPU:Intel(R) Xeon(R) Gold 6240R,Memory:192002MiB,Cores:96",dnaseq-0,picard-collect-wgs-metrics,Naive,Realtime,3055.7511615753174,3810.8235178544714,1223.0,2.1159636286626915
"CPU:Intel(R) Xeon(R) Gold 6240R,Memory:192002MiB,Cores:96",dnaseq-0,picard-collect-wgs-metrics,Naive,Realtime,1474.3470220565796,1838.6563591242984,696.0,1.641747642419969
"CPU:Intel(R) Xeon(R) Gold 6240R,Memory:192002MiB,Cores:96",dnaseq-0,picard-collect-wgs-metrics,Naive,Realtime,1729.362572669983,2156.68593886114,865.0,1.4932785420360002
"CPU:Intel(R) Xeon(R) Gold 6240R,Memory:192002MiB,Cores:96",dnaseq-0,picard-collect-wgs-metrics,Naive,Realtime,1729.362572669983,2156.68593886114,837.0,1.5766857095115174
"CPU:Intel(R) Xeon(R) Gold 6240R,Memory:192002MiB,Cores:96",dnaseq-0,picard-collect-wgs-metrics,Naive,Realtime,812.8875761032104,1013.7510970588493,1059.0,0.0427279536743633
"CPU:Intel(R) Xeon(R) Gold 6240R,Memory:192002MiB,Cores:96",dnaseq-0,picard-collect-wgs-metrics,Naive,Realtime,812.8875761032104,1013.7510970588493,770.0,0.31655986631019384
"CPU:Intel(R) Xeon(R) Gold 6240R,Memory:192002MiB,Cores:96",dnaseq-0,picard-collect-wgs-metrics,Naive,Realtime,609.9719657897949,760.6952888354093,881.0,0.1365547232288203
"CPU:Intel(R) Xeon(R) Gold 6240R,Memory:192002MiB,Cores:96",dnaseq-0,picard-collect-wgs-metrics,Naive,Realtime,812.8875761032104,1013.7510970588493,1100.0,0.0784080935828643
"CPU:Intel(R) Xeon(R) Gold 6240R,Memory:192002MiB,Cores:96",dnaseq-0,picard-collect-wgs-metrics,Naive,Realtime,405.5044136047363,505.7040558112957,486.0,0.04054332471460018
"CPU:Intel(R) Xeon(R) Gold 6240R,Memory:192002MiB,Cores:96",dnaseq-0,picard-collect-wgs-metrics,Naive,Realtime,203.0108642578125,253.17459930042318,638.0,0.6031746092469855
"CPU:Intel(R) Xeon(R) Gold 6240R,Memory:192002MiB,Cores:96",dnaseq-0,picard-collect-wgs-metrics,Naive,Realtime,609.9719657897949,760.6952888354093,832.0,0.08570277784205611
"CPU:Intel(R) Xeon(R) Gold 6240R,Memory:192002MiB,Cores:96",dnaseq-0,picard-collect-wgs-metrics,Naive,Realtime,812.8875761032104,1013.7510970588493,844.0,0.20112689224982142
"CPU:Intel(R) Xeon(R) Gold 6240R,Memory:192002MiB,Cores:96",dnaseq-0,picard-collect-wgs-metrics,Naive,Realtime,5613.892818450928,7001.078833997137,1237.0,4.659724198865915
"CPU:Intel(R) Xeon(R) Gold 6240R,Memory:192002MiB,Cores:96",dnaseq-0,picard-collect-wgs-metrics,Naive,Realtime,812.8875761032104,1013.7510970588493,779.0,0.30134929019107737
"CPU:Intel(R) Xeon(R) Gold 6240R,Memory:192002MiB,Cores:96",dnaseq-0,picard-collect-wgs-metrics,Naive,Realtime,2545.566870689392,3174.5733157451823,1056.0,2.0062247308193015
"CPU:Intel(R) Xeon(R) Gold 6240R,Memory:192002MiB,Cores:96",dnaseq-0,picard-collect-wgs-metrics,Naive,Realtime,203.0108642578125,253.17459930042318,681.0,0.6282311317174403
"CPU:Intel(R) Xeon(R) Gold 6240R,Memory:192002MiB,Cores:96",dnaseq-0,picard-collect-wgs-metrics,Naive,Realtime,5102.182312011719,6362.92529034718,2039.0,2.1206107358250024
"CPU:Intel(R) Xeon(R) Gold 6240R,Memory:192002MiB,Cores:96",dnaseq-0,picard-collect-wgs-metrics,Naive,Realtime,3055.7511615753174,3810.8235178544714,860.0,3.4311901370400832
"CPU:Intel(R) Xeon(R) Gold 6240R,Memory:192002MiB,Cores:96",dnaseq-0,picard-collect-wgs-metrics,Naive,Realtime,405.5044136047363,505.7040558112957,746.0,0.32211252572212373
"CPU:Intel(R) Xeon(R) Gold 6240R,Memory:192002MiB,Cores:96",dnaseq-0,picard-collect-wgs-metrics,Naive,Realtime,812.8875761032104,1013.7510970588493,726.0,0.3963513733592965
"CPU:Intel(R) Xeon(R) Gold 6240R,Memory:192002MiB,Cores:96",dnaseq-0,picard-collect-wgs-metrics,Naive,Realtime,2545.566870689392,3174.5733157451823,1656.0,0.9170128718268009
"CPU:Intel(R) Xeon(R) Gold 6240R,Memory:192002MiB,Cores:96",dnaseq-0,picard-collect-wgs-metrics,Perfect,Realtime,3055.7511615753174,1223.0,1223.0,0.0
"CPU:Intel(R) Xeon(R) Gold 6240R,Memory:192002MiB,Cores:96",dnaseq-0,picard-collect-wgs-metrics,Perfect,Realtime,1474.3470220565796,696.0,696.0,0.0
"CPU:Intel(R) Xeon(R) Gold 6240R,Memory:192002MiB,Cores:96",dnaseq-0,picard-collect-wgs-metrics,Perfect,Realtime,1729.362572669983,865.0,865.0,0.0
"CPU:Intel(R) Xeon(R) Gold 6240R,Memory:192002MiB,Cores:96",dnaseq-0,picard-collect-wgs-metrics,Perfect,Realtime,1729.362572669983,837.0,837.0,0.0
"CPU:Intel(R) Xeon(R) Gold 6240R,Memory:192002MiB,Cores:96",dnaseq-0,picard-collect-wgs-metrics,Perfect,Realtime,812.8875761032104,1059.0,1059.0,0.0
"CPU:Intel(R) Xeon(R) Gold 6240R,Memory:192002MiB,Cores:96",dnaseq-0,picard-collect-wgs-metrics,Perfect,Realtime,812.8875761032104,770.0,770.0,0.0
"CPU:Intel(R) Xeon(R) Gold 6240R,Memory:192002MiB,Cores:96",dnaseq-0,picard-collect-wgs-metrics,Perfect,Realtime,609.9719657897949,881.0,881.0,0.0
"CPU:Intel(R) Xeon(R) Gold 6240R,Memory:192002MiB,Cores:96",dnaseq-0,picard-collect-wgs-metrics,Perfect,Realtime,812.8875761032104,1100.0,1100.0,0.0
"CPU:Intel(R) Xeon(R) Gold 6240R,Memory:192002MiB,Cores:96",dnaseq-0,picard-collect-wgs-metrics,Perfect,Realtime,405.5044136047363,486.0,486.0,0.0
"CPU:Intel(R) Xeon(R) Gold 6240R,Memory:192002MiB,Cores:96",dnaseq-0,picard-collect-wgs-metrics,Perfect,Realtime,203.0108642578125,638.0,638.0,0.0
"CPU:Intel(R) Xeon(R) Gold 6240R,Memory:192002MiB,Cores:96",dnaseq-0,picard-collect-wgs-metrics,Perfect,Realtime,609.9719657897949,832.0,832.0,0.0
"CPU:Intel(R) Xeon(R) Gold 6240R,Memory:192002MiB,Cores:96",dnaseq-0,picard-collect-wgs-metrics,Perfect,Realtime,812.8875761032104,844.0,844.0,0.0
"CPU:Intel(R) Xeon(R) Gold 6240R,Memory:192002MiB,Cores:96",dnaseq-0,picard-collect-wgs-metrics,Perfect,Realtime,5613.892818450928,1237.0,1237.0,0.0
"CPU:Intel(R) Xeon(R) Gold 6240R,Memory:192002MiB,Cores:96",dnaseq-0,picard-collect-wgs-metrics,Perfect,Realtime,812.8875761032104,779.0,779.0,0.0
"CPU:Intel(R) Xeon(R) Gold 6240R,Memory:192002MiB,Cores:96",dnaseq-0,picard-collect-wgs-metrics,Perfect,Realtime,2545.566870689392,1056.0,1056.0,0.0
"CPU:Intel(R) Xeon(R) Gold 6240R,Memory:192002MiB,Cores:96",dnaseq-0,picard-collect-wgs-metrics,Perfect,Realtime,203.0108642578125,681.0,681.0,0.0
"CPU:Intel(R) Xeon(R) Gold 6240R,Memory:192002MiB,Cores:96",dnaseq-0,picard-collect-wgs-metrics,Perfect,Realtime,5102.182312011719,2039.0,2039.0,0.0
"CPU:Intel(R) Xeon(R) Gold 6240R,Memory:192002MiB,Cores:96",dnaseq-0,picard-collect-wgs-metrics,Perfect,Realtime,3055.7511615753174,860.0,860.0,0.0
"CPU:Intel(R) Xeon(R) Gold 6240R,Memory:192002MiB,Cores:96",dnaseq-0,picard-collect-wgs-metrics,Perfect,Realtime,405.5044136047363,746.0,746.0,0.0
"CPU:Intel(R) Xeon(R) Gold 6240R,Memory:192002MiB,Cores:96",dnaseq-0,picard-collect-wgs-metrics,Perfect,Realtime,812.8875761032104,726.0,726.0,0.0
"CPU:Intel(R) Xeon(R) Gold 6240R,Memory:192002MiB,Cores:96",dnaseq-0,picard-collect-wgs-metrics,Perfect,Realtime,2545.566870689392,1656.0,1656.0,0.0
"CPU:Intel(R) Xeon(R) Gold 6240R,Memory:192002MiB,Cores:96",dnaseq-0,picard-markduplicate,Lotaru-G,Realtime,4590.344056129456,2017.8191659302715,1599.0,0.26192568225783086
"CPU:Intel(R) Xeon(R) Gold 6240R,Memory:192002MiB,Cores:96",dnaseq-0,picard-markduplicate,Lotaru-G,Realtime,1729.362572669983,795.5922227520123,874.0,0.08971141561554659
"CPU:Intel(R) Xeon(R) Gold 6240R,Memory:192002MiB,Cores:96",dnaseq-0,picard-markduplicate,Lotaru-G,Realtime,5102.182312011719,2236.479269291801,1677.0,0.3336191230124036
"CPU:Intel(R) Xeon(R) Gold 6240R,Memory:192002MiB,Cores:96",dnaseq-0,picard-markduplicate,Lotaru-G,Realtime,405.5044136047363,230.0327739018309,337.0,0.3174101664634098
"CPU:Intel(R) Xeon(R) Gold 6240R,Memory:192002MiB,Cores:96",dnaseq-0,picard-markduplicate,Lotaru-G,Realtime,812.8875761032104,404.0690898589437,352.0,0.1479235507356355
"CPU:Intel(R) Xeon(R) Gold 6240R,Memory:192002MiB,Cores:96",dnaseq-0,picard-markduplicate,Lotaru-G,Realtime,1729.362572669983,795.5922227520123,744.0,0.06934438541937134
"CPU:Intel(R) Xeon(R) Gold 6240R,Memory:192002MiB,Cores:96",dnaseq-0,picard-markduplicate,Lotaru-G,Realtime,405.5044136047363,230.0327739018309,150.0,0.533551826012206
"CPU:Intel(R) Xeon(R) Gold 6240R,Memory:192002MiB,Cores:96",dnaseq-0,picard-markduplicate,Lotaru-G,Realtime,5102.182312011719,2236.479269291801,2108.0,0.06094841996764746
"CPU:Intel(R) Xeon(R) Gold 6240R,Memory:192002MiB,Cores:96",dnaseq-0,picard-markduplicate,Lotaru-G,Realtime,5613.892818450928,2455.084797392295,2534.0,0.03114254246555049
"CPU:Intel(R) Xeon(R) Gold 6240R,Memory:192002MiB,Cores:96",dnaseq-0,picard-markduplicate,Lotaru-G,Realtime,6639.323947906494,2893.1545863931015,2522.0,0.14716676700757392
"CPU:Intel(R) Xeon(R) Gold 6240R,Memory:192002MiB,Cores:96",dnaseq-0,picard-markduplicate,Lotaru-G,Realtime,1474.3470220565796,686.6481842494452,591.0,0.1618412593053218
"CPU:Intel(R) Xeon(R) Gold 6240R,Memory:192002MiB,Cores:96",dnaseq-0,picard-markduplicate,Lotaru-G,Realtime,812.8875761032104,404.0690898589437,343.0,0.17804399375785335
"CPU:Intel(R) Xeon(R) Gold 6240R,Memory:192002MiB,Cores:96",dnaseq-0,picard-markduplicate,Lotaru-G,Realtime,609.9719657897949,317.38243090978244,415.0,0.23522305804871702
"CPU:Intel(R) Xeon(R) Gold 6240R,Memory:192002MiB,Cores:96",dnaseq-0,picard-markduplicate,Lotaru-G,Realtime,4590.344056129456,2017.8191659302715,1697.0,0.18905077544506277
"CPU:Intel(R) Xeon(R) Gold 6240R,Memory:192002MiB,Cores:96",dnaseq-0,picard-markduplicate,Lotaru-G,Realtime,5613.892818450928,2455.084797392295,1879.0,0.30659116412575577
"CPU:Intel(R) Xeon(R) Gold 6240R,Memory:192002MiB,Cores:96",dnaseq-0,picard-markduplicate,Lotaru-G,Realtime,609.9719657897949,317.38243090978244,318.0,0.0019420411642061554
"CPU:Intel(R) Xeon(R) Gold 6240R,Memory:192002MiB,Cores:96",dnaseq-0,picard-markduplicate,Lotaru-G,Realtime,1474.3470220565796,686.6481842494452,739.0,0.07084142862050719
"CPU:Intel(R) Xeon(R) Gold 6240R,Memory:192002MiB,Cores:96",dnaseq-0,picard-markduplicate,Lotaru-G,Realtime,203.0108642578125,143.52642170680016,115.0,0.2480558409286971
"CPU:Intel(R) Xeon(R) Gold 6240R,Memory:192002MiB,Cores:96",dnaseq-0,picard-markduplicate,Lotaru-G,Realtime,3565.6447715759277,1580.0620250757984,1633.0,0.032417620896632963
"CPU:Intel(R) Xeon(R) Gold 6240R,Memory:192002MiB,Cores:96",dnaseq-0,picard-markduplicate,Lotaru-G,Realtime,3055.7511615753174,1362.2326850747586,1409.0,0.0331918487758988
"CPU:Intel(R) Xeon(R) Gold 6240R,Memory:192002MiB,Cores:96",dnaseq-0,picard-markduplicate,Lotaru-G,Realtime,3565.6447715759277,1580.0620250757984,1404.0,0.12540030276054015
"CPU:Intel(R) Xeon(R) Gold 6240R,Memory:192002MiB,Cores:96",dnaseq-0,picard-markduplicate,Lotaru-G,Realtime,609.9719657897949,317.38243090978244,412.0,0.22965429390829503
"CPU:Intel(R) Xeon(R) Gold 6240R,Memory:192002MiB,Cores:96",dnaseq-0,picard-markduplicate,Lotaru-G,Realtime,405.5044136047363,230.0327739018309,288.0,0.20127509061864274
"CPU:Intel(R) Xeon(R) Gold 6240R,Memory:192002MiB,Cores:96",dnaseq-0,picard-markduplicate,Lotaru-G,Realtime,405.5044136047363,230.0327739018309,300.0,0.23322408699389702
"CPU:Intel(R) Xeon(R) Gold 6240R,Memory:192002MiB,Cores:96",dnaseq-0,picard-markduplicate,Lotaru-G,Realtime,405.5044136047363,230.0327739018309,193.0,0.19187965752243985
"CPU:Intel(R) Xeon(R) Gold 6240R,Memory:192002MiB,Cores:96",dnaseq-0,picard-markduplicate,Lotaru-G,Realtime,5102.182312011719,2236.479269291801,2430.0,0.07963816078526714
"CPU:Intel(R) Xeon(R) Gold 6240R,Memory:192002MiB,Cores:96",dnaseq-0,picard-markduplicate,Lotaru-G,Realtime,1474.3470220565796,686.6481842494452,558.0,0.23055230152230322
"CPU:Intel(R) Xeon(R) Gold 6240R,Memory:192002MiB,Cores:96",dnaseq-0,picard-markduplicate,Lotaru-A,Realtime,4590.344056129456,1203.9084756340199,1599.0,0.24708663187365862
"CPU:Intel(R) Xeon(R) Gold 6240R,Memory:192002MiB,Cores:96",dnaseq-0,picard-markduplicate,Lotaru-A,Realtime,1729.362572669983,474.680901188722,874.0,0.4568868407451694
"CPU:Intel(R) Xeon(R) Gold 6240R,Memory:192002MiB,Cores:96",dnaseq-0,picard-markduplicate,Lotaru-A,Realtime,5102.182312011719,1334.3694981898204,1677.0,0.20431156935609993
"CPU:Intel(R) Xeon(R) Gold 6240R,Memory:192002MiB,Cores:96",dnaseq-0,picard-markduplicate,Lotaru-A,Realtime,405.5044136047363,137.2463949445846,337.0,0.5927406678202237
"CPU:Intel(R) Xeon(R) Gold 6240R,Memory:192002MiB,Cores:96",dnaseq-0,picard-markduplicate,Lotaru-A,Realtime,812.8875761032104,241.08315067898263,352.0,0.3151046855710721
"CPU:Intel(R) Xeon(R) Gold 6240R,Memory:192002MiB,Cores:96",dnaseq-0,picard-markduplicate,Lotaru-A,Realtime,1729.362572669983,474.680901188722,744.0,0.361988036036664
"CPU:Intel(R) Xeon(R) Gold 6240R,Memory:192002MiB,Cores:96",dnaseq-0,picard-markduplicate,Lotaru-A,Realtime,405.5044136047363,137.2463949445846,150.0,0.08502403370276927
"CPU:Intel(R) Xeon(R) Gold 6240R,Memory:192002MiB,Cores:96",dnaseq-0,picard-markduplicate,Lotaru-A,Realtime,5102.182312011719,1334.3694981898204,2108.0,0.36699739175055957
"CPU:Intel(R) Xeon(R) Gold 6240R,Memory:192002MiB,Cores:96",dnaseq-0,picard-markduplicate,Lotaru-A,Realtime,5613.892818450928,1464.7979590471152,2534.0,0.421942399744627
"CPU:Intel(R) Xeon(R) Gold 6240R,Memory:192002MiB,Cores:96",dnaseq-0,picard-markduplicate,Lotaru-A,Realtime,6639.323947906494,1726.1672337581786,2522.0,0.3155562118326017
"CPU:Intel(R) Xeon(R) Gold 6240R,Memory:192002MiB,Cores:96",dnaseq-0,picard-markduplicate,Lotaru-A,Realtime,1474.3470220565796,409.6807002105676,591.0,0.30680084566739835
"CPU:Intel(R) Xeon(R) Gold 6240R,Memory:192002MiB,Cores:96",dnaseq-0,picard-markduplicate,Lotaru-A,Realtime,812.8875761032104,241.08315067898263,343.0,0.29713367148984654
"CPU:Intel(R) Xeon(R) Gold 6240R,Memory:192002MiB,Cores:96",dnaseq-0,picard-markduplicate,Lotaru-A,Realtime,609.9719657897949,189.36255787493087,415.0,0.5437046798194437
"CPU:Intel(R) Xeon(R) Gold 6240R,Memory:192002MiB,Cores:96",dnaseq-0,picard-markduplicate,Lotaru-A,Realtime,4590.344056129456,1203.9084756340199,1697.0,0.29056660245490873
"CPU:Intel(R) Xeon(R) Gold 6240R,Memory:192002MiB,Cores:96",dnaseq-0,picard-markduplicate,Lotaru-A,Realtime,5613.892818450928,1464.7979590471152,1879.0,0.22043748853266884
"CPU:Intel(R) Xeon(R) Gold 6240R,Memory:192002MiB,Cores:96",dnaseq-0,picard-markduplicate,Lotaru-A,Realtime,609.9719657897949,189.36255787493087,318.0,0.4045202582549344
"CPU:Intel(R) Xeon(R) Gold 6240R,Memory:192002MiB,Cores:96",dnaseq-0,picard-markduplicate,Lotaru-A,Realtime,1474.3470220565796,409.6807002105676,739.0,0.44562828117649855
"CPU:Intel(R) Xeon(R) Gold 6240R,Memory:192002MiB,Cores:96",dnaseq-0,picard-markduplicate,Lotaru-A,Realtime,203.0108642578125,85.63338008070558,115.0,0.25536191234169064
"CPU:Intel(R) Xeon(R) Gold 6240R,Memory:192002MiB,Cores:96",dnaseq-0,picard-markduplicate,Lotaru-A,Realtime,3565.6447715759277,942.7257388246761,1633.0,0.4227031605482694
"CPU:Intel(R) Xeon(R) Gold 6240R,Memory:192002MiB,Cores:96",dnaseq-0,picard-markduplicate,Lotaru-A,Realtime,3055.7511615753174,812.7603816227519,1409.0,0.4231650946609284
"CPU:Intel(R) Xeon(R) Gold 6240R,Memory:192002MiB,Cores:96",dnaseq-0,picard-markduplicate,Lotaru-A,Realtime,3565.6447715759277,942.7257388246761,1404.0,0.3285429210650455
"CPU:Intel(R) Xeon(R) Gold 6240R,Memory:192002MiB,Cores:96",dnaseq-0,picard-markduplicate,Lotaru-A,Realtime,609.9719657897949,189.36255787493087,412.0,0.5403821410802648
"CPU:Intel(R) Xeon(R) Gold 6240R,Memory:192002MiB,Cores:96",dnaseq-0,picard-markduplicate,Lotaru-A,Realtime,405.5044136047363,137.2463949445846,288.0,0.5234500175535257
"CPU:Intel(R) Xeon(R) Gold 6240R,Memory:192002MiB,Cores:96",dnaseq-0,picard-markduplicate,Lotaru-A,Realtime,405.5044136047363,137.2463949445846,300.0,0.5425120168513846
"CPU:Intel(R) Xeon(R) Gold 6240R,Memory:192002MiB,Cores:96",dnaseq-0,picard-markduplicate,Lotaru-A,Realtime,405.5044136047363,137.2463949445846,193.0,0.28887878267054606
"CPU:Intel(R) Xeon(R) Gold 6240R,Memory:192002MiB,Cores:96",dnaseq-0,picard-markduplicate,Lotaru-A,Realtime,5102.182312011719,1334.3694981898204,2430.0,0.4508767497161233
"CPU:Intel(R) Xeon(R) Gold 6240R,Memory:192002MiB,Cores:96",dnaseq-0,picard-markduplicate,Lotaru-A,Realtime,1474.3470220565796,409.6807002105676,558.0,0.2658051967552552
"CPU:Intel(R) Xeon(R) Gold 6240R,Memory:192002MiB,Cores:96",dnaseq-0,picard-markduplicate,OnlineP,Realtime,4590.344056129456,1830.7238829289258,1599.0,0.14491800058094173
"CPU:Intel(R) Xeon(R) Gold 6240R,Memory:192002MiB,Cores:96",dnaseq-0,picard-markduplicate,OnlineP,Realtime,1729.362572669983,689.7054611413776,874.0,0.21086331677187922
"CPU:Intel(R) Xeon(R) Gold 6240R,Memory:192002MiB,Cores:96",dnaseq-0,picard-markduplicate,OnlineP,Realtime,5102.182312011719,2034.8555357598568,1677.0,0.21339030158608038
"CPU:Intel(R) Xeon(R) Gold 6240R,Memory:192002MiB,Cores:96",dnaseq-0,picard-markduplicate,OnlineP,Realtime,405.5044136047363,327.0,337.0,0.02967359050445104
"CPU:Intel(R) Xeon(R) Gold 6240R,Memory:192002MiB,Cores:96",dnaseq-0,picard-markduplicate,OnlineP,Realtime,812.8875761032104,277.19407663357333,352.0,0.2125168277455303
"CPU:Intel(R) Xeon(R) Gold 6240R,Memory:192002MiB,Cores:96",dnaseq-0,picard-markduplicate,OnlineP,Realtime,1729.362572669983,689.7054611413776,744.0,0.0729765307239549
"CPU:Intel(R) Xeon(R) Gold 6240R,Memory:192002MiB,Cores:96",dnaseq-0,picard-markduplicate,OnlineP,Realtime,405.5044136047363,327.0,150.0,1.18
"CPU:Intel(R) Xeon(R) Gold 6240R,Memory:192002MiB,Cores:96",dnaseq-0,picard-markduplicate,OnlineP,Realtime,5102.182312011719,2034.8555357598568,2108.0,0.03469851244788576
"CPU:Intel(R) Xeon(R) Gold 6240R,Memory:192002MiB,Cores:96",dnaseq-0,picard-markduplicate,OnlineP,Realtime,5613.892818450928,2238.936239478135,2534.0,0.11644189444430343
"CPU:Intel(R) Xeon(R) Gold 6240R,Memory:192002MiB,Cores:96",dnaseq-0,picard-markduplicate,OnlineP,Realtime,6639.323947906494,2647.8993228632175,2522.0,0.049920429366858664
"CPU:Intel(R) Xeon(R) Gold 6240R,Memory:192002MiB,Cores:96",dnaseq-0,picard-markduplicate,OnlineP,Realtime,1474.3470220565796,588.0,591.0,0.005076142131979695
"CPU:Intel(R) Xeon(R) Gold 6240R,Memory:192002MiB,Cores:96",dnaseq-0,picard-markduplicate,OnlineP,Realtime,812.8875761032104,277.19407663357333,343.0,0.19185400398375121
"CPU:Intel(R) Xeon(R) Gold 6240R,Memory:192002MiB,Cores:96",dnaseq-0,picard-markduplicate,OnlineP,Realtime,609.9719657897949,208.0,415.0,0.4987951807228916
"CPU:Intel(R) Xeon(R) Gold 6240R,Memory:192002MiB,Cores:96",dnaseq-0,picard-markduplicate,OnlineP,Realtime,4590.344056129456,1830.7238829289258,1697.0,0.07880016672299696
"CPU:Intel(R) Xeon(R) Gold 6240R,Memory:192002MiB,Cores:96",dnaseq-0,picard-markduplicate,OnlineP,Realtime,5613.892818450928,2238.936239478135,1879.0,0.19155733873237632
"CPU:Intel(R) Xeon(R) Gold 6240R,Memory:192002MiB,Cores:96",dnaseq-0,picard-markduplicate,OnlineP,Realtime,609.9719657897949,208.0,318.0,0.34591194968553457
"CPU:Intel(R) Xeon(R) Gold 6240R,Memory:192002MiB,Cores:96",dnaseq-0,picard-markduplicate,OnlineP,Realtime,1474.3470220565796,588.0,739.0,0.20433017591339647
"CPU:Intel(R) Xeon(R) Gold 6240R,Memory:192002MiB,Cores:96",dnaseq-0,picard-markduplicate,OnlineP,Realtime,203.0108642578125,82.0,115.0,0.28695652173913044
"CPU:Intel(R) Xeon(R) Gold 6240R,Memory:192002MiB,Cores:96",dnaseq-0,picard-markduplicate,OnlineP,Realtime,3565.6447715759277,1422.0526743846785,1633.0,0.1291777866597192
"CPU:Intel(R) Xeon(R) Gold 6240R,Memory:192002MiB,Cores:96",dnaseq-0,picard-markduplicate,OnlineP,Realtime,3055.7511615753174,1218.696586438612,1409.0,0.13506274915641445
"CPU:Intel(R) Xeon(R) Gold 6240R,Memory:192002MiB,Cores:96",dnaseq-0,picard-markduplicate,OnlineP,Realtime,3565.6447715759277,1422.0526743846785,1404.0,0.012858030188517479
"CPU:Intel(R) Xeon(R) Gold 6240R,Memory:192002MiB,Cores:96",dnaseq-0,picard-markduplicate,OnlineP,Realtime,609.9719657897949,208.0,412.0,0.49514563106796117
"CPU:Intel(R) Xeon(R) Gold 6240R,Memory:192002MiB,Cores:96",dnaseq-0,picard-markduplicate,OnlineP,Realtime,405.5044136047363,327.0,288.0,0.13541666666666666
"CPU:Intel(R) Xeon(R) Gold 6240R,Memory:192002MiB,Cores:96",dnaseq-0,picard-markduplicate,OnlineP,Realtime,405.5044136047363,327.0,300.0,0.09
"CPU:Intel(R) Xeon(R) Gold 6240R,Memory:192002MiB,Cores:96",dnaseq-0,picard-markduplicate,OnlineP,Realtime,405.5044136047363,327.0,193.0,0.694300518134715
"CPU:Intel(R) Xeon(R) Gold 6240R,Memory:192002MiB,Cores:96",dnaseq-0,picard-markduplicate,OnlineP,Realtime,5102.182312011719,2034.8555357598568,2430.0,0.16261089063380377
"CPU:Intel(R) Xeon(R) Gold 6240R,Memory:192002MiB,Cores:96",dnaseq-0,picard-markduplicate,OnlineP,Realtime,1474.3470220565796,588.0,558.0,0.053763440860215055
"CPU:Intel(R) Xeon(R) Gold 6240R,Memory:192002MiB,Cores:96",dnaseq-0,picard-markduplicate,Naive,Realtime,4590.344056129456,2114.687616897693,1599.0,0.32250632701544263
"CPU:Intel(R) Xeon(R) Gold 6240R,Memory:192002MiB,Cores:96",dnaseq-0,picard-markduplicate,Naive,Realtime,1729.362572669983,796.6857326670971,874.0,0.0884602601062962
"CPU:Intel(R) Xeon(R) Gold 6240R,Memory:192002MiB,Cores:96",dnaseq-0,picard-markduplicate,Naive,Realtime,5102.182312011719,2350.4821474020987,1677.0,0.40159937233279586
"CPU:Intel(R) Xeon(R) Gold 6240R,Memory:192002MiB,Cores:96",dnaseq-0,picard-markduplicate,Naive,Realtime,405.5044136047363,186.80847264645928,337.0,0.4456721879927024
"CPU:Intel(R) Xeon(R) Gold 6240R,Memory:192002MiB,Cores:96",dnaseq-0,picard-markduplicate,Naive,Realtime,812.8875761032104,374.48245057362675,352.0,0.06387059822053054
"CPU:Intel(R) Xeon(R) Gold 6240R,Memory:192002MiB,Cores:96",dnaseq-0,picard-markduplicate,Naive,Realtime,1729.362572669983,796.6857326670971,744.0,0.0708141568106144
"CPU:Intel(R) Xeon(R) Gold 6240R,Memory:192002MiB,Cores:96",dnaseq-0,picard-markduplicate,Naive,Realtime,405.5044136047363,186.80847264645928,150.0,0.24538981764306186
"CPU:Intel(R) Xeon(R) Gold 6240R,Memory:192002MiB,Cores:96",dnaseq-0,picard-markduplicate,Naive,Realtime,5102.182312011719,2350.4821474020987,2108.0,0.11502948168980014
"CPU:Intel(R) Xeon(R) Gold 6240R,Memory:192002MiB,Cores:96",dnaseq-0,picard-markduplicate,Naive,Realtime,5613.892818450928,2586.2178260727446,2534.0,0.02060687690321414
"CPU:Intel(R) Xeon(R) Gold 6240R,Memory:192002MiB,Cores:96",dnaseq-0,picard-markduplicate,Naive,Realtime,6639.323947906494,3058.6152073857124,2522.0,0.21277367461764965
"CPU:Intel(R) Xeon(R) Gold 6240R,Memory:192002MiB,Cores:96",dnaseq-0,picard-markduplicate,Naive,Realtime,1474.3470220565796,679.2047289766621,591.0,0.14924658033276153
"CPU:Intel(R) Xeon(R) Gold 6240R,Memory:192002MiB,Cores:96",dnaseq-0,picard-markduplicate,Naive,Realtime,812.8875761032104,374.48245057362675,343.0,0.09178557018550072
"CPU:Intel(R) Xeon(R) Gold 6240R,Memory:192002MiB,Cores:96",dnaseq-0,picard-markduplicate,Naive,Realtime,609.9719657897949,281.00293723910033,415.0,0.32288448858048113
"CPU:Intel(R) Xeon(R) Gold 6240R,Memory:192002MiB,Cores:96",dnaseq-0,picard-markduplicate,Naive,Realtime,4590.344056129456,2114.687616897693,1697.0,0.24613295044059683
"CPU:Intel(R) Xeon(R) Gold 6240R,Memory:192002MiB,Cores:96",dnaseq-0,picard-markduplicate,Naive,Realtime,5613.892818450928,2586.2178260727446,1879.0,0.3763798967923069
"CPU:Intel(R) Xeon(R) Gold 6240R,Memory:192002MiB,Cores:96",dnaseq-0,picard-markduplicate,Naive,Realtime,609.9719657897949,281.00293723910033,318.0,0.1163429646569172
"CPU:Intel(R) Xeon(R) Gold 6240R,Memory:192002MiB,Cores:96",dnaseq-0,picard-markduplicate,Naive,Realtime,1474.3470220565796,679.2047289766621,739.0,0.08091376322508516
"CPU:Intel(R) Xeon(R) Gold 6240R,Memory:192002MiB,Cores:96",dnaseq-0,picard-markduplicate,Naive,Realtime,203.0108642578125,93.5233950859189,115.0,0.18675308620940081
"CPU:Intel(R) Xeon(R) Gold 6240R,Memory:192002MiB,Cores:96",dnaseq-0,picard-markduplicate,Naive,Realtime,3565.6447715759277,1642.6273831564338,1633.0,0.005895519385446283
"CPU:Intel(R) Xeon(R) Gold 6240R,Memory:192002MiB,Cores:96",dnaseq-0,picard-markduplicate,Naive,Realtime,3055.7511615753174,1407.7287154707838,1409.0,0.0009022601342911608
"CPU:Intel(R) Xeon(R) Gold 6240R,Memory:192002MiB,Cores:96",dnaseq-0,picard-markduplicate,Naive,Realtime,3565.6447715759277,1642.6273831564338,1404.0,0.16996252361569358
"CPU:Intel(R) Xeon(R) Gold 6240R,Memory:192002MiB,Cores:96",dnaseq-0,picard-markduplicate,Naive,Realtime,609.9719657897949,281.00293723910033,412.0,0.3179540358274264
"CPU:Intel(R) Xeon(R) Gold 6240R,Memory:192002MiB,Cores:96",dnaseq-0,picard-markduplicate,Naive,Realtime,405.5044136047363,186.80847264645928,288.0,0.35135946997757195
"CPU:Intel(R) Xeon(R) Gold 6240R,Memory:192002MiB,Cores:96",dnaseq-0,picard-markduplicate,Naive,Realtime,405.5044136047363,186.80847264645928,300.0,0.37730509117846905
"CPU:Intel(R) Xeon(R) Gold 6240R,Memory:192002MiB,Cores:96",dnaseq-0,picard-markduplicate,Naive,Realtime,405.5044136047363,186.80847264645928,193.0,0.03208045260901928
"CPU:Intel(R) Xeon(R) Gold 6240R,Memory:192002MiB,Cores:96",dnaseq-0,picard-markduplicate,Naive,Realtime,5102.182312011719,2350.4821474020987,2430.0,0.03272339613082358
"CPU:Intel(R) Xeon(R) Gold 6240R,Memory:192002MiB,Cores:96",dnaseq-0,picard-markduplicate,Naive,Realtime,1474.3470220565796,679.2047289766621,558.0,0.21721277594383884
"CPU:Intel(R) Xeon(R) Gold 6240R,Memory:192002MiB,Cores:96",dnaseq-0,picard-markduplicate,Perfect,Realtime,4590.344056129456,1599.0,1599.0,0.0
"CPU:Intel(R) Xeon(R) Gold 6240R,Memory:192002MiB,Cores:96",dnaseq-0,picard-markduplicate,Perfect,Realtime,1729.362572669983,874.0,874.0,0.0
"CPU:Intel(R) Xeon(R) Gold 6240R,Memory:192002MiB,Cores:96",dnaseq-0,picard-markduplicate,Perfect,Realtime,5102.182312011719,1677.0,1677.0,0.0
"CPU:Intel(R) Xeon(R) Gold 6240R,Memory:192002MiB,Cores:96",dnaseq-0,picard-markduplicate,Perfect,Realtime,405.5044136047363,337.0,337.0,0.0
"CPU:Intel(R) Xeon(R) Gold 6240R,Memory:192002MiB,Cores:96",dnaseq-0,picard-markduplicate,Perfect,Realtime,812.8875761032104,352.0,352.0,0.0
"CPU:Intel(R) Xeon(R) Gold 6240R,Memory:192002MiB,Cores:96",dnaseq-0,picard-markduplicate,Perfect,Realtime,1729.362572669983,744.0,744.0,0.0
"CPU:Intel(R) Xeon(R) Gold 6240R,Memory:192002MiB,Cores:96",dnaseq-0,picard-markduplicate,Perfect,Realtime,405.5044136047363,150.0,150.0,0.0
"CPU:Intel(R) Xeon(R) Gold 6240R,Memory:192002MiB,Cores:96",dnaseq-0,picard-markduplicate,Perfect,Realtime,5102.182312011719,2108.0,2108.0,0.0
"CPU:Intel(R) Xeon(R) Gold 6240R,Memory:192002MiB,Cores:96",dnaseq-0,picard-markduplicate,Perfect,Realtime,5613.892818450928,2534.0,2534.0,0.0
"CPU:Intel(R) Xeon(R) Gold 6240R,Memory:192002MiB,Cores:96",dnaseq-0,picard-markduplicate,Perfect,Realtime,6639.323947906494,2522.0,2522.0,0.0
"CPU:Intel(R) Xeon(R) Gold 6240R,Memory:192002MiB,Cores:96",dnaseq-0,picard-markduplicate,Perfect,Realtime,1474.3470220565796,591.0,591.0,0.0
"CPU:Intel(R) Xeon(R) Gold 6240R,Memory:192002MiB,Cores:96",dnaseq-0,picard-markduplicate,Perfect,Realtime,812.8875761032104,343.0,343.0,0.0
"CPU:Intel(R) Xeon(R) Gold 6240R,Memory:192002MiB,Cores:96",dnaseq-0,picard-markduplicate,Perfect,Realtime,609.9719657897949,415.0,415.0,0.0
"CPU:Intel(R) Xeon(R) Gold 6240R,Memory:192002MiB,Cores:96",dnaseq-0,picard-markduplicate,Perfect,Realtime,4590.344056129456,1697.0,1697.0,0.0
"CPU:Intel(R) Xeon(R) Gold 6240R,Memory:192002MiB,Cores:96",dnaseq-0,picard-markduplicate,Perfect,Realtime,5613.892818450928,1879.0,1879.0,0.0
"CPU:Intel(R) Xeon(R) Gold 6240R,Memory:192002MiB,Cores:96",dnaseq-0,picard-markduplicate,Perfect,Realtime,609.9719657897949,318.0,318.0,0.0
"CPU:Intel(R) Xeon(R) Gold 6240R,Memory:192002MiB,Cores:96",dnaseq-0,picard-markduplicate,Perfect,Realtime,1474.3470220565796,739.0,739.0,0.0
"CPU:Intel(R) Xeon(R) Gold 6240R,Memory:192002MiB,Cores:96",dnaseq-0,picard-markduplicate,Perfect,Realtime,203.0108642578125,115.0,115.0,0.0
"CPU:Intel(R) Xeon(R) Gold 6240R,Memory:192002MiB,Cores:96",dnaseq-0,picard-markduplicate,Perfect,Realtime,3565.6447715759277,1633.0,1633.0,0.0
"CPU:Intel(R) Xeon(R) Gold 6240R,Memory:192002MiB,Cores:96",dnaseq-0,picard-markduplicate,Perfect,Realtime,3055.7511615753174,1409.0,1409.0,0.0
"CPU:Intel(R) Xeon(R) Gold 6240R,Memory:192002MiB,Cores:96",dnaseq-0,picard-markduplicate,Perfect,Realtime,3565.6447715759277,1404.0,1404.0,0.0
"CPU:Intel(R) Xeon(R) Gold 6240R,Memory:192002MiB,Cores:96",dnaseq-0,picard-markduplicate,Perfect,Realtime,609.9719657897949,412.0,412.0,0.0
"CPU:Intel(R) Xeon(R) Gold 6240R,Memory:192002MiB,Cores:96",dnaseq-0,picard-markduplicate,Perfect,Realtime,405.5044136047363,288.0,288.0,0.0
"CPU:Intel(R) Xeon(R) Gold 6240R,Memory:192002MiB,Cores:96",dnaseq-0,picard-markduplicate,Perfect,Realtime,405.5044136047363,300.0,300.0,0.0
"CPU:Intel(R) Xeon(R) Gold 6240R,Memory:192002MiB,Cores:96",dnaseq-0,picard-markduplicate,Perfect,Realtime,405.5044136047363,193.0,193.0,0.0
"CPU:Intel(R) Xeon(R) Gold 6240R,Memory:192002MiB,Cores:96",dnaseq-0,picard-markduplicate,Perfect,Realtime,5102.182312011719,2430.0,2430.0,0.0
"CPU:Intel(R) Xeon(R) Gold 6240R,Memory:192002MiB,Cores:96",dnaseq-0,picard-markduplicate,Perfect,Realtime,1474.3470220565796,558.0,558.0,0.0
"CPU:Intel(R) Xeon(R) Gold 6240R,Memory:192002MiB,Cores:96",dnaseq-0,picard-validate-sam,Lotaru-G,Realtime,1729.362572669983,197.32971811569234,176.0,0.12119158020279741
"CPU:Intel(R) Xeon(R) Gold 6240R,Memory:192002MiB,Cores:96",dnaseq-0,picard-validate-sam,Lotaru-G,Realtime,812.8875761032104,120.6405700525174,152.0,0.20631203912817497
"CPU:Intel(R) Xeon(R) Gold 6240R,Memory:192002MiB,Cores:96",dnaseq-0,picard-validate-sam,Lotaru-G,Realtime,5613.892818450928,522.3809375058023,845.0,0.38179770709372507
"CPU:Intel(R) Xeon(R) Gold 6240R,Memory:192002MiB,Cores:96",dnaseq-0,picard-validate-sam,Lotaru-G,Realtime,609.9719657897949,103.66091938888769,85.0,0.21954022810456109
"CPU:Intel(R) Xeon(R) Gold 6240R,Memory:192002MiB,Cores:96",dnaseq-0,picard-validate-sam,Lotaru-G,Realtime,3565.6447715759277,350.98684784122815,341.0,0.029286943815918343
"CPU:Intel(R) Xeon(R) Gold 6240R,Memory:192002MiB,Cores:96",dnaseq-0,picard-validate-sam,Lotaru-G,Realtime,3565.6447715759277,350.98684784122815,484.0,0.2748205623115121
"CPU:Intel(R) Xeon(R) Gold 6240R,Memory:192002MiB,Cores:96",dnaseq-0,picard-validate-sam,Lotaru-G,Realtime,1729.362572669983,197.32971811569234,259.0,0.23810919646450832
"CPU:Intel(R) Xeon(R) Gold 6240R,Memory:192002MiB,Cores:96",dnaseq-0,picard-validate-sam,Lotaru-G,Realtime,812.8875761032104,120.6405700525174,88.0,0.3709155687786069
"CPU:Intel(R) Xeon(R) Gold 6240R,Memory:192002MiB,Cores:96",dnaseq-0,picard-validate-sam,Lotaru-G,Realtime,405.5044136047363,86.55140473505014,57.0,0.5184456971061429
"CPU:Intel(R) Xeon(R) Gold 6240R,Memory:192002MiB,Cores:96",dnaseq-0,picard-validate-sam,Lotaru-G,Realtime,203.0108642578125,69.60707145167872,45.0,0.5468238100373048
"CPU:Intel(R) Xeon(R) Gold 6240R,Memory:192002MiB,Cores:96",dnaseq-0,picard-validate-sam,Lotaru-G,Realtime,812.8875761032104,120.6405700525174,108.0,0.11704231530108708
"CPU:Intel(R) Xeon(R) Gold 6240R,Memory:192002MiB,Cores:96",dnaseq-0,picard-validate-sam,Lotaru-G,Realtime,3055.7511615753174,308.3197737799723,558.0,0.4474556025448525
"CPU:Intel(R) Xeon(R) Gold 6240R,Memory:192002MiB,Cores:96",dnaseq-0,picard-validate-sam,Lotaru-G,Realtime,1474.3470220565796,175.99042856315026,138.0,0.2752929606025381
"CPU:Intel(R) Xeon(R) Gold 6240R,Memory:192002MiB,Cores:96",dnaseq-0,picard-validate-sam,Lotaru-G,Realtime,609.9719657897949,103.66091938888769,60.0,0.7276819898147948
"CPU:Intel(R) Xeon(R) Gold 6240R,Memory:192002MiB,Cores:96",dnaseq-0,picard-validate-sam,Lotaru-G,Realtime,1474.3470220565796,175.99042856315026,167.0,0.05383490157575006
"CPU:Intel(R) Xeon(R) Gold 6240R,Memory:192002MiB,Cores:96",dnaseq-0,picard-validate-sam,Lotaru-G,Realtime,203.0108642578125,69.60707145167872,37.0,0.8812722013967221
"CPU:Intel(R) Xeon(R) Gold 6240R,Memory:192002MiB,Cores:96",dnaseq-0,picard-validate-sam,Lotaru-G,Realtime,609.9719657897949,103.66091938888769,98.0,0.05776448356007849
"CPU:Intel(R) Xeon(R) Gold 6240R,Memory:192002MiB,Cores:96",dnaseq-0,picard-validate-sam,Lotaru-G,Realtime,405.5044136047363,86.55140473505014,127.0,0.3184928761019674
"CPU:Intel(R) Xeon(R) Gold 6240R,Memory:192002MiB,Cores:96",dnaseq-0,picard-validate-sam,Lotaru-G,Realtime,4590.344056129456,436.732029594945,904.0,0.5168893477932024
"CPU:Intel(R) Xeon(R) Gold 6240R,Memory:192002MiB,Cores:96",dnaseq-0,picard-validate-sam,Lotaru-G,Realtime,3055.7511615753174,308.3197737799723,554.0,0.4434661123105193
"CPU:Intel(R) Xeon(R) Gold 6240R,Memory:192002MiB,Cores:96",dnaseq-0,picard-validate-sam,Lotaru-A,Realtime,1729.362572669983,291.6935897143585,176.0,0.6573499415588551
"CPU:Intel(R) Xeon(R) Gold 6240R,Memory:192002MiB,Cores:96",dnaseq-0,picard-validate-sam,Lotaru-A,Realtime,812.8875761032104,178.33137998592673,152.0,0.17323276306530744
"CPU:Intel(R) Xeon(R) Gold 6240R,Memory:192002MiB,Cores:96",dnaseq-0,picard-validate-sam,Lotaru-A,Realtime,5613.892818450928,772.1856206680612,845.0,0.08617086311472043
"CPU:Intel(R) Xeon(R) Gold 6240R,Memory:192002MiB,Cores:96",dnaseq-0,picard-validate-sam,Lotaru-A,Realtime,609.9719657897949,153.2319915032141,85.0,0.8027293118025187
"CPU:Intel(R) Xeon(R) Gold 6240R,Memory:192002MiB,Cores:96",dnaseq-0,picard-validate-sam,Lotaru-A,Realtime,3565.6447715759277,518.8301821285252,341.0,0.5214961352742673
"CPU:Intel(R) Xeon(R) Gold 6240R,Memory:192002MiB,Cores:96",dnaseq-0,picard-validate-sam,Lotaru-A,Realtime,3565.6447715759277,518.8301821285252,484.0,0.07196318621596108
"CPU:Intel(R) Xeon(R) Gold 6240R,Memory:192002MiB,Cores:96",dnaseq-0,picard-validate-sam,Lotaru-A,Realtime,1729.362572669983,291.6935897143585,259.0,0.12623007611721426
"CPU:Intel(R) Xeon(R) Gold 6240R,Memory:192002MiB,Cores:96",dnaseq-0,picard-validate-sam,Lotaru-A,Realtime,812.8875761032104,178.33137998592673,88.0,1.026492954385531
"CPU:Intel(R) Xeon(R) Gold 6240R,Memory:192002MiB,Cores:96",dnaseq-0,picard-validate-sam,Lotaru-A,Realtime,405.5044136047363,127.9406375434305,57.0,1.2445725884812369
"CPU:Intel(R) Xeon(R) Gold 6240R,Memory:192002MiB,Cores:96",dnaseq-0,picard-validate-sam,Lotaru-A,Realtime,203.0108642578125,102.89345535546768,45.0,1.286521230121504
"CPU:Intel(R) Xeon(R) Gold 6240R,Memory:192002MiB,Cores:96",dnaseq-0,picard-validate-sam,Lotaru-A,Realtime,812.8875761032104,178.33137998592673,108.0,0.6512164813511734
"CPU:Intel(R) Xeon(R) Gold 6240R,Memory:192002MiB,Cores:96",dnaseq-0,picard-validate-sam,Lotaru-A,Realtime,3055.7511615753174,455.759540187815,558.0,0.18322663048778676
"CPU:Intel(R) Xeon(R) Gold 6240R,Memory:192002MiB,Cores:96",dnaseq-0,picard-validate-sam,Lotaru-A,Realtime,1474.3470220565796,260.1497653427769,138.0,0.8851432271215718
"CPU:Intel(R) Xeon(R) Gold 6240R,Memory:192002MiB,Cores:96",dnaseq-0,picard-validate-sam,Lotaru-A,Realtime,609.9719657897949,153.2319915032141,60.0,1.5538665250535681
"CPU:Intel(R) Xeon(R) Gold 6240R,Memory:192002MiB,Cores:96",dnaseq-0,picard-validate-sam,Lotaru-A,Realtime,1474.3470220565796,260.1497653427769,167.0,0.5577830260046521
"CPU:Intel(R) Xeon(R) Gold 6240R,Memory:192002MiB,Cores:96",dnaseq-0,picard-validate-sam,Lotaru-A,Realtime,203.0108642578125,102.89345535546768,37.0,1.7809041987964238
"CPU:Intel(R) Xeon(R) Gold 6240R,Memory:192002MiB,Cores:96",dnaseq-0,picard-validate-sam,Lotaru-A,Realtime,609.9719657897949,153.2319915032141,98.0,0.5635917500327968
"CPU:Intel(R) Xeon(R) Gold 6240R,Memory:192002MiB,Cores:96",dnaseq-0,picard-validate-sam,Lotaru-A,Realtime,405.5044136047363,127.9406375434305,127.0,0.007406594830161399
"CPU:Intel(R) Xeon(R) Gold 6240R,Memory:192002MiB,Cores:96",dnaseq-0,picard-validate-sam,Lotaru-A,Realtime,4590.344056129456,645.5790575908005,904.0,0.2858638743464596
"CPU:Intel(R) Xeon(R) Gold 6240R,Memory:192002MiB,Cores:96",dnaseq-0,picard-validate-sam,Lotaru-A,Realtime,3055.7511615753174,455.759540187815,554.0,0.17732934984148918
"CPU:Intel(R) Xeon(R) Gold 6240R,Memory:192002MiB,Cores:96",dnaseq-0,picard-validate-sam,OnlineP,Realtime,1729.362572669983,145.3835665496189,176.0,0.17395700824080168
"CPU:Intel(R) Xeon(R) Gold 6240R,Memory:192002MiB,Cores:96",dnaseq-0,picard-validate-sam,OnlineP,Realtime,812.8875761032104,102.23628890430284,152.0,0.32739283615590237
"CPU:Intel(R) Xeon(R) Gold 6240R,Memory:192002MiB,Cores:96",dnaseq-0,picard-validate-sam,OnlineP,Realtime,5613.892818450928,463.508911788833,845.0,0.451468743445168
"CPU:Intel(R) Xeon(R) Gold 6240R,Memory:192002MiB,Cores:96",dnaseq-0,picard-validate-sam,OnlineP,Realtime,609.9719657897949,76.71573776161777,85.0,0.09746190868684972
"CPU:Intel(R) Xeon(R) Gold 6240R,Memory:192002MiB,Cores:96",dnaseq-0,picard-validate-sam,OnlineP,Realtime,3565.6447715759277,299.75562217723217,341.0,0.12095125461222238
"CPU:Intel(R) Xeon(R) Gold 6240R,Memory:192002MiB,Cores:96",dnaseq-0,picard-validate-sam,OnlineP,Realtime,3565.6447715759277,299.75562217723217,484.0,0.38067020211315666
"CPU:Intel(R) Xeon(R) Gold 6240R,Memory:192002MiB,Cores:96",dnaseq-0,picard-validate-sam,OnlineP,Realtime,1729.362572669983,145.3835665496189,259.0,0.43867348822540964
"CPU:Intel(R) Xeon(R) Gold 6240R,Memory:192002MiB,Cores:96",dnaseq-0,picard-validate-sam,OnlineP,Realtime,812.8875761032104,102.23628890430284,88.0,0.1617760102761686
"CPU:Intel(R) Xeon(R) Gold 6240R,Memory:192002MiB,Cores:96",dnaseq-0,picard-validate-sam,OnlineP,Realtime,405.5044136047363,51.0,57.0,0.10526315789473684
"CPU:Intel(R) Xeon(R) Gold 6240R,Memory:192002MiB,Cores:96",dnaseq-0,picard-validate-sam,OnlineP,Realtime,203.0108642578125,54.0,45.0,0.2
"CPU:Intel(R) Xeon(R) Gold 6240R,Memory:192002MiB,Cores:96",dnaseq-0,picard-validate-sam,OnlineP,Realtime,812.8875761032104,102.23628890430284,108.0,0.05336769533052927
"CPU:Intel(R) Xeon(R) Gold 6240R,Memory:192002MiB,Cores:96",dnaseq-0,picard-validate-sam,OnlineP,Realtime,3055.7511615753174,256.890029528087,558.0,0.5396236029962599
"CPU:Intel(R) Xeon(R) Gold 6240R,Memory:192002MiB,Cores:96",dnaseq-0,picard-validate-sam,OnlineP,Realtime,1474.3470220565796,185.42757021179636,138.0,0.34367804501301713
"CPU:Intel(R) Xeon(R) Gold 6240R,Memory:192002MiB,Cores:96",dnaseq-0,picard-validate-sam,OnlineP,Realtime,609.9719657897949,76.71573776161777,60.0,0.27859562936029625
"CPU:Intel(R) Xeon(R) Gold 6240R,Memory:192002MiB,Cores:96",dnaseq-0,picard-validate-sam,OnlineP,Realtime,1474.3470220565796,185.42757021179636,167.0,0.11034473180716386
"CPU:Intel(R) Xeon(R) Gold 6240R,Memory:192002MiB,Cores:96",dnaseq-0,picard-validate-sam,OnlineP,Realtime,203.0108642578125,54.0,37.0,0.4594594594594595
"CPU:Intel(R) Xeon(R) Gold 6240R,Memory:192002MiB,Cores:96",dnaseq-0,picard-validate-sam,OnlineP,Realtime,609.9719657897949,76.71573776161777,98.0,0.2171863493712472
"CPU:Intel(R) Xeon(R) Gold 6240R,Memory:192002MiB,Cores:96",dnaseq-0,picard-validate-sam,OnlineP,Realtime,405.5044136047363,51.0,127.0,0.5984251968503937
"CPU:Intel(R) Xeon(R) Gold 6240R,Memory:192002MiB,Cores:96",dnaseq-0,picard-validate-sam,OnlineP,Realtime,4590.344056129456,379.0,904.0,0.5807522123893806
"CPU:Intel(R) Xeon(R) Gold 6240R,Memory:192002MiB,Cores:96",dnaseq-0,picard-validate-sam,OnlineP,Realtime,3055.7511615753174,256.890029528087,554.0,0.5362995856893736
"CPU:Intel(R) Xeon(R) Gold 6240R,Memory:192002MiB,Cores:96",dnaseq-0,picard-validate-sam,Naive,Realtime,1729.362572669983,288.88679824230803,176.0,0.6414022627403866
"CPU:Intel(R) Xeon(R) Gold 6240R,Memory:192002MiB,Cores:96",dnaseq-0,picard-validate-sam,Naive,Realtime,812.8875761032104,135.7913562503243,152.0,0.1066358141426033
"CPU:Intel(R) Xeon(R) Gold 6240R,Memory:192002MiB,Cores:96",dnaseq-0,picard-validate-sam,Naive,Realtime,5613.892818450928,937.7903440421352,845.0,0.1098110580380298
"CPU:Intel(R) Xeon(R) Gold 6240R,Memory:192002MiB,Cores:96",dnaseq-0,picard-validate-sam,Naive,Realtime,609.9719657897949,101.89468131169478,85.0,0.19876095660817392
"CPU:Intel(R) Xeon(R) Gold 6240R,Memory:192002MiB,Cores:96",dnaseq-0,picard-validate-sam,Naive,Realtime,3565.6447715759277,595.6343209970493,341.0,0.7467282140675932
"CPU:Intel(R) Xeon(R) Gold 6240R,Memory:192002MiB,Cores:96",dnaseq-0,picard-validate-sam,Naive,Realtime,3565.6447715759277,595.6343209970493,484.0,0.23064942354762244
"CPU:Intel(R) Xeon(R) Gold 6240R,Memory:192002MiB,Cores:96",dnaseq-0,picard-validate-sam,Naive,Realtime,1729.362572669983,288.88679824230803,259.0,0.11539304340659472
"CPU:Intel(R) Xeon(R) Gold 6240R,Memory:192002MiB,Cores:96",dnaseq-0,picard-validate-sam,Naive,Realtime,812.8875761032104,135.7913562503243,88.0,0.5430835937536852
"CPU:Intel(R) Xeon(R) Gold 6240R,Memory:192002MiB,Cores:96",dnaseq-0,picard-validate-sam,Naive,Realtime,405.5044136047363,67.73875737262868,57.0,0.1883992521513804
"CPU:Intel(R) Xeon(R) Gold 6240R,Memory:192002MiB,Cores:96",dnaseq-0,picard-validate-sam,Naive,Realtime,203.0108642578125,33.91258693270853,45.0,0.2463869570509216
"CPU:Intel(R) Xeon(R) Gold 6240R,Memory:192002MiB,Cores:96",dnaseq-0,picard-validate-sam,Naive,Realtime,812.8875761032104,135.7913562503243,108.0,0.25732737268818795
"CPU:Intel(R) Xeon(R) Gold 6240R,Memory:192002MiB,Cores:96",dnaseq-0,picard-validate-sam,Naive,Realtime,3055.7511615753174,510.4575427059198,558.0,0.08520153636931932
"CPU:Intel(R) Xeon(R) Gold 6240R,Memory:192002MiB,Cores:96",dnaseq-0,picard-validate-sam,Naive,Realtime,1474.3470220565796,246.2869252700577,138.0,0.7846878642757805
"CPU:Intel(R) Xeon(R) Gold 6240R,Memory:192002MiB,Cores:96",dnaseq-0,picard-validate-sam,Naive,Realtime,609.9719657897949,101.89468131169478,60.0,0.6982446885282464
"CPU:Intel(R) Xeon(R) Gold 6240R,Memory:192002MiB,Cores:96",dnaseq-0,picard-validate-sam,Naive,Realtime,1474.3470220565796,246.2869252700577,167.0,0.474772007605136
"CPU:Intel(R) Xeon(R) Gold 6240R,Memory:192002MiB,Cores:96",dnaseq-0,picard-validate-sam,Naive,Realtime,203.0108642578125,33.91258693270853,37.0,0.08344359641328301
"CPU:Intel(R) Xeon(R) Gold 6240R,Memory:192002MiB,Cores:96",dnaseq-0,picard-validate-sam,Naive,Realtime,609.9719657897949,101.89468131169478,98.0,0.03974164603770186
"CPU:Intel(R) Xeon(R) Gold 6240R,Memory:192002MiB,Cores:96",dnaseq-0,picard-validate-sam,Naive,Realtime,405.5044136047363,67.73875737262868,127.0,0.46662395769583714
"CPU:Intel(R) Xeon(R) Gold 6240R,Memory:192002MiB,Cores:96",dnaseq-0,picard-validate-sam,Naive,Realtime,4590.344056129456,766.8084288180718,904.0,0.15176058759062858
"CPU:Intel(R) Xeon(R) Gold 6240R,Memory:192002MiB,Cores:96",dnaseq-0,picard-validate-sam,Naive,Realtime,3055.7511615753174,510.4575427059198,554.0,0.07859649331061404
"CPU:Intel(R) Xeon(R) Gold 6240R,Memory:192002MiB,Cores:96",dnaseq-0,picard-validate-sam,Perfect,Realtime,1729.362572669983,176.0,176.0,0.0
"CPU:Intel(R) Xeon(R) Gold 6240R,Memory:192002MiB,Cores:96",dnaseq-0,picard-validate-sam,Perfect,Realtime,812.8875761032104,152.0,152.0,0.0
"CPU:Intel(R) Xeon(R) Gold 6240R,Memory:192002MiB,Cores:96",dnaseq-0,picard-validate-sam,Perfect,Realtime,5613.892818450928,845.0,845.0,0.0
"CPU:Intel(R) Xeon(R) Gold 6240R,Memory:192002MiB,Cores:96",dnaseq-0,picard-validate-sam,Perfect,Realtime,609.9719657897949,85.0,85.0,0.0
"CPU:Intel(R) Xeon(R) Gold 6240R,Memory:192002MiB,Cores:96",dnaseq-0,picard-validate-sam,Perfect,Realtime,3565.6447715759277,341.0,341.0,0.0
"CPU:Intel(R) Xeon(R) Gold 6240R,Memory:192002MiB,Cores:96",dnaseq-0,picard-validate-sam,Perfect,Realtime,3565.6447715759277,484.0,484.0,0.0
"CPU:Intel(R) Xeon(R) Gold 6240R,Memory:192002MiB,Cores:96",dnaseq-0,picard-validate-sam,Perfect,Realtime,1729.362572669983,259.0,259.0,0.0
"CPU:Intel(R) Xeon(R) Gold 6240R,Memory:192002MiB,Cores:96",dnaseq-0,picard-validate-sam,Perfect,Realtime,812.8875761032104,88.0,88.0,0.0
"CPU:Intel(R) Xeon(R) Gold 6240R,Memory:192002MiB,Cores:96",dnaseq-0,picard-validate-sam,Perfect,Realtime,405.5044136047363,57.0,57.0,0.0
"CPU:Intel(R) Xeon(R) Gold 6240R,Memory:192002MiB,Cores:96",dnaseq-0,picard-validate-sam,Perfect,Realtime,203.0108642578125,45.0,45.0,0.0
"CPU:Intel(R) Xeon(R) Gold 6240R,Memory:192002MiB,Cores:96",dnaseq-0,picard-validate-sam,Perfect,Realtime,812.8875761032104,108.0,108.0,0.0
"CPU:Intel(R) Xeon(R) Gold 6240R,Memory:192002MiB,Cores:96",dnaseq-0,picard-validate-sam,Perfect,Realtime,3055.7511615753174,558.0,558.0,0.0
"CPU:Intel(R) Xeon(R) Gold 6240R,Memory:192002MiB,Cores:96",dnaseq-0,picard-validate-sam,Perfect,Realtime,1474.3470220565796,138.0,138.0,0.0
"CPU:Intel(R) Xeon(R) Gold 6240R,Memory:192002MiB,Cores:96",dnaseq-0,picard-validate-sam,Perfect,Realtime,609.9719657897949,60.0,60.0,0.0
"CPU:Intel(R) Xeon(R) Gold 6240R,Memory:192002MiB,Cores:96",dnaseq-0,picard-validate-sam,Perfect,Realtime,1474.3470220565796,167.0,167.0,0.0
"CPU:Intel(R) Xeon(R) Gold 6240R,Memory:192002MiB,Cores:96",dnaseq-0,picard-validate-sam,Perfect,Realtime,203.0108642578125,37.0,37.0,0.0
"CPU:Intel(R) Xeon(R) Gold 6240R,Memory:192002MiB,Cores:96",dnaseq-0,picard-validate-sam,Perfect,Realtime,609.9719657897949,98.0,98.0,0.0
"CPU:Intel(R) Xeon(R) Gold 6240R,Memory:192002MiB,Cores:96",dnaseq-0,picard-validate-sam,Perfect,Realtime,405.5044136047363,127.0,127.0,0.0
"CPU:Intel(R) Xeon(R) Gold 6240R,Memory:192002MiB,Cores:96",dnaseq-0,picard-validate-sam,Perfect,Realtime,4590.344056129456,904.0,904.0,0.0
"CPU:Intel(R) Xeon(R) Gold 6240R,Memory:192002MiB,Cores:96",dnaseq-0,picard-validate-sam,Perfect,Realtime,3055.7511615753174,554.0,554.0,0.0
"CPU:Intel(R) Xeon(R) Gold 6240R,Memory:192002MiB,Cores:96",dnaseq-0,samtools-index-markduplicate,Lotaru-G,Realtime,1474.3470220565796,36.0,32.0,0.125
"CPU:Intel(R) Xeon(R) Gold 6240R,Memory:192002MiB,Cores:96",dnaseq-0,samtools-index-markduplicate,Lotaru-G,Realtime,6639.323947906494,36.0,39.0,0.07692307692307693
"CPU:Intel(R) Xeon(R) Gold 6240R,Memory:192002MiB,Cores:96",dnaseq-0,samtools-index-markduplicate,Lotaru-G,Realtime,405.5044136047363,36.0,25.0,0.44
"CPU:Intel(R) Xeon(R) Gold 6240R,Memory:192002MiB,Cores:96",dnaseq-0,samtools-index-markduplicate,Lotaru-G,Realtime,405.5044136047363,36.0,27.0,0.3333333333333333
"CPU:Intel(R) Xeon(R) Gold 6240R,Memory:192002MiB,Cores:96",dnaseq-0,samtools-index-markduplicate,Lotaru-G,Realtime,609.9719657897949,36.0,40.0,0.1
"CPU:Intel(R) Xeon(R) Gold 6240R,Memory:192002MiB,Cores:96",dnaseq-0,samtools-index-markduplicate,Lotaru-G,Realtime,4590.344056129456,36.0,36.0,0.0
"CPU:Intel(R) Xeon(R) Gold 6240R,Memory:192002MiB,Cores:96",dnaseq-0,samtools-index-markduplicate,Lotaru-G,Realtime,5102.182312011719,36.0,64.0,0.4375
"CPU:Intel(R) Xeon(R) Gold 6240R,Memory:192002MiB,Cores:96",dnaseq-0,samtools-index-markduplicate,Lotaru-G,Realtime,3565.6447715759277,36.0,33.0,0.09090909090909091
"CPU:Intel(R) Xeon(R) Gold 6240R,Memory:192002MiB,Cores:96",dnaseq-0,samtools-index-markduplicate,Lotaru-G,Realtime,2545.566870689392,36.0,37.0,0.02702702702702703
"CPU:Intel(R) Xeon(R) Gold 6240R,Memory:192002MiB,Cores:96",dnaseq-0,samtools-index-markduplicate,Lotaru-G,Realtime,405.5044136047363,36.0,27.0,0.3333333333333333
"CPU:Intel(R) Xeon(R) Gold 6240R,Memory:192002MiB,Cores:96",dnaseq-0,samtools-index-markduplicate,Lotaru-G,Realtime,203.0108642578125,36.0,30.0,0.2
"CPU:Intel(R) Xeon(R) Gold 6240R,Memory:192002MiB,Cores:96",dnaseq-0,samtools-index-markduplicate,Lotaru-G,Realtime,812.8875761032104,36.0,29.0,0.2413793103448276
"CPU:Intel(R) Xeon(R) Gold 6240R,Memory:192002MiB,Cores:96",dnaseq-0,samtools-index-markduplicate,Lotaru-G,Realtime,5613.892818450928,36.0,40.0,0.1
"CPU:Intel(R) Xeon(R) Gold 6240R,Memory:192002MiB,Cores:96",dnaseq-0,samtools-index-markduplicate,Lotaru-G,Realtime,1729.362572669983,36.0,30.0,0.2
"CPU:Intel(R) Xeon(R) Gold 6240R,Memory:192002MiB,Cores:96",dnaseq-0,samtools-index-markduplicate,Lotaru-G,Realtime,1474.3470220565796,36.0,130.0,0.7230769230769231
"CPU:Intel(R) Xeon(R) Gold 6240R,Memory:192002MiB,Cores:96",dnaseq-0,samtools-index-markduplicate,Lotaru-G,Realtime,609.9719657897949,36.0,27.0,0.3333333333333333
"CPU:Intel(R) Xeon(R) Gold 6240R,Memory:192002MiB,Cores:96",dnaseq-0,samtools-index-markduplicate,Lotaru-G,Realtime,4590.344056129456,36.0,40.0,0.1
"CPU:Intel(R) Xeon(R) Gold 6240R,Memory:192002MiB,Cores:96",dnaseq-0,samtools-index-markduplicate,Lotaru-G,Realtime,5613.892818450928,36.0,51.0,0.29411764705882354
"CPU:Intel(R) Xeon(R) Gold 6240R,Memory:192002MiB,Cores:96",dnaseq-0,samtools-index-markduplicate,Lotaru-G,Realtime,3055.7511615753174,36.0,33.0,0.09090909090909091
"CPU:Intel(R) Xeon(R) Gold 6240R,Memory:192002MiB,Cores:96",dnaseq-0,samtools-index-markduplicate,Lotaru-G,Realtime,3055.7511615753174,36.0,40.0,0.1
"CPU:Intel(R) Xeon(R) Gold 6240R,Memory:192002MiB,Cores:96",dnaseq-0,samtools-index-markduplicate,Lotaru-G,Realtime,3055.7511615753174,36.0,40.0,0.1
"CPU:Intel(R) Xeon(R) Gold 6240R,Memory:192002MiB,Cores:96",dnaseq-0,samtools-index-markduplicate,Lotaru-G,Realtime,5613.892818450928,36.0,108.0,0.6666666666666666
"CPU:Intel(R) Xeon(R) Gold 6240R,Memory:192002MiB,Cores:96",dnaseq-0,samtools-index-markduplicate,Lotaru-G,Realtime,203.0108642578125,36.0,32.0,0.125
"CPU:Intel(R) Xeon(R) Gold 6240R,Memory:192002MiB,Cores:96",dnaseq-0,samtools-index-markduplicate,Lotaru-G,Realtime,1474.3470220565796,36.0,48.0,0.25
"CPU:Intel(R) Xeon(R) Gold 6240R,Memory:192002MiB,Cores:96",dnaseq-0,samtools-index-markduplicate,Lotaru-G,Realtime,405.5044136047363,36.0,32.0,0.125
"CPU:Intel(R) Xeon(R) Gold 6240R,Memory:192002MiB,Cores:96",dnaseq-0,samtools-index-markduplicate,Lotaru-G,Realtime,609.9719657897949,36.0,26.0,0.38461538461538464
"CPU:Intel(R) Xeon(R) Gold 6240R,Memory:192002MiB,Cores:96",dnaseq-0,samtools-index-markduplicate,Lotaru-G,Realtime,812.8875761032104,36.0,29.0,0.2413793103448276
"CPU:Intel(R) Xeon(R) Gold 6240R,Memory:192002MiB,Cores:96",dnaseq-0,samtools-index-markduplicate,Lotaru-G,Realtime,1729.362572669983,36.0,35.0,0.02857142857142857
"CPU:Intel(R) Xeon(R) Gold 6240R,Memory:192002MiB,Cores:96",dnaseq-0,samtools-index-markduplicate,Lotaru-G,Realtime,4590.344056129456,36.0,37.0,0.02702702702702703
"CPU:Intel(R) Xeon(R) Gold 6240R,Memory:192002MiB,Cores:96",dnaseq-0,samtools-index-markduplicate,Lotaru-A,Realtime,1474.3470220565796,36.0,32.0,0.125
"CPU:Intel(R) Xeon(R) Gold 6240R,Memory:192002MiB,Cores:96",dnaseq-0,samtools-index-markduplicate,Lotaru-A,Realtime,6639.323947906494,36.0,39.0,0.07692307692307693
"CPU:Intel(R) Xeon(R) Gold 6240R,Memory:192002MiB,Cores:96",dnaseq-0,samtools-index-markduplicate,Lotaru-A,Realtime,405.5044136047363,36.0,25.0,0.44
"CPU:Intel(R) Xeon(R) Gold 6240R,Memory:192002MiB,Cores:96",dnaseq-0,samtools-index-markduplicate,Lotaru-A,Realtime,405.5044136047363,36.0,27.0,0.3333333333333333
"CPU:Intel(R) Xeon(R) Gold 6240R,Memory:192002MiB,Cores:96",dnaseq-0,samtools-index-markduplicate,Lotaru-A,Realtime,609.9719657897949,36.0,40.0,0.1
"CPU:Intel(R) Xeon(R) Gold 6240R,Memory:192002MiB,Cores:96",dnaseq-0,samtools-index-markduplicate,Lotaru-A,Realtime,4590.344056129456,36.0,36.0,0.0
"CPU:Intel(R) Xeon(R) Gold 6240R,Memory:192002MiB,Cores:96",dnaseq-0,samtools-index-markduplicate,Lotaru-A,Realtime,5102.182312011719,36.0,64.0,0.4375
"CPU:Intel(R) Xeon(R) Gold 6240R,Memory:192002MiB,Cores:96",dnaseq-0,samtools-index-markduplicate,Lotaru-A,Realtime,3565.6447715759277,36.0,33.0,0.09090909090909091
"CPU:Intel(R) Xeon(R) Gold 6240R,Memory:192002MiB,Cores:96",dnaseq-0,samtools-index-markduplicate,Lotaru-A,Realtime,2545.566870689392,36.0,37.0,0.02702702702702703
"CPU:Intel(R) Xeon(R) Gold 6240R,Memory:192002MiB,Cores:96",dnaseq-0,samtools-index-markduplicate,Lotaru-A,Realtime,405.5044136047363,36.0,27.0,0.3333333333333333
"CPU:Intel(R) Xeon(R) Gold 6240R,Memory:192002MiB,Cores:96",dnaseq-0,samtools-index-markduplicate,Lotaru-A,Realtime,203.0108642578125,36.0,30.0,0.2
"CPU:Intel(R) Xeon(R) Gold 6240R,Memory:192002MiB,Cores:96",dnaseq-0,samtools-index-markduplicate,Lotaru-A,Realtime,812.8875761032104,36.0,29.0,0.2413793103448276
"CPU:Intel(R) Xeon(R) Gold 6240R,Memory:192002MiB,Cores:96",dnaseq-0,samtools-index-markduplicate,Lotaru-A,Realtime,5613.892818450928,36.0,40.0,0.1
"CPU:Intel(R) Xeon(R) Gold 6240R,Memory:192002MiB,Cores:96",dnaseq-0,samtools-index-markduplicate,Lotaru-A,Realtime,1729.362572669983,36.0,30.0,0.2
"CPU:Intel(R) Xeon(R) Gold 6240R,Memory:192002MiB,Cores:96",dnaseq-0,samtools-index-markduplicate,Lotaru-A,Realtime,1474.3470220565796,36.0,130.0,0.7230769230769231
"CPU:Intel(R) Xeon(R) Gold 6240R,Memory:192002MiB,Cores:96",dnaseq-0,samtools-index-markduplicate,Lotaru-A,Realtime,609.9719657897949,36.0,27.0,0.3333333333333333
"CPU:Intel(R) Xeon(R) Gold 6240R,Memory:192002MiB,Cores:96",dnaseq-0,samtools-index-markduplicate,Lotaru-A,Realtime,4590.344056129456,36.0,40.0,0.1
"CPU:Intel(R) Xeon(R) Gold 6240R,Memory:192002MiB,Cores:96",dnaseq-0,samtools-index-markduplicate,Lotaru-A,Realtime,5613.892818450928,36.0,51.0,0.29411764705882354
"CPU:Intel(R) Xeon(R) Gold 6240R,Memory:192002MiB,Cores:96",dnaseq-0,samtools-index-markduplicate,Lotaru-A,Realtime,3055.7511615753174,36.0,33.0,0.09090909090909091
"CPU:Intel(R) Xeon(R) Gold 6240R,Memory:192002MiB,Cores:96",dnaseq-0,samtools-index-markduplicate,Lotaru-A,Realtime,3055.7511615753174,36.0,40.0,0.1
"CPU:Intel(R) Xeon(R) Gold 6240R,Memory:192002MiB,Cores:96",dnaseq-0,samtools-index-markduplicate,Lotaru-A,Realtime,3055.7511615753174,36.0,40.0,0.1
"CPU:Intel(R) Xeon(R) Gold 6240R,Memory:192002MiB,Cores:96",dnaseq-0,samtools-index-markduplicate,Lotaru-A,Realtime,5613.892818450928,36.0,108.0,0.6666666666666666
"CPU:Intel(R) Xeon(R) Gold 6240R,Memory:192002MiB,Cores:96",dnaseq-0,samtools-index-markduplicate,Lotaru-A,Realtime,203.0108642578125,36.0,32.0,0.125
"CPU:Intel(R) Xeon(R) Gold 6240R,Memory:192002MiB,Cores:96",dnaseq-0,samtools-index-markduplicate,Lotaru-A,Realtime,1474.3470220565796,36.0,48.0,0.25
"CPU:Intel(R) Xeon(R) Gold 6240R,Memory:192002MiB,Cores:96",dnaseq-0,samtools-index-markduplicate,Lotaru-A,Realtime,405.5044136047363,36.0,32.0,0.125
"CPU:Intel(R) Xeon(R) Gold 6240R,Memory:192002MiB,Cores:96",dnaseq-0,samtools-index-markduplicate,Lotaru-A,Realtime,609.9719657897949,36.0,26.0,0.38461538461538464
"CPU:Intel(R) Xeon(R) Gold 6240R,Memory:192002MiB,Cores:96",dnaseq-0,samtools-index-markduplicate,Lotaru-A,Realtime,812.8875761032104,36.0,29.0,0.2413793103448276
"CPU:Intel(R) Xeon(R) Gold 6240R,Memory:192002MiB,Cores:96",dnaseq-0,samtools-index-markduplicate,Lotaru-A,Realtime,1729.362572669983,36.0,35.0,0.02857142857142857
"CPU:Intel(R) Xeon(R) Gold 6240R,Memory:192002MiB,Cores:96",dnaseq-0,samtools-index-markduplicate,Lotaru-A,Realtime,4590.344056129456,36.0,37.0,0.02702702702702703
"CPU:Intel(R) Xeon(R) Gold 6240R,Memory:192002MiB,Cores:96",dnaseq-0,samtools-index-markduplicate,OnlineP,Realtime,1474.3470220565796,36.0,32.0,0.125
"CPU:Intel(R) Xeon(R) Gold 6240R,Memory:192002MiB,Cores:96",dnaseq-0,samtools-index-markduplicate,OnlineP,Realtime,6639.323947906494,36.0,39.0,0.07692307692307693
"CPU:Intel(R) Xeon(R) Gold 6240R,Memory:192002MiB,Cores:96",dnaseq-0,samtools-index-markduplicate,OnlineP,Realtime,405.5044136047363,36.0,25.0,0.44
"CPU:Intel(R) Xeon(R) Gold 6240R,Memory:192002MiB,Cores:96",dnaseq-0,samtools-index-markduplicate,OnlineP,Realtime,405.5044136047363,36.0,27.0,0.3333333333333333
"CPU:Intel(R) Xeon(R) Gold 6240R,Memory:192002MiB,Cores:96",dnaseq-0,samtools-index-markduplicate,OnlineP,Realtime,609.9719657897949,36.0,40.0,0.1
"CPU:Intel(R) Xeon(R) Gold 6240R,Memory:192002MiB,Cores:96",dnaseq-0,samtools-index-markduplicate,OnlineP,Realtime,4590.344056129456,36.0,36.0,0.0
"CPU:Intel(R) Xeon(R) Gold 6240R,Memory:192002MiB,Cores:96",dnaseq-0,samtools-index-markduplicate,OnlineP,Realtime,5102.182312011719,36.0,64.0,0.4375
"CPU:Intel(R) Xeon(R) Gold 6240R,Memory:192002MiB,Cores:96",dnaseq-0,samtools-index-markduplicate,OnlineP,Realtime,3565.6447715759277,36.0,33.0,0.09090909090909091
"CPU:Intel(R) Xeon(R) Gold 6240R,Memory:192002MiB,Cores:96",dnaseq-0,samtools-index-markduplicate,OnlineP,Realtime,2545.566870689392,36.0,37.0,0.02702702702702703
"CPU:Intel(R) Xeon(R) Gold 6240R,Memory:192002MiB,Cores:96",dnaseq-0,samtools-index-markduplicate,OnlineP,Realtime,405.5044136047363,36.0,27.0,0.3333333333333333
"CPU:Intel(R) Xeon(R) Gold 6240R,Memory:192002MiB,Cores:96",dnaseq-0,samtools-index-markduplicate,OnlineP,Realtime,203.0108642578125,36.0,30.0,0.2
"CPU:Intel(R) Xeon(R) Gold 6240R,Memory:192002MiB,Cores:96",dnaseq-0,samtools-index-markduplicate,OnlineP,Realtime,812.8875761032104,36.0,29.0,0.2413793103448276
"CPU:Intel(R) Xeon(R) Gold 6240R,Memory:192002MiB,Cores:96",dnaseq-0,samtools-index-markduplicate,OnlineP,Realtime,5613.892818450928,36.0,40.0,0.1
"CPU:Intel(R) Xeon(R) Gold 6240R,Memory:192002MiB,Cores:96",dnaseq-0,samtools-index-markduplicate,OnlineP,Realtime,1729.362572669983,36.0,30.0,0.2
"CPU:Intel(R) Xeon(R) Gold 6240R,Memory:192002MiB,Cores:96",dnaseq-0,samtools-index-markduplicate,OnlineP,Realtime,1474.3470220565796,36.0,130.0,0.7230769230769231
"CPU:Intel(R) Xeon(R) Gold 6240R,Memory:192002MiB,Cores:96",dnaseq-0,samtools-index-markduplicate,OnlineP,Realtime,609.9719657897949,36.0,27.0,0.3333333333333333
"CPU:Intel(R) Xeon(R) Gold 6240R,Memory:192002MiB,Cores:96",dnaseq-0,samtools-index-markduplicate,OnlineP,Realtime,4590.344056129456,36.0,40.0,0.1
"CPU:Intel(R) Xeon(R) Gold 6240R,Memory:192002MiB,Cores:96",dnaseq-0,samtools-index-markduplicate,OnlineP,Realtime,5613.892818450928,36.0,51.0,0.29411764705882354
"CPU:Intel(R) Xeon(R) Gold 6240R,Memory:192002MiB,Cores:96",dnaseq-0,samtools-index-markduplicate,OnlineP,Realtime,3055.7511615753174,36.0,33.0,0.09090909090909091
"CPU:Intel(R) Xeon(R) Gold 6240R,Memory:192002MiB,Cores:96",dnaseq-0,samtools-index-markduplicate,OnlineP,Realtime,3055.7511615753174,36.0,40.0,0.1
"CPU:Intel(R) Xeon(R) Gold 6240R,Memory:192002MiB,Cores:96",dnaseq-0,samtools-index-markduplicate,OnlineP,Realtime,3055.7511615753174,36.0,40.0,0.1
"CPU:Intel(R) Xeon(R) Gold 6240R,Memory:192002MiB,Cores:96",dnaseq-0,samtools-index-markduplicate,OnlineP,Realtime,5613.892818450928,36.0,108.0,0.6666666666666666
"CPU:Intel(R) Xeon(R) Gold 6240R,Memory:192002MiB,Cores:96",dnaseq-0,samtools-index-markduplicate,OnlineP,Realtime,203.0108642578125,36.0,32.0,0.125
"CPU:Intel(R) Xeon(R) Gold 6240R,Memory:192002MiB,Cores:96",dnaseq-0,samtools-index-markduplicate,OnlineP,Realtime,1474.3470220565796,36.0,48.0,0.25
"CPU:Intel(R) Xeon(R) Gold 6240R,Memory:192002MiB,Cores:96",dnaseq-0,samtools-index-markduplicate,OnlineP,Realtime,405.5044136047363,36.0,32.0,0.125
"CPU:Intel(R) Xeon(R) Gold 6240R,Memory:192002MiB,Cores:96",dnaseq-0,samtools-index-markduplicate,OnlineP,Realtime,609.9719657897949,36.0,26.0,0.38461538461538464
"CPU:Intel(R) Xeon(R) Gold 6240R,Memory:192002MiB,Cores:96",dnaseq-0,samtools-index-markduplicate,OnlineP,Realtime,812.8875761032104,36.0,29.0,0.2413793103448276
"CPU:Intel(R) Xeon(R) Gold 6240R,Memory:192002MiB,Cores:96",dnaseq-0,samtools-index-markduplicate,OnlineP,Realtime,1729.362572669983,36.0,35.0,0.02857142857142857
"CPU:Intel(R) Xeon(R) Gold 6240R,Memory:192002MiB,Cores:96",dnaseq-0,samtools-index-markduplicate,OnlineP,Realtime,4590.344056129456,36.0,37.0,0.02702702702702703
"CPU:Intel(R) Xeon(R) Gold 6240R,Memory:192002MiB,Cores:96",dnaseq-0,samtools-index-markduplicate,Naive,Realtime,1474.3470220565796,115.8508917711992,32.0,2.620340367849975
"CPU:Intel(R) Xeon(R) Gold 6240R,Memory:192002MiB,Cores:96",dnaseq-0,samtools-index-markduplicate,Naive,Realtime,6639.323947906494,521.7032276769698,39.0,12.377005837871021
"CPU:Intel(R) Xeon(R) Gold 6240R,Memory:192002MiB,Cores:96",dnaseq-0,samtools-index-markduplicate,Naive,Realtime,405.5044136047363,31.863629953100062,25.0,0.2745451981240025
"CPU:Intel(R) Xeon(R) Gold 6240R,Memory:192002MiB,Cores:96",dnaseq-0,samtools-index-markduplicate,Naive,Realtime,405.5044136047363,31.863629953100062,27.0,0.18013444270740972
"CPU:Intel(R) Xeon(R) Gold 6240R,Memory:192002MiB,Cores:96",dnaseq-0,samtools-index-markduplicate,Naive,Realtime,609.9719657897949,47.93023293363242,40.0,0.19825582334081043
"CPU:Intel(R) Xeon(R) Gold 6240R,Memory:192002MiB,Cores:96",dnaseq-0,samtools-index-markduplicate,Naive,Realtime,4590.344056129456,360.69897010909614,36.0,9.019415836363782
"CPU:Intel(R) Xeon(R) Gold 6240R,Memory:192002MiB,Cores:96",dnaseq-0,samtools-index-markduplicate,Naive,Realtime,5102.182312011719,400.9180755839128,64.0,5.264344930998638
"CPU:Intel(R) Xeon(R) Gold 6240R,Memory:192002MiB,Cores:96",dnaseq-0,samtools-index-markduplicate,Naive,Realtime,3565.6447715759277,280.1803919610268,33.0,7.490314907909904
"CPU:Intel(R) Xeon(R) Gold 6240R,Memory:192002MiB,Cores:96",dnaseq-0,samtools-index-markduplicate,Naive,Realtime,2545.566870689392,200.02495180627133,37.0,4.406079778547874
"CPU:Intel(R) Xeon(R) Gold 6240R,Memory:192002MiB,Cores:96",dnaseq-0,samtools-index-markduplicate,Naive,Realtime,405.5044136047363,31.863629953100062,27.0,0.18013444270740972
"CPU:Intel(R) Xeon(R) Gold 6240R,Memory:192002MiB,Cores:96",dnaseq-0,samtools-index-markduplicate,Naive,Realtime,203.0108642578125,15.95213970093866,30.0,0.4682620099687113
"CPU:Intel(R) Xeon(R) Gold 6240R,Memory:192002MiB,Cores:96",dnaseq-0,samtools-index-markduplicate,Naive,Realtime,812.8875761032104,63.874887792645794,29.0,1.2025823376774412
"CPU:Intel(R) Xeon(R) Gold 6240R,Memory:192002MiB,Cores:96",dnaseq-0,samtools-index-markduplicate,Naive,Realtime,5613.892818450928,441.1271427931925,40.0,10.028178569829812
"CPU:Intel(R) Xeon(R) Gold 6240R,Memory:192002MiB,Cores:96",dnaseq-0,samtools-index-markduplicate,Naive,Realtime,1729.362572669983,135.88944342295028,30.0,3.5296481140983427
"CPU:Intel(R) Xeon(R) Gold 6240R,Memory:192002MiB,Cores:96",dnaseq-0,samtools-index-markduplicate,Naive,Realtime,1474.3470220565796,115.8508917711992,130.0,0.10883929406769845
"CPU:Intel(R) Xeon(R) Gold 6240R,Memory:192002MiB,Cores:96",dnaseq-0,samtools-index-markduplicate,Naive,Realtime,609.9719657897949,47.93023293363242,27.0,0.7751938123567562
"CPU:Intel(R) Xeon(R) Gold 6240R,Memory:192002MiB,Cores:96",dnaseq-0,samtools-index-markduplicate,Naive,Realtime,4590.344056129456,360.69897010909614,40.0,8.017474252727403
"CPU:Intel(R) Xeon(R) Gold 6240R,Memory:192002MiB,Cores:96",dnaseq-0,samtools-index-markduplicate,Naive,Realtime,5613.892818450928,441.1271427931925,51.0,7.649551819474363
"CPU:Intel(R) Xeon(R) Gold 6240R,Memory:192002MiB,Cores:96",dnaseq-0,samtools-index-markduplicate,Naive,Realtime,3055.7511615753174,240.1140924105945,33.0,6.276184618502864
"CPU:Intel(R) Xeon(R) Gold 6240R,Memory:192002MiB,Cores:96",dnaseq-0,samtools-index-markduplicate,Naive,Realtime,3055.7511615753174,240.1140924105945,40.0,5.0028523102648625
"CPU:Intel(R) Xeon(R) Gold 6240R,Memory:192002MiB,Cores:96",dnaseq-0,samtools-index-markduplicate,Naive,Realtime,3055.7511615753174,240.1140924105945,40.0,5.0028523102648625
"CPU:Intel(R) Xeon(R) Gold 6240R,Memory:192002MiB,Cores:96",dnaseq-0,samtools-index-markduplicate,Naive,Realtime,5613.892818450928,441.1271427931925,108.0,3.084510581418449
"CPU:Intel(R) Xeon(R) Gold 6240R,Memory:192002MiB,Cores:96",dnaseq-0,samtools-index-markduplicate,Naive,Realtime,203.0108642578125,15.95213970093866,32.0,0.5014956343456669
"CPU:Intel(R) Xeon(R) Gold 6240R,Memory:192002MiB,Cores:96",dnaseq-0,samtools-index-markduplicate,Naive,Realtime,1474.3470220565796,115.8508917711992,48.0,1.4135602452333167
"CPU:Intel(R) Xeon(R) Gold 6240R,Memory:192002MiB,Cores:96",dnaseq-0,samtools-index-markduplicate,Naive,Realtime,405.5044136047363,31.863629953100062,32.0,0.00426156396562305
"CPU:Intel(R) Xeon(R) Gold 6240R,Memory:192002MiB,Cores:96",dnaseq-0,samtools-index-markduplicate,Naive,Realtime,609.9719657897949,47.93023293363242,26.0,0.8434704974474007
"CPU:Intel(R) Xeon(R) Gold 6240R,Memory:192002MiB,Cores:96",dnaseq-0,samtools-index-markduplicate,Naive,Realtime,812.8875761032104,63.874887792645794,29.0,1.2025823376774412
"CPU:Intel(R) Xeon(R) Gold 6240R,Memory:192002MiB,Cores:96",dnaseq-0,samtools-index-markduplicate,Naive,Realtime,1729.362572669983,135.88944342295028,35.0,2.882555526370008
"CPU:Intel(R) Xeon(R) Gold 6240R,Memory:192002MiB,Cores:96",dnaseq-0,samtools-index-markduplicate,Naive,Realtime,4590.344056129456,360.69897010909614,37.0,8.748620813759356
"CPU:Intel(R) Xeon(R) Gold 6240R,Memory:192002MiB,Cores:96",dnaseq-0,samtools-index-markduplicate,Perfect,Realtime,1474.3470220565796,32.0,32.0,0.0
"CPU:Intel(R) Xeon(R) Gold 6240R,Memory:192002MiB,Cores:96",dnaseq-0,samtools-index-markduplicate,Perfect,Realtime,6639.323947906494,39.0,39.0,0.0
"CPU:Intel(R) Xeon(R) Gold 6240R,Memory:192002MiB,Cores:96",dnaseq-0,samtools-index-markduplicate,Perfect,Realtime,405.5044136047363,25.0,25.0,0.0
"CPU:Intel(R) Xeon(R) Gold 6240R,Memory:192002MiB,Cores:96",dnaseq-0,samtools-index-markduplicate,Perfect,Realtime,405.5044136047363,27.0,27.0,0.0
"CPU:Intel(R) Xeon(R) Gold 6240R,Memory:192002MiB,Cores:96",dnaseq-0,samtools-index-markduplicate,Perfect,Realtime,609.9719657897949,40.0,40.0,0.0
"CPU:Intel(R) Xeon(R) Gold 6240R,Memory:192002MiB,Cores:96",dnaseq-0,samtools-index-markduplicate,Perfect,Realtime,4590.344056129456,36.0,36.0,0.0
"CPU:Intel(R) Xeon(R) Gold 6240R,Memory:192002MiB,Cores:96",dnaseq-0,samtools-index-markduplicate,Perfect,Realtime,5102.182312011719,64.0,64.0,0.0
"CPU:Intel(R) Xeon(R) Gold 6240R,Memory:192002MiB,Cores:96",dnaseq-0,samtools-index-markduplicate,Perfect,Realtime,3565.6447715759277,33.0,33.0,0.0
"CPU:Intel(R) Xeon(R) Gold 6240R,Memory:192002MiB,Cores:96",dnaseq-0,samtools-index-markduplicate,Perfect,Realtime,2545.566870689392,37.0,37.0,0.0
"CPU:Intel(R) Xeon(R) Gold 6240R,Memory:192002MiB,Cores:96",dnaseq-0,samtools-index-markduplicate,Perfect,Realtime,405.5044136047363,27.0,27.0,0.0
"CPU:Intel(R) Xeon(R) Gold 6240R,Memory:192002MiB,Cores:96",dnaseq-0,samtools-index-markduplicate,Perfect,Realtime,203.0108642578125,30.0,30.0,0.0
"CPU:Intel(R) Xeon(R) Gold 6240R,Memory:192002MiB,Cores:96",dnaseq-0,samtools-index-markduplicate,Perfect,Realtime,812.8875761032104,29.0,29.0,0.0
"CPU:Intel(R) Xeon(R) Gold 6240R,Memory:192002MiB,Cores:96",dnaseq-0,samtools-index-markduplicate,Perfect,Realtime,5613.892818450928,40.0,40.0,0.0
"CPU:Intel(R) Xeon(R) Gold 6240R,Memory:192002MiB,Cores:96",dnaseq-0,samtools-index-markduplicate,Perfect,Realtime,1729.362572669983,30.0,30.0,0.0
"CPU:Intel(R) Xeon(R) Gold 6240R,Memory:192002MiB,Cores:96",dnaseq-0,samtools-index-markduplicate,Perfect,Realtime,1474.3470220565796,130.0,130.0,0.0
"CPU:Intel(R) Xeon(R) Gold 6240R,Memory:192002MiB,Cores:96",dnaseq-0,samtools-index-markduplicate,Perfect,Realtime,609.9719657897949,27.0,27.0,0.0
"CPU:Intel(R) Xeon(R) Gold 6240R,Memory:192002MiB,Cores:96",dnaseq-0,samtools-index-markduplicate,Perfect,Realtime,4590.344056129456,40.0,40.0,0.0
"CPU:Intel(R) Xeon(R) Gold 6240R,Memory:192002MiB,Cores:96",dnaseq-0,samtools-index-markduplicate,Perfect,Realtime,5613.892818450928,51.0,51.0,0.0
"CPU:Intel(R) Xeon(R) Gold 6240R,Memory:192002MiB,Cores:96",dnaseq-0,samtools-index-markduplicate,Perfect,Realtime,3055.7511615753174,33.0,33.0,0.0
"CPU:Intel(R) Xeon(R) Gold 6240R,Memory:192002MiB,Cores:96",dnaseq-0,samtools-index-markduplicate,Perfect,Realtime,3055.7511615753174,40.0,40.0,0.0
"CPU:Intel(R) Xeon(R) Gold 6240R,Memory:192002MiB,Cores:96",dnaseq-0,samtools-index-markduplicate,Perfect,Realtime,3055.7511615753174,40.0,40.0,0.0
"CPU:Intel(R) Xeon(R) Gold 6240R,Memory:192002MiB,Cores:96",dnaseq-0,samtools-index-markduplicate,Perfect,Realtime,5613.892818450928,108.0,108.0,0.0
"CPU:Intel(R) Xeon(R) Gold 6240R,Memory:192002MiB,Cores:96",dnaseq-0,samtools-index-markduplicate,Perfect,Realtime,203.0108642578125,32.0,32.0,0.0
"CPU:Intel(R) Xeon(R) Gold 6240R,Memory:192002MiB,Cores:96",dnaseq-0,samtools-index-markduplicate,Perfect,Realtime,1474.3470220565796,48.0,48.0,0.0
"CPU:Intel(R) Xeon(R) Gold 6240R,Memory:192002MiB,Cores:96",dnaseq-0,samtools-index-markduplicate,Perfect,Realtime,405.5044136047363,32.0,32.0,0.0
"CPU:Intel(R) Xeon(R) Gold 6240R,Memory:192002MiB,Cores:96",dnaseq-0,samtools-index-markduplicate,Perfect,Realtime,609.9719657897949,26.0,26.0,0.0
"CPU:Intel(R) Xeon(R) Gold 6240R,Memory:192002MiB,Cores:96",dnaseq-0,samtools-index-markduplicate,Perfect,Realtime,812.8875761032104,29.0,29.0,0.0
"CPU:Intel(R) Xeon(R) Gold 6240R,Memory:192002MiB,Cores:96",dnaseq-0,samtools-index-markduplicate,Perfect,Realtime,1729.362572669983,35.0,35.0,0.0
"CPU:Intel(R) Xeon(R) Gold 6240R,Memory:192002MiB,Cores:96",dnaseq-0,samtools-index-markduplicate,Perfect,Realtime,4590.344056129456,37.0,37.0,0.0
"CPU:Intel(R) Xeon(R) Gold 6240R,Memory:192002MiB,Cores:96",dnaseq-0,samtools-sort-markduplicate,Lotaru-G,Realtime,4590.344056129456,265.0586082079079,237.0,0.11839075193210094
"CPU:Intel(R) Xeon(R) Gold 6240R,Memory:192002MiB,Cores:96",dnaseq-0,samtools-sort-markduplicate,Lotaru-G,Realtime,609.9719657897949,60.58290551305319,44.0,0.37688421620575435
"CPU:Intel(R) Xeon(R) Gold 6240R,Memory:192002MiB,Cores:96",dnaseq-0,samtools-sort-markduplicate,Lotaru-G,Realtime,405.5044136047363,50.079202476644596,36.0,0.39108895768457214
"CPU:Intel(R) Xeon(R) Gold 6240R,Memory:192002MiB,Cores:96",dnaseq-0,samtools-sort-markduplicate,Lotaru-G,Realtime,5102.182312011719,291.352252284963,205.0,0.4212304989510391
"CPU:Intel(R) Xeon(R) Gold 6240R,Memory:192002MiB,Cores:96",dnaseq-0,samtools-sort-markduplicate,Lotaru-G,Realtime,3055.7511615753174,186.22503352124795,201.0,0.0735072959141893
"CPU:Intel(R) Xeon(R) Gold 6240R,Memory:192002MiB,Cores:96",dnaseq-0,samtools-sort-markduplicate,Lotaru-G,Realtime,3565.6447715759277,212.4187791907876,149.0,0.42562939054219867
"CPU:Intel(R) Xeon(R) Gold 6240R,Memory:192002MiB,Cores:96",dnaseq-0,samtools-sort-markduplicate,Lotaru-G,Realtime,1474.3470220565796,104.98671827493325,103.0,0.019288526941099542
"CPU:Intel(R) Xeon(R) Gold 6240R,Memory:192002MiB,Cores:96",dnaseq-0,samtools-sort-markduplicate,Lotaru-G,Realtime,1729.362572669983,118.08712264073243,100.0,0.1808712264073243
"CPU:Intel(R) Xeon(R) Gold 6240R,Memory:192002MiB,Cores:96",dnaseq-0,samtools-sort-markduplicate,Lotaru-G,Realtime,5613.892818450928,317.6393337451208,279.0,0.13849223564559418
"CPU:Intel(R) Xeon(R) Gold 6240R,Memory:192002MiB,Cores:96",dnaseq-0,samtools-sort-markduplicate,Lotaru-G,Realtime,609.9719657897949,60.58290551305319,55.0,0.10150737296460348
"CPU:Intel(R) Xeon(R) Gold 6240R,Memory:192002MiB,Cores:96",dnaseq-0,samtools-sort-markduplicate,Lotaru-G,Realtime,4590.344056129456,265.0586082079079,203.0,0.30570742959560554
"CPU:Intel(R) Xeon(R) Gold 6240R,Memory:192002MiB,Cores:96",dnaseq-0,samtools-sort-markduplicate,Lotaru-G,Realtime,4590.344056129456,265.0586082079079,213.0,0.24440661130473204
"CPU:Intel(R) Xeon(R) Gold 6240R,Memory:192002MiB,Cores:96",dnaseq-0,samtools-sort-markduplicate,Lotaru-G,Realtime,203.0108642578125,39.676905944022124,33.0,0.20233048315218558
"CPU:Intel(R) Xeon(R) Gold 6240R,Memory:192002MiB,Cores:96",dnaseq-0,samtools-sort-markduplicate,Lotaru-G,Realtime,5102.182312011719,291.352252284963,235.0,0.23979681823388518
"CPU:Intel(R) Xeon(R) Gold 6240R,Memory:192002MiB,Cores:96",dnaseq-0,samtools-sort-markduplicate,Lotaru-G,Realtime,609.9719657897949,60.58290551305319,52.0,0.16505587525102292
"CPU:Intel(R) Xeon(R) Gold 6240R,Memory:192002MiB,Cores:96",dnaseq-0,samtools-sort-markduplicate,Lotaru-G,Realtime,3565.6447715759277,212.4187791907876,163.0,0.30318269442200985
"CPU:Intel(R) Xeon(R) Gold 6240R,Memory:192002MiB,Cores:96",dnaseq-0,samtools-sort-markduplicate,Lotaru-G,Realtime,2545.566870689392,160.01635528336146,198.0,0.1918365894779724
"CPU:Intel(R) Xeon(R) Gold 6240R,Memory:192002MiB,Cores:96",dnaseq-0,samtools-sort-markduplicate,Lotaru-G,Realtime,3565.6447715759277,212.4187791907876,159.0,0.3359671647219346
"CPU:Intel(R) Xeon(R) Gold 6240R,Memory:192002MiB,Cores:96",dnaseq-0,samtools-sort-markduplicate,Lotaru-G,Realtime,6639.323947906494,370.3167583681823,289.0,0.28137286632589037
"CPU:Intel(R) Xeon(R) Gold 6240R,Memory:192002MiB,Cores:96",dnaseq-0,samtools-sort-markduplicate,Lotaru-G,Realtime,1474.3470220565796,104.98671827493325,121.0,0.13234117128154335
"CPU:Intel(R) Xeon(R) Gold 6240R,Memory:192002MiB,Cores:96",dnaseq-0,samtools-sort-markduplicate,Lotaru-G,Realtime,609.9719657897949,60.58290551305319,59.0,0.026828907000901545
"CPU:Intel(R) Xeon(R) Gold 6240R,Memory:192002MiB,Cores:96",dnaseq-0,samtools-sort-markduplicate,Lotaru-G,Realtime,1474.3470220565796,104.98671827493325,95.0,0.1051233502624553
"CPU:Intel(R) Xeon(R) Gold 6240R,Memory:192002MiB,Cores:96",dnaseq-0,samtools-sort-markduplicate,Lotaru-A,Realtime,4590.344056129456,451.1759688215845,237.0,0.9036960709771498
"CPU:Intel(R) Xeon(R) Gold 6240R,Memory:192002MiB,Cores:96",dnaseq-0,samtools-sort-markduplicate,Lotaru-A,Realtime,609.9719657897949,103.12266888324663,44.0,1.343697020073787
"CPU:Intel(R) Xeon(R) Gold 6240R,Memory:192002MiB,Cores:96",dnaseq-0,samtools-sort-markduplicate,Lotaru-A,Realtime,405.5044136047363,85.24353480906235,36.0,1.3678759669183986
"CPU:Intel(R) Xeon(R) Gold 6240R,Memory:192002MiB,Cores:96",dnaseq-0,samtools-sort-markduplicate,Lotaru-A,Realtime,5102.182312011719,495.93233580216577,205.0,1.4191821258642232
"CPU:Intel(R) Xeon(R) Gold 6240R,Memory:192002MiB,Cores:96",dnaseq-0,samtools-sort-markduplicate,Lotaru-A,Realtime,3055.7511615753174,316.9874786782133,201.0,0.5770521327274293
"CPU:Intel(R) Xeon(R) Gold 6240R,Memory:192002MiB,Cores:96",dnaseq-0,samtools-sort-markduplicate,Lotaru-A,Realtime,3565.6447715759277,361.5738011501508,149.0,1.426669806376851
"CPU:Intel(R) Xeon(R) Gold 6240R,Memory:192002MiB,Cores:96",dnaseq-0,samtools-sort-markduplicate,Lotaru-A,Realtime,1474.3470220565796,178.70570079330315,103.0,0.7350068038184772
"CPU:Intel(R) Xeon(R) Gold 6240R,Memory:192002MiB,Cores:96",dnaseq-0,samtools-sort-markduplicate,Lotaru-A,Realtime,1729.362572669983,201.00487331086873,100.0,1.0100487331086874
"CPU:Intel(R) Xeon(R) Gold 6240R,Memory:192002MiB,Cores:96",dnaseq-0,samtools-sort-markduplicate,Lotaru-A,Realtime,5613.892818450928,540.6775320644797,279.0,0.9379123013063788
"CPU:Intel(R) Xeon(R) Gold 6240R,Memory:192002MiB,Cores:96",dnaseq-0,samtools-sort-markduplicate,Lotaru-A,Realtime,609.9719657897949,103.12266888324663,55.0,0.8749576160590297
"CPU:Intel(R) Xeon(R) Gold 6240R,Memory:192002MiB,Cores:96",dnaseq-0,samtools-sort-markduplicate,Lotaru-A,Realtime,4590.344056129456,451.1759688215845,203.0,1.2225417183329286
"CPU:Intel(R) Xeon(R) Gold 6240R,Memory:192002MiB,Cores:96",dnaseq-0,samtools-sort-markduplicate,Lotaru-A,Realtime,4590.344056129456,451.1759688215845,213.0,1.1181970367210539
"CPU:Intel(R) Xeon(R) Gold 6240R,Memory:192002MiB,Cores:96",dnaseq-0,samtools-sort-markduplicate,Lotaru-A,Realtime,203.0108642578125,67.53701228633777,33.0,1.0465761298890233
"CPU:Intel(R) Xeon(R) Gold 6240R,Memory:192002MiB,Cores:96",dnaseq-0,samtools-sort-markduplicate,Lotaru-A,Realtime,5102.182312011719,495.93233580216577,235.0,1.110350365115599
"CPU:Intel(R) Xeon(R) Gold 6240R,Memory:192002MiB,Cores:96",dnaseq-0,samtools-sort-markduplicate,Lotaru-A,Realtime,609.9719657897949,103.12266888324663,52.0,0.983128247754743
"CPU:Intel(R) Xeon(R) Gold 6240R,Memory:192002MiB,Cores:96",dnaseq-0,samtools-sort-markduplicate,Lotaru-A,Realtime,3565.6447715759277,361.5738011501508,163.0,1.2182441788352811
"CPU:Intel(R) Xeon(R) Gold 6240R,Memory:192002MiB,Cores:96",dnaseq-0,samtools-sort-markduplicate,Lotaru-A,Realtime,2545.566870689392,272.37573837119226,198.0,0.3756350422787488
"CPU:Intel(R) Xeon(R) Gold 6240R,Memory:192002MiB,Cores:96",dnaseq-0,samtools-sort-markduplicate,Lotaru-A,Realtime,3565.6447715759277,361.5738011501508,159.0,1.2740490638374264
"CPU:Intel(R) Xeon(R) Gold 6240R,Memory:192002MiB,Cores:96",dnaseq-0,samtools-sort-markduplicate,Lotaru-A,Realtime,6639.323947906494,630.3436940126835,289.0,1.181120048486794
"CPU:Intel(R) Xeon(R) Gold 6240R,Memory:192002MiB,Cores:96",dnaseq-0,samtools-sort-markduplicate,Lotaru-A,Realtime,1474.3470220565796,178.70570079330315,121.0,0.47690661812647234
"CPU:Intel(R) Xeon(R) Gold 6240R,Memory:192002MiB,Cores:96",dnaseq-0,samtools-sort-markduplicate,Lotaru-A,Realtime,609.9719657897949,103.12266888324663,59.0,0.7478418454787564
"CPU:Intel(R) Xeon(R) Gold 6240R,Memory:192002MiB,Cores:96",dnaseq-0,samtools-sort-markduplicate,Lotaru-A,Realtime,1474.3470220565796,178.70570079330315,95.0,0.8811126399295068
"CPU:Intel(R) Xeon(R) Gold 6240R,Memory:192002MiB,Cores:96",dnaseq-0,samtools-sort-markduplicate,OnlineP,Realtime,4590.344056129456,227.6196684439615,237.0,0.03957945804235653
"CPU:Intel(R) Xeon(R) Gold 6240R,Memory:192002MiB,Cores:96",dnaseq-0,samtools-sort-markduplicate,OnlineP,Realtime,609.9719657897949,78.0,44.0,0.7727272727272727
"CPU:Intel(R) Xeon(R) Gold 6240R,Memory:192002MiB,Cores:96",dnaseq-0,samtools-sort-markduplicate,OnlineP,Realtime,405.5044136047363,61.92100539891706,36.0,0.7200279277476961
"CPU:Intel(R) Xeon(R) Gold 6240R,Memory:192002MiB,Cores:96",dnaseq-0,samtools-sort-markduplicate,OnlineP,Realtime,5102.182312011719,253.0,205.0,0.23414634146341465
"CPU:Intel(R) Xeon(R) Gold 6240R,Memory:192002MiB,Cores:96",dnaseq-0,samtools-sort-markduplicate,OnlineP,Realtime,3055.7511615753174,151.9603835821112,201.0,0.24397819113377509
"CPU:Intel(R) Xeon(R) Gold 6240R,Memory:192002MiB,Cores:96",dnaseq-0,samtools-sort-markduplicate,OnlineP,Realtime,3565.6447715759277,176.80828948133396,149.0,0.18663281531096615
"CPU:Intel(R) Xeon(R) Gold 6240R,Memory:192002MiB,Cores:96",dnaseq-0,samtools-sort-markduplicate,OnlineP,Realtime,1474.3470220565796,73.31825373155112,103.0,0.2881722938684357
"CPU:Intel(R) Xeon(R) Gold 6240R,Memory:192002MiB,Cores:96",dnaseq-0,samtools-sort-markduplicate,OnlineP,Realtime,1729.362572669983,86.0,100.0,0.14
"CPU:Intel(R) Xeon(R) Gold 6240R,Memory:192002MiB,Cores:96",dnaseq-0,samtools-sort-markduplicate,OnlineP,Realtime,5613.892818450928,278.37399689233655,279.0,0.002243738737144984
"CPU:Intel(R) Xeon(R) Gold 6240R,Memory:192002MiB,Cores:96",dnaseq-0,samtools-sort-markduplicate,OnlineP,Realtime,609.9719657897949,78.0,55.0,0.41818181818181815
"CPU:Intel(R) Xeon(R) Gold 6240R,Memory:192002MiB,Cores:96",dnaseq-0,samtools-sort-markduplicate,OnlineP,Realtime,4590.344056129456,227.6196684439615,203.0,0.12127915489636208
"CPU:Intel(R) Xeon(R) Gold 6240R,Memory:192002MiB,Cores:96",dnaseq-0,samtools-sort-markduplicate,OnlineP,Realtime,4590.344056129456,227.6196684439615,213.0,0.06863694105146245
"CPU:Intel(R) Xeon(R) Gold 6240R,Memory:192002MiB,Cores:96",dnaseq-0,samtools-sort-markduplicate,OnlineP,Realtime,203.0108642578125,31.0,33.0,0.06060606060606061
"CPU:Intel(R) Xeon(R) Gold 6240R,Memory:192002MiB,Cores:96",dnaseq-0,samtools-sort-markduplicate,OnlineP,Realtime,5102.182312011719,253.0,235.0,0.07659574468085106
"CPU:Intel(R) Xeon(R) Gold 6240R,Memory:192002MiB,Cores:96",dnaseq-0,samtools-sort-markduplicate,OnlineP,Realtime,609.9719657897949,78.0,52.0,0.5
"CPU:Intel(R) Xeon(R) Gold 6240R,Memory:192002MiB,Cores:96",dnaseq-0,samtools-sort-markduplicate,OnlineP,Realtime,3565.6447715759277,176.80828948133396,163.0,0.08471343240082183
"CPU:Intel(R) Xeon(R) Gold 6240R,Memory:192002MiB,Cores:96",dnaseq-0,samtools-sort-markduplicate,OnlineP,Realtime,2545.566870689392,126.58927302982886,198.0,0.36066023722308654
"CPU:Intel(R) Xeon(R) Gold 6240R,Memory:192002MiB,Cores:96",dnaseq-0,samtools-sort-markduplicate,OnlineP,Realtime,3565.6447715759277,176.80828948133396,159.0,0.11200182063732049
"CPU:Intel(R) Xeon(R) Gold 6240R,Memory:192002MiB,Cores:96",dnaseq-0,samtools-sort-markduplicate,OnlineP,Realtime,6639.323947906494,329.221665573538,289.0,0.13917531340324574
"CPU:Intel(R) Xeon(R) Gold 6240R,Memory:192002MiB,Cores:96",dnaseq-0,samtools-sort-markduplicate,OnlineP,Realtime,1474.3470220565796,73.31825373155112,121.0,0.39406401874751135
"CPU:Intel(R) Xeon(R) Gold 6240R,Memory:192002MiB,Cores:96",dnaseq-0,samtools-sort-markduplicate,OnlineP,Realtime,609.9719657897949,78.0,59.0,0.3220338983050847
"CPU:Intel(R) Xeon(R) Gold 6240R,Memory:192002MiB,Cores:96",dnaseq-0,samtools-sort-markduplicate,OnlineP,Realtime,1474.3470220565796,73.31825373155112,95.0,0.22822890808893553
"CPU:Intel(R) Xeon(R) Gold 6240R,Memory:192002MiB,Cores:96",dnaseq-0,samtools-sort-markduplicate,Naive,Realtime,4590.344056129456,459.23584308683024,237.0,0.9377039792693259
"CPU:Intel(R) Xeon(R) Gold 6240R,Memory:192002MiB,Cores:96",dnaseq-0,samtools-sort-markduplicate,Naive,Realtime,609.9719657897949,61.0239638997787,44.0,0.3869082704495159
"CPU:Intel(R) Xeon(R) Gold 6240R,Memory:192002MiB,Cores:96",dnaseq-0,samtools-sort-markduplicate,Naive,Realtime,405.5044136047363,40.568236058153545,36.0,0.1268954460598207
"CPU:Intel(R) Xeon(R) Gold 6240R,Memory:192002MiB,Cores:96",dnaseq-0,samtools-sort-markduplicate,Naive,Realtime,5102.182312011719,510.4421296069697,205.0,1.4899616078388764
"CPU:Intel(R) Xeon(R) Gold 6240R,Memory:192002MiB,Cores:96",dnaseq-0,samtools-sort-markduplicate,Naive,Realtime,3055.7511615753174,305.70921129011464,201.0,0.5209413497020629
"CPU:Intel(R) Xeon(R) Gold 6240R,Memory:192002MiB,Cores:96",dnaseq-0,samtools-sort-markduplicate,Naive,Realtime,3565.6447715759277,356.72094788544536,149.0,1.394100321378828
"CPU:Intel(R) Xeon(R) Gold 6240R,Memory:192002MiB,Cores:96",dnaseq-0,samtools-sort-markduplicate,Naive,Realtime,1474.3470220565796,147.49940078513717,103.0,0.43203301733142885
"CPU:Intel(R) Xeon(R) Gold 6240R,Memory:192002MiB,Cores:96",dnaseq-0,samtools-sort-markduplicate,Naive,Realtime,1729.362572669983,173.0121466608672,100.0,0.7301214666086718
"CPU:Intel(R) Xeon(R) Gold 6240R,Memory:192002MiB,Cores:96",dnaseq-0,samtools-sort-markduplicate,Naive,Realtime,5613.892818450928,561.6356355767914,279.0,1.0130309518881413
"CPU:Intel(R) Xeon(R) Gold 6240R,Memory:192002MiB,Cores:96",dnaseq-0,samtools-sort-markduplicate,Naive,Realtime,609.9719657897949,61.0239638997787,55.0,0.10952661635961272
"CPU:Intel(R) Xeon(R) Gold 6240R,Memory:192002MiB,Cores:96",dnaseq-0,samtools-sort-markduplicate,Naive,Realtime,4590.344056129456,459.23584308683024,203.0,1.2622455324474395
"CPU:Intel(R) Xeon(R) Gold 6240R,Memory:192002MiB,Cores:96",dnaseq-0,samtools-sort-markduplicate,Naive,Realtime,4590.344056129456,459.23584308683024,213.0,1.156036822003898
"CPU:Intel(R) Xeon(R) Gold 6240R,Memory:192002MiB,Cores:96",dnaseq-0,samtools-sort-markduplicate,Naive,Realtime,203.0108642578125,20.309995125252836,33.0,0.38454560226506557
"CPU:Intel(R) Xeon(R) Gold 6240R,Memory:192002MiB,Cores:96",dnaseq-0,samtools-sort-markduplicate,Naive,Realtime,5102.182312011719,510.4421296069697,235.0,1.1720941685402966
"CPU:Intel(R) Xeon(R) Gold 6240R,Memory:192002MiB,Cores:96",dnaseq-0,samtools-sort-markduplicate,Naive,Realtime,609.9719657897949,61.0239638997787,52.0,0.17353776730343654
"CPU:Intel(R) Xeon(R) Gold 6240R,Memory:192002MiB,Cores:96",dnaseq-0,samtools-sort-markduplicate,Naive,Realtime,3565.6447715759277,356.72094788544536,163.0,1.1884720729168428
"CPU:Intel(R) Xeon(R) Gold 6240R,Memory:192002MiB,Cores:96",dnaseq-0,samtools-sort-markduplicate,Naive,Realtime,2545.566870689392,254.6683938503408,198.0,0.2862040093451556
"CPU:Intel(R) Xeon(R) Gold 6240R,Memory:192002MiB,Cores:96",dnaseq-0,samtools-sort-markduplicate,Naive,Realtime,3565.6447715759277,356.72094788544536,159.0,1.2435279741222978
"CPU:Intel(R) Xeon(R) Gold 6240R,Memory:192002MiB,Cores:96",dnaseq-0,samtools-sort-markduplicate,Naive,Realtime,6639.323947906494,664.2237473838352,289.0,1.298352067072094
"CPU:Intel(R) Xeon(R) Gold 6240R,Memory:192002MiB,Cores:96",dnaseq-0,samtools-sort-markduplicate,Naive,Realtime,1474.3470220565796,147.49940078513717,121.0,0.2190033122738609
"CPU:Intel(R) Xeon(R) Gold 6240R,Memory:192002MiB,Cores:96",dnaseq-0,samtools-sort-markduplicate,Naive,Realtime,609.9719657897949,61.0239638997787,59.0,0.03430447287760508
"CPU:Intel(R) Xeon(R) Gold 6240R,Memory:192002MiB,Cores:96",dnaseq-0,samtools-sort-markduplicate,Naive,Realtime,1474.3470220565796,147.49940078513717,95.0,0.5526252714224965
"CPU:Intel(R) Xeon(R) Gold 6240R,Memory:192002MiB,Cores:96",dnaseq-0,samtools-sort-markduplicate,Perfect,Realtime,4590.344056129456,237.0,237.0,0.0
"CPU:Intel(R) Xeon(R) Gold 6240R,Memory:192002MiB,Cores:96",dnaseq-0,samtools-sort-markduplicate,Perfect,Realtime,609.9719657897949,44.0,44.0,0.0
"CPU:Intel(R) Xeon(R) Gold 6240R,Memory:192002MiB,Cores:96",dnaseq-0,samtools-sort-markduplicate,Perfect,Realtime,405.5044136047363,36.0,36.0,0.0
"CPU:Intel(R) Xeon(R) Gold 6240R,Memory:192002MiB,Cores:96",dnaseq-0,samtools-sort-markduplicate,Perfect,Realtime,5102.182312011719,205.0,205.0,0.0
"CPU:Intel(R) Xeon(R) Gold 6240R,Memory:192002MiB,Cores:96",dnaseq-0,samtools-sort-markduplicate,Perfect,Realtime,3055.7511615753174,201.0,201.0,0.0
"CPU:Intel(R) Xeon(R) Gold 6240R,Memory:192002MiB,Cores:96",dnaseq-0,samtools-sort-markduplicate,Perfect,Realtime,3565.6447715759277,149.0,149.0,0.0
"CPU:Intel(R) Xeon(R) Gold 6240R,Memory:192002MiB,Cores:96",dnaseq-0,samtools-sort-markduplicate,Perfect,Realtime,1474.3470220565796,103.0,103.0,0.0
"CPU:Intel(R) Xeon(R) Gold 6240R,Memory:192002MiB,Cores:96",dnaseq-0,samtools-sort-markduplicate,Perfect,Realtime,1729.362572669983,100.0,100.0,0.0
"CPU:Intel(R) Xeon(R) Gold 6240R,Memory:192002MiB,Cores:96",dnaseq-0,samtools-sort-markduplicate,Perfect,Realtime,5613.892818450928,279.0,279.0,0.0
"CPU:Intel(R) Xeon(R) Gold 6240R,Memory:192002MiB,Cores:96",dnaseq-0,samtools-sort-markduplicate,Perfect,Realtime,609.9719657897949,55.0,55.0,0.0
"CPU:Intel(R) Xeon(R) Gold 6240R,Memory:192002MiB,Cores:96",dnaseq-0,samtools-sort-markduplicate,Perfect,Realtime,4590.344056129456,203.0,203.0,0.0
"CPU:Intel(R) Xeon(R) Gold 6240R,Memory:192002MiB,Cores:96",dnaseq-0,samtools-sort-markduplicate,Perfect,Realtime,4590.344056129456,213.0,213.0,0.0
"CPU:Intel(R) Xeon(R) Gold 6240R,Memory:192002MiB,Cores:96",dnaseq-0,samtools-sort-markduplicate,Perfect,Realtime,203.0108642578125,33.0,33.0,0.0
"CPU:Intel(R) Xeon(R) Gold 6240R,Memory:192002MiB,Cores:96",dnaseq-0,samtools-sort-markduplicate,Perfect,Realtime,5102.182312011719,235.0,235.0,0.0
"CPU:Intel(R) Xeon(R) Gold 6240R,Memory:192002MiB,Cores:96",dnaseq-0,samtools-sort-markduplicate,Perfect,Realtime,609.9719657897949,52.0,52.0,0.0
"CPU:Intel(R) Xeon(R) Gold 6240R,Memory:192002MiB,Cores:96",dnaseq-0,samtools-sort-markduplicate,Perfect,Realtime,3565.6447715759277,163.0,163.0,0.0
"CPU:Intel(R) Xeon(R) Gold 6240R,Memory:192002MiB,Cores:96",dnaseq-0,samtools-sort-markduplicate,Perfect,Realtime,2545.566870689392,198.0,198.0,0.0
"CPU:Intel(R) Xeon(R) Gold 6240R,Memory:192002MiB,Cores:96",dnaseq-0,samtools-sort-markduplicate,Perfect,Realtime,3565.6447715759277,159.0,159.0,0.0
"CPU:Intel(R) Xeon(R) Gold 6240R,Memory:192002MiB,Cores:96",dnaseq-0,samtools-sort-markduplicate,Perfect,Realtime,6639.323947906494,289.0,289.0,0.0
"CPU:Intel(R) Xeon(R) Gold 6240R,Memory:192002MiB,Cores:96",dnaseq-0,samtools-sort-markduplicate,Perfect,Realtime,1474.3470220565796,121.0,121.0,0.0
"CPU:Intel(R) Xeon(R) Gold 6240R,Memory:192002MiB,Cores:96",dnaseq-0,samtools-sort-markduplicate,Perfect,Realtime,609.9719657897949,59.0,59.0,0.0
"CPU:Intel(R) Xeon(R) Gold 6240R,Memory:192002MiB,Cores:96",dnaseq-0,samtools-sort-markduplicate,Perfect,Realtime,1474.3470220565796,95.0,95.0,0.0
"CPU:Intel(R) Xeon(R) Gold 6240R,Memory:192002MiB,Cores:96",dnaseq-1,burrows-wheeler-aligner,Lotaru-G,Realtime,609.9719657897949,454.4503647378619,386.0,0.17733255113435722
"CPU:Intel(R) Xeon(R) Gold 6240R,Memory:192002MiB,Cores:96",dnaseq-1,burrows-wheeler-aligner,Lotaru-G,Realtime,5102.182312011719,3411.420488034975,2715.0,0.2565084670478729
"CPU:Intel(R) Xeon(R) Gold 6240R,Memory:192002MiB,Cores:96",dnaseq-1,burrows-wheeler-aligner,Lotaru-G,Realtime,4590.344056129456,3074.5060708645406,2574.0,0.194446802977677
"CPU:Intel(R) Xeon(R) Gold 6240R,Memory:192002MiB,Cores:96",dnaseq-1,burrows-wheeler-aligner,Lotaru-G,Realtime,203.0108642578125,186.57069619424067,139.0,0.3422352244189976
"CPU:Intel(R) Xeon(R) Gold 6240R,Memory:192002MiB,Cores:96",dnaseq-1,burrows-wheeler-aligner,Lotaru-G,Realtime,1729.362572669983,1191.282419725658,804.0,0.48169455189758453
"CPU:Intel(R) Xeon(R) Gold 6240R,Memory:192002MiB,Cores:96",dnaseq-1,burrows-wheeler-aligner,Lotaru-G,Realtime,1474.3470220565796,1023.4199854177471,820.0,0.24807315294847201
"CPU:Intel(R) Xeon(R) Gold 6240R,Memory:192002MiB,Cores:96",dnaseq-1,burrows-wheeler-aligner,Lotaru-G,Realtime,5102.182312011719,3411.420488034975,2448.0,0.3935541209293198
"CPU:Intel(R) Xeon(R) Gold 6240R,Memory:192002MiB,Cores:96",dnaseq-1,burrows-wheeler-aligner,Lotaru-G,Realtime,812.8875761032104,588.0183303946792,411.0,0.4307015338070053
"CPU:Intel(R) Xeon(R) Gold 6240R,Memory:192002MiB,Cores:96",dnaseq-1,burrows-wheeler-aligner,Lotaru-G,Realtime,5613.892818450928,3748.2508149119312,2733.0,0.37147852722719765
"CPU:Intel(R) Xeon(R) Gold 6240R,Memory:192002MiB,Cores:96",dnaseq-1,burrows-wheeler-aligner,Lotaru-G,Realtime,203.0108642578125,186.57069619424067,124.0,0.5046023886632311
"CPU:Intel(R) Xeon(R) Gold 6240R,Memory:192002MiB,Cores:96",dnaseq-1,burrows-wheeler-aligner,Lotaru-G,Realtime,6639.323947906494,4423.234615670296,3076.0,0.4379826448863121
"CPU:Intel(R) Xeon(R) Gold 6240R,Memory:192002MiB,Cores:96",dnaseq-1,burrows-wheeler-aligner,Lotaru-G,Realtime,609.9719657897949,454.4503647378619,375.0,0.21186763930096503
"CPU:Intel(R) Xeon(R) Gold 6240R,Memory:192002MiB,Cores:96",dnaseq-1,burrows-wheeler-aligner,Lotaru-G,Realtime,6639.323947906494,4423.234615670296,2563.0,0.7258035956575483
"CPU:Intel(R) Xeon(R) Gold 6240R,Memory:192002MiB,Cores:96",dnaseq-1,burrows-wheeler-aligner,Lotaru-G,Realtime,405.5044136047363,319.86084278829406,262.0,0.22084291140570253
"CPU:Intel(R) Xeon(R) Gold 6240R,Memory:192002MiB,Cores:96",dnaseq-1,burrows-wheeler-aligner,Lotaru-G,Realtime,5102.182312011719,3411.420488034975,1934.0,0.7639195905041235
"CPU:Intel(R) Xeon(R) Gold 6240R,Memory:192002MiB,Cores:96",dnaseq-1,burrows-wheeler-aligner,Lotaru-G,Realtime,2545.566870689392,1728.5439319297561,1850.0,0.06565192868661832
"CPU:Intel(R) Xeon(R) Gold 6240R,Memory:192002MiB,Cores:96",dnaseq-1,burrows-wheeler-aligner,Lotaru-G,Realtime,203.0108642578125,186.57069619424067,116.0,0.6083680706400058
"CPU:Intel(R) Xeon(R) Gold 6240R,Memory:192002MiB,Cores:96",dnaseq-1,burrows-wheeler-aligner,Lotaru-G,Realtime,1474.3470220565796,1023.4199854177471,614.0,0.6668077938399789
"CPU:Intel(R) Xeon(R) Gold 6240R,Memory:192002MiB,Cores:96",dnaseq-1,burrows-wheeler-aligner,Lotaru-G,Realtime,6639.323947906494,4423.234615670296,2836.0,0.5596737008710494
"CPU:Intel(R) Xeon(R) Gold 6240R,Memory:192002MiB,Cores:96",dnaseq-1,burrows-wheeler-aligner,Lotaru-G,Realtime,405.5044136047363,319.86084278829406,259.0,0.23498394898955238
"CPU:Intel(R) Xeon(R) Gold 6240R,Memory:192002MiB,Cores:96",dnaseq-1,burrows-wheeler-aligner,Lotaru-G,Realtime,5102.182312011719,3411.420488034975,2056.0,0.6592512101337427
"CPU:Intel(R) Xeon(R) Gold 6240R,Memory:192002MiB,Cores:96",dnaseq-1,burrows-wheeler-aligner,Lotaru-G,Realtime,203.0108642578125,186.57069619424067,239.0,0.21936947199062481
"CPU:Intel(R) Xeon(R) Gold 6240R,Memory:192002MiB,Cores:96",dnaseq-1,burrows-wheeler-aligner,Lotaru-G,Realtime,812.8875761032104,588.0183303946792,342.0,0.7193518432592959
"CPU:Intel(R) Xeon(R) Gold 6240R,Memory:192002MiB,Cores:96",dnaseq-1,burrows-wheeler-aligner,Lotaru-G,Realtime,2545.566870689392,1728.5439319297561,1426.0,0.21216264511203095
"CPU:Intel(R) Xeon(R) Gold 6240R,Memory:192002MiB,Cores:96",dnaseq-1,burrows-wheeler-aligner,Lotaru-G,Realtime,5613.892818450928,3748.2508149119312,2225.0,0.6846071078255871
"CPU:Intel(R) Xeon(R) Gold 6240R,Memory:192002MiB,Cores:96",dnaseq-1,burrows-wheeler-aligner,Lotaru-G,Realtime,405.5044136047363,319.86084278829406,240.0,0.33275351161789196
"CPU:Intel(R) Xeon(R) Gold 6240R,Memory:192002MiB,Cores:96",dnaseq-1,burrows-wheeler-aligner,Lotaru-G,Realtime,812.8875761032104,588.0183303946792,423.0,0.3901142562521967
"CPU:Intel(R) Xeon(R) Gold 6240R,Memory:192002MiB,Cores:96",dnaseq-1,burrows-wheeler-aligner,Lotaru-G,Realtime,4590.344056129456,3074.5060708645406,1171.0,1.625538916195167
"CPU:Intel(R) Xeon(R) Gold 6240R,Memory:192002MiB,Cores:96",dnaseq-1,burrows-wheeler-aligner,Lotaru-G,Realtime,812.8875761032104,588.0183303946792,465.0,0.2645555492358692
"CPU:Intel(R) Xeon(R) Gold 6240R,Memory:192002MiB,Cores:96",dnaseq-1,burrows-wheeler-aligner,Lotaru-G,Realtime,203.0108642578125,186.57069619424067,123.0,0.5168349284084607
"CPU:Intel(R) Xeon(R) Gold 6240R,Memory:192002MiB,Cores:96",dnaseq-1,burrows-wheeler-aligner,Lotaru-G,Realtime,2545.566870689392,1728.5439319297561,1445.0,0.196224174345852
"CPU:Intel(R) Xeon(R) Gold 6240R,Memory:192002MiB,Cores:96",dnaseq-1,burrows-wheeler-aligner,Lotaru-G,Realtime,609.9719657897949,454.4503647378619,283.0,0.6058316775189466
"CPU:Intel(R) Xeon(R) Gold 6240R,Memory:192002MiB,Cores:96",dnaseq-1,burrows-wheeler-aligner,Lotaru-G,Realtime,405.5044136047363,319.86084278829406,264.0,0.21159410147081084
"CPU:Intel(R) Xeon(R) Gold 6240R,Memory:192002MiB,Cores:96",dnaseq-1,burrows-wheeler-aligner,Lotaru-G,Realtime,1729.362572669983,1191.282419725658,742.0,0.6055019133768975
"CPU:Intel(R) Xeon(R) Gold 6240R,Memory:192002MiB,Cores:96",dnaseq-1,burrows-wheeler-aligner,Lotaru-G,Realtime,1729.362572669983,1191.282419725658,1008.0,0.1818277973468829
"CPU:Intel(R) Xeon(R) Gold 6240R,Memory:192002MiB,Cores:96",dnaseq-1,burrows-wheeler-aligner,Lotaru-G,Realtime,3565.6447715759277,2400.00400255934,1920.0,0.25000208466632284
"CPU:Intel(R) Xeon(R) Gold 6240R,Memory:192002MiB,Cores:96",dnaseq-1,burrows-wheeler-aligner,Lotaru-G,Realtime,3055.7511615753174,2064.369636706466,1202.0,0.7174456212200215
"CPU:Intel(R) Xeon(R) Gold 6240R,Memory:192002MiB,Cores:96",dnaseq-1,burrows-wheeler-aligner,Lotaru-G,Realtime,203.0108642578125,186.57069619424067,145.0,0.2866944565120046
"CPU:Intel(R) Xeon(R) Gold 6240R,Memory:192002MiB,Cores:96",dnaseq-1,burrows-wheeler-aligner,Lotaru-G,Realtime,3055.7511615753174,2064.369636706466,1738.0,0.18778460109693085
"CPU:Intel(R) Xeon(R) Gold 6240R,Memory:192002MiB,Cores:96",dnaseq-1,burrows-wheeler-aligner,Lotaru-G,Realtime,3565.6447715759277,2400.00400255934,1303.0,0.8419063718797696
"CPU:Intel(R) Xeon(R) Gold 6240R,Memory:192002MiB,Cores:96",dnaseq-1,burrows-wheeler-aligner,Lotaru-G,Realtime,3055.7511615753174,2064.369636706466,1890.0,0.09225906704045811
"CPU:Intel(R) Xeon(R) Gold 6240R,Memory:192002MiB,Cores:96",dnaseq-1,burrows-wheeler-aligner,Lotaru-G,Realtime,5102.182312011719,3411.420488034975,2535.0,0.3457280031696153
"CPU:Intel(R) Xeon(R) Gold 6240R,Memory:192002MiB,Cores:96",dnaseq-1,burrows-wheeler-aligner,Lotaru-G,Realtime,1729.362572669983,1191.282419725658,965.0,0.2344895541198528
"CPU:Intel(R) Xeon(R) Gold 6240R,Memory:192002MiB,Cores:96",dnaseq-1,burrows-wheeler-aligner,Lotaru-G,Realtime,609.9719657897949,454.4503647378619,358.0,0.2694144266420723
"CPU:Intel(R) Xeon(R) Gold 6240R,Memory:192002MiB,Cores:96",dnaseq-1,burrows-wheeler-aligner,Lotaru-G,Realtime,5102.182312011719,3411.420488034975,2669.0,0.278164289260013
"CPU:Intel(R) Xeon(R) Gold 6240R,Memory:192002MiB,Cores:96",dnaseq-1,burrows-wheeler-aligner,Lotaru-G,Realtime,6639.323947906494,4423.234615670296,3292.0,0.3436314142376355
"CPU:Intel(R) Xeon(R) Gold 6240R,Memory:192002MiB,Cores:96",dnaseq-1,burrows-wheeler-aligner,Lotaru-G,Realtime,812.8875761032104,588.0183303946792,461.0,0.2755278316587401
"CPU:Intel(R) Xeon(R) Gold 6240R,Memory:192002MiB,Cores:96",dnaseq-1,burrows-wheeler-aligner,Lotaru-A,Realtime,609.9719657897949,564.049618296154,386.0,0.4612684411817461
"CPU:Intel(R) Xeon(R) Gold 6240R,Memory:192002MiB,Cores:96",dnaseq-1,burrows-wheeler-aligner,Lotaru-A,Realtime,5102.182312011719,4234.148706721225,2715.0,0.5595391184976887
"CPU:Intel(R) Xeon(R) Gold 6240R,Memory:192002MiB,Cores:96",dnaseq-1,burrows-wheeler-aligner,Lotaru-A,Realtime,4590.344056129456,3815.9810405712105,2574.0,0.4825101167720321
"CPU:Intel(R) Xeon(R) Gold 6240R,Memory:192002MiB,Cores:96",dnaseq-1,burrows-wheeler-aligner,Lotaru-A,Realtime,203.0108642578125,231.56572893128026,139.0,0.6659404959084911
"CPU:Intel(R) Xeon(R) Gold 6240R,Memory:192002MiB,Cores:96",dnaseq-1,burrows-wheeler-aligner,Lotaru-A,Realtime,1729.362572669983,1478.5825829775029,804.0,0.8390330634048543
"CPU:Intel(R) Xeon(R) Gold 6240R,Memory:192002MiB,Cores:96",dnaseq-1,burrows-wheeler-aligner,Lotaru-A,Realtime,1474.3470220565796,1270.2369651843348,820.0,0.5490694697369937
"CPU:Intel(R) Xeon(R) Gold 6240R,Memory:192002MiB,Cores:96",dnaseq-1,burrows-wheeler-aligner,Lotaru-A,Realtime,5102.182312011719,4234.148706721225,2448.0,0.7296359096083435
"CPU:Intel(R) Xeon(R) Gold 6240R,Memory:192002MiB,Cores:96",dnaseq-1,burrows-wheeler-aligner,Lotaru-A,Realtime,812.8875761032104,729.8300112523331,411.0,0.7757421198353602
"CPU:Intel(R) Xeon(R) Gold 6240R,Memory:192002MiB,Cores:96",dnaseq-1,burrows-wheeler-aligner,Lotaru-A,Realtime,5613.892818450928,4652.212002621772,2733.0,0.7022363712483614
"CPU:Intel(R) Xeon(R) Gold 6240R,Memory:192002MiB,Cores:96",dnaseq-1,burrows-wheeler-aligner,Lotaru-A,Realtime,203.0108642578125,231.56572893128026,124.0,0.8674655558974215
"CPU:Intel(R) Xeon(R) Gold 6240R,Memory:192002MiB,Cores:96",dnaseq-1,burrows-wheeler-aligner,Lotaru-A,Realtime,6639.323947906494,5489.980843215517,3076.0,0.7847792078073852
"CPU:Intel(R) Xeon(R) Gold 6240R,Memory:192002MiB,Cores:96",dnaseq-1,burrows-wheeler-aligner,Lotaru-A,Realtime,609.9719657897949,564.049618296154,375.0,0.5041323154564107
"CPU:Intel(R) Xeon(R) Gold 6240R,Memory:192002MiB,Cores:96",dnaseq-1,burrows-wheeler-aligner,Lotaru-A,Realtime,6639.323947906494,5489.980843215517,2563.0,1.1420135946997725
"CPU:Intel(R) Xeon(R) Gold 6240R,Memory:192002MiB,Cores:96",dnaseq-1,burrows-wheeler-aligner,Lotaru-A,Realtime,405.5044136047363,397.00130153200024,262.0,0.5152721432519093
"CPU:Intel(R) Xeon(R) Gold 6240R,Memory:192002MiB,Cores:96",dnaseq-1,burrows-wheeler-aligner,Lotaru-A,Realtime,5102.182312011719,4234.148706721225,1934.0,1.1893219786562692
"CPU:Intel(R) Xeon(R) Gold 6240R,Memory:192002MiB,Cores:96",dnaseq-1,burrows-wheeler-aligner,Lotaru-A,Realtime,2545.566870689392,2145.4148146090874,1850.0,0.1596836835724797
"CPU:Intel(R) Xeon(R) Gold 6240R,Memory:192002MiB,Cores:96",dnaseq-1,burrows-wheeler-aligner,Lotaru-A,Realtime,203.0108642578125,231.56572893128026,116.0,0.996256283890347
"CPU:Intel(R) Xeon(R) Gold 6240R,Memory:192002MiB,Cores:96",dnaseq-1,burrows-wheeler-aligner,Lotaru-A,Realtime,1474.3470220565796,1270.2369651843348,614.0,1.0687898455770926
"CPU:Intel(R) Xeon(R) Gold 6240R,Memory:192002MiB,Cores:96",dnaseq-1,burrows-wheeler-aligner,Lotaru-A,Realtime,6639.323947906494,5489.980843215517,2836.0,0.9358183509222556
"CPU:Intel(R) Xeon(R) Gold 6240R,Memory:192002MiB,Cores:96",dnaseq-1,burrows-wheeler-aligner,Lotaru-A,Realtime,405.5044136047363,397.00130153200024,259.0,0.5328235580386109
"CPU:Intel(R) Xeon(R) Gold 6240R,Memory:192002MiB,Cores:96",dnaseq-1,burrows-wheeler-aligner,Lotaru-A,Realtime,5102.182312011719,4234.148706721225,2056.0,1.05941084957258
"CPU:Intel(R) Xeon(R) Gold 6240R,Memory:192002MiB,Cores:96",dnaseq-1,burrows-wheeler-aligner,Lotaru-A,Realtime,203.0108642578125,231.56572893128026,239.0,0.031105736689203925
"CPU:Intel(R) Xeon(R) Gold 6240R,Memory:192002MiB,Cores:96",dnaseq-1,burrows-wheeler-aligner,Lotaru-A,Realtime,812.8875761032104,729.8300112523331,342.0,1.134005880854775
"CPU:Intel(R) Xeon(R) Gold 6240R,Memory:192002MiB,Cores:96",dnaseq-1,burrows-wheeler-aligner,Lotaru-A,Realtime,2545.566870689392,2145.4148146090874,1426.0,0.5044984674678032
"CPU:Intel(R) Xeon(R) Gold 6240R,Memory:192002MiB,Cores:96",dnaseq-1,burrows-wheeler-aligner,Lotaru-A,Realtime,5613.892818450928,4652.212002621772,2225.0,1.0908817989311335
"CPU:Intel(R) Xeon(R) Gold 6240R,Memory:192002MiB,Cores:96",dnaseq-1,burrows-wheeler-aligner,Lotaru-A,Realtime,405.5044136047363,397.00130153200024,240.0,0.6541720897166676
"CPU:Intel(R) Xeon(R) Gold 6240R,Memory:192002MiB,Cores:96",dnaseq-1,burrows-wheeler-aligner,Lotaru-A,Realtime,812.8875761032104,729.8300112523331,423.0,0.7253664568613075
"CPU:Intel(R) Xeon(R) Gold 6240R,Memory:192002MiB,Cores:96",dnaseq-1,burrows-wheeler-aligner,Lotaru-A,Realtime,4590.344056129456,3815.9810405712105,1171.0,2.2587370115894196
"CPU:Intel(R) Xeon(R) Gold 6240R,Memory:192002MiB,Cores:96",dnaseq-1,burrows-wheeler-aligner,Lotaru-A,Realtime,812.8875761032104,729.8300112523331,465.0,0.5695269059189958
"CPU:Intel(R) Xeon(R) Gold 6240R,Memory:192002MiB,Cores:96",dnaseq-1,burrows-wheeler-aligner,Lotaru-A,Realtime,203.0108642578125,231.56572893128026,123.0,0.8826482026933354
"CPU:Intel(R) Xeon(R) Gold 6240R,Memory:192002MiB,Cores:96",dnaseq-1,burrows-wheeler-aligner,Lotaru-A,Realtime,2545.566870689392,2145.4148146090874,1445.0,0.4847161346775692
"CPU:Intel(R) Xeon(R) Gold 6240R,Memory:192002MiB,Cores:96",dnaseq-1,burrows-wheeler-aligner,Lotaru-A,Realtime,609.9719657897949,564.049618296154,283.0,0.9931081918592014
"CPU:Intel(R) Xeon(R) Gold 6240R,Memory:192002MiB,Cores:96",dnaseq-1,burrows-wheeler-aligner,Lotaru-A,Realtime,405.5044136047363,397.00130153200024,264.0,0.5037928088333342
"CPU:Intel(R) Xeon(R) Gold 6240R,Memory:192002MiB,Cores:96",dnaseq-1,burrows-wheeler-aligner,Lotaru-A,Realtime,1729.362572669983,1478.5825829775029,742.0,0.9926988988915133
"CPU:Intel(R) Xeon(R) Gold 6240R,Memory:192002MiB,Cores:96",dnaseq-1,burrows-wheeler-aligner,Lotaru-A,Realtime,1729.362572669983,1478.5825829775029,1008.0,0.46684780057291947
"CPU:Intel(R) Xeon(R) Gold 6240R,Memory:192002MiB,Cores:96",dnaseq-1,burrows-wheeler-aligner,Lotaru-A,Realtime,3565.6447715759277,2978.810111272982,1920.0,0.5514635996213447
"CPU:Intel(R) Xeon(R) Gold 6240R,Memory:192002MiB,Cores:96",dnaseq-1,burrows-wheeler-aligner,Lotaru-A,Realtime,3055.7511615753174,2562.2312048932135,1202.0,1.1316399375151527
"CPU:Intel(R) Xeon(R) Gold 6240R,Memory:192002MiB,Cores:96",dnaseq-1,burrows-wheeler-aligner,Lotaru-A,Realtime,203.0108642578125,231.56572893128026,145.0,0.5970050271122777
"CPU:Intel(R) Xeon(R) Gold 6240R,Memory:192002MiB,Cores:96",dnaseq-1,burrows-wheeler-aligner,Lotaru-A,Realtime,3055.7511615753174,2562.2312048932135,1738.0,0.47424119959333344
"CPU:Intel(R) Xeon(R) Gold 6240R,Memory:192002MiB,Cores:96",dnaseq-1,burrows-wheeler-aligner,Lotaru-A,Realtime,3565.6447715759277,2978.810111272982,1303.0,1.2861167392732018
"CPU:Intel(R) Xeon(R) Gold 6240R,Memory:192002MiB,Cores:96",dnaseq-1,burrows-wheeler-aligner,Lotaru-A,Realtime,3055.7511615753174,2562.2312048932135,1890.0,0.35567788618688545
"CPU:Intel(R) Xeon(R) Gold 6240R,Memory:192002MiB,Cores:96",dnaseq-1,burrows-wheeler-aligner,Lotaru-A,Realtime,5102.182312011719,4234.148706721225,2535.0,0.6702756239531459
"CPU:Intel(R) Xeon(R) Gold 6240R,Memory:192002MiB,Cores:96",dnaseq-1,burrows-wheeler-aligner,Lotaru-A,Realtime,1729.362572669983,1478.5825829775029,965.0,0.5322099305466351
"CPU:Intel(R) Xeon(R) Gold 6240R,Memory:192002MiB,Cores:96",dnaseq-1,burrows-wheeler-aligner,Lotaru-A,Realtime,609.9719657897949,564.049618296154,358.0,0.5755575930060167
"CPU:Intel(R) Xeon(R) Gold 6240R,Memory:192002MiB,Cores:96",dnaseq-1,burrows-wheeler-aligner,Lotaru-A,Realtime,5102.182312011719,4234.148706721225,2669.0,0.5864176495770793
"CPU:Intel(R) Xeon(R) Gold 6240R,Memory:192002MiB,Cores:96",dnaseq-1,burrows-wheeler-aligner,Lotaru-A,Realtime,6639.323947906494,5489.980843215517,3292.0,0.6676734031638872
"CPU:Intel(R) Xeon(R) Gold 6240R,Memory:192002MiB,Cores:96",dnaseq-1,burrows-wheeler-aligner,Lotaru-A,Realtime,812.8875761032104,729.8300112523331,461.0,0.5831453606341281
"CPU:Intel(R) Xeon(R) Gold 6240R,Memory:192002MiB,Cores:96",dnaseq-1,burrows-wheeler-aligner,OnlineP,Realtime,609.9719657897949,365.00000000000006,386.0,0.05440414507772006
"CPU:Intel(R) Xeon(R) Gold 6240R,Memory:192002MiB,Cores:96",dnaseq-1,burrows-wheeler-aligner,OnlineP,Realtime,5102.182312011719,2846.0,2715.0,0.048250460405156535
"CPU:Intel(R) Xeon(R) Gold 6240R,Memory:192002MiB,Cores:96",dnaseq-1,burrows-wheeler-aligner,OnlineP,Realtime,4590.344056129456,2671.0,2574.0,0.03768453768453769
"CPU:Intel(R) Xeon(R) Gold 6240R,Memory:192002MiB,Cores:96",dnaseq-1,burrows-wheeler-aligner,OnlineP,Realtime,203.0108642578125,176.0,139.0,0.26618705035971224
"CPU:Intel(R) Xeon(R) Gold 6240R,Memory:192002MiB,Cores:96",dnaseq-1,burrows-wheeler-aligner,OnlineP,Realtime,1729.362572669983,1034.83008142389,804.0,0.2871020913232464
"CPU:Intel(R) Xeon(R) Gold 6240R,Memory:192002MiB,Cores:96",dnaseq-1,burrows-wheeler-aligner,OnlineP,Realtime,1474.3470220565796,882.231796266029,820.0,0.07589243447076713
"CPU:Intel(R) Xeon(R) Gold 6240R,Memory:192002MiB,Cores:96",dnaseq-1,burrows-wheeler-aligner,OnlineP,Realtime,5102.182312011719,2846.0,2448.0,0.16258169934640523
"CPU:Intel(R) Xeon(R) Gold 6240R,Memory:192002MiB,Cores:96",dnaseq-1,burrows-wheeler-aligner,OnlineP,Realtime,812.8875761032104,486.42229793872247,411.0,0.18350924072681865
"CPU:Intel(R) Xeon(R) Gold 6240R,Memory:192002MiB,Cores:96",dnaseq-1,burrows-wheeler-aligner,OnlineP,Realtime,5613.892818450928,3131.4323919193275,2733.0,0.145785727010365
"CPU:Intel(R) Xeon(R) Gold 6240R,Memory:192002MiB,Cores:96",dnaseq-1,burrows-wheeler-aligner,OnlineP,Realtime,203.0108642578125,176.0,124.0,0.41935483870967744
"CPU:Intel(R) Xeon(R) Gold 6240R,Memory:192002MiB,Cores:96",dnaseq-1,burrows-wheeler-aligner,OnlineP,Realtime,6639.323947906494,3773.0,3076.0,0.22659297789336802
"CPU:Intel(R) Xeon(R) Gold 6240R,Memory:192002MiB,Cores:96",dnaseq-1,burrows-wheeler-aligner,OnlineP,Realtime,609.9719657897949,365.00000000000006,375.0,0.026666666666666516
"CPU:Intel(R) Xeon(R) Gold 6240R,Memory:192002MiB,Cores:96",dnaseq-1,burrows-wheeler-aligner,OnlineP,Realtime,6639.323947906494,3773.0,2563.0,0.4721030042918455
"CPU:Intel(R) Xeon(R) Gold 6240R,Memory:192002MiB,Cores:96",dnaseq-1,burrows-wheeler-aligner,OnlineP,Realtime,405.5044136047363,351.55151452288396,262.0,0.3417996737514655
"CPU:Intel(R) Xeon(R) Gold 6240R,Memory:192002MiB,Cores:96",dnaseq-1,burrows-wheeler-aligner,OnlineP,Realtime,5102.182312011719,2846.0,1934.0,0.47156153050672184
"CPU:Intel(R) Xeon(R) Gold 6240R,Memory:192002MiB,Cores:96",dnaseq-1,burrows-wheeler-aligner,OnlineP,Realtime,2545.566870689392,1523.2370664749867,1850.0,0.1766286127162234
"CPU:Intel(R) Xeon(R) Gold 6240R,Memory:192002MiB,Cores:96",dnaseq-1,burrows-wheeler-aligner,OnlineP,Realtime,203.0108642578125,176.0,116.0,0.5172413793103449
"CPU:Intel(R) Xeon(R) Gold 6240R,Memory:192002MiB,Cores:96",dnaseq-1,burrows-wheeler-aligner,OnlineP,Realtime,1474.3470220565796,882.231796266029,614.0,0.43685960303913524
"CPU:Intel(R) Xeon(R) Gold 6240R,Memory:192002MiB,Cores:96",dnaseq-1,burrows-wheeler-aligner,OnlineP,Realtime,6639.323947906494,3773.0,2836.0,0.33039492242595203
"CPU:Intel(R) Xeon(R) Gold 6240R,Memory:192002MiB,Cores:96",dnaseq-1,burrows-wheeler-aligner,OnlineP,Realtime,405.5044136047363,351.55151452288396,259.0,0.3573417549146099
"CPU:Intel(R) Xeon(R) Gold 6240R,Memory:192002MiB,Cores:96",dnaseq-1,burrows-wheeler-aligner,OnlineP,Realtime,5102.182312011719,2846.0,2056.0,0.3842412451361868
"CPU:Intel(R) Xeon(R) Gold 6240R,Memory:192002MiB,Cores:96",dnaseq-1,burrows-wheeler-aligner,OnlineP,Realtime,203.0108642578125,176.0,239.0,0.26359832635983266
"CPU:Intel(R) Xeon(R) Gold 6240R,Memory:192002MiB,Cores:96",dnaseq-1,burrows-wheeler-aligner,OnlineP,Realtime,812.8875761032104,486.42229793872247,342.0,0.4222874208734575
"CPU:Intel(R) Xeon(R) Gold 6240R,Memory:192002MiB,Cores:96",dnaseq-1,burrows-wheeler-aligner,OnlineP,Realtime,2545.566870689392,1523.2370664749867,1426.0,0.06818868616759236
"CPU:Intel(R) Xeon(R) Gold 6240R,Memory:192002MiB,Cores:96",dnaseq-1,burrows-wheeler-aligner,OnlineP,Realtime,5613.892818450928,3131.4323919193275,2225.0,0.4073853446828438
"CPU:Intel(R) Xeon(R) Gold 6240R,Memory:192002MiB,Cores:96",dnaseq-1,burrows-wheeler-aligner,OnlineP,Realtime,405.5044136047363,351.55151452288396,240.0,0.46479797717868315
"CPU:Intel(R) Xeon(R) Gold 6240R,Memory:192002MiB,Cores:96",dnaseq-1,burrows-wheeler-aligner,OnlineP,Realtime,812.8875761032104,486.42229793872247,423.0,0.14993451049343373
"CPU:Intel(R) Xeon(R) Gold 6240R,Memory:192002MiB,Cores:96",dnaseq-1,burrows-wheeler-aligner,OnlineP,Realtime,4590.344056129456,2671.0,1171.0,1.2809564474807857
"CPU:Intel(R) Xeon(R) Gold 6240R,Memory:192002MiB,Cores:96",dnaseq-1,burrows-wheeler-aligner,OnlineP,Realtime,812.8875761032104,486.42229793872247,465.0,0.046069457932736486
"CPU:Intel(R) Xeon(R) Gold 6240R,Memory:192002MiB,Cores:96",dnaseq-1,burrows-wheeler-aligner,OnlineP,Realtime,203.0108642578125,176.0,123.0,0.43089430894308944
"CPU:Intel(R) Xeon(R) Gold 6240R,Memory:192002MiB,Cores:96",dnaseq-1,burrows-wheeler-aligner,OnlineP,Realtime,2545.566870689392,1523.2370664749867,1445.0,0.05414329859860672
"CPU:Intel(R) Xeon(R) Gold 6240R,Memory:192002MiB,Cores:96",dnaseq-1,burrows-wheeler-aligner,OnlineP,Realtime,609.9719657897949,365.00000000000006,283.0,0.28975265017667867
"CPU:Intel(R) Xeon(R) Gold 6240R,Memory:192002MiB,Cores:96",dnaseq-1,burrows-wheeler-aligner,OnlineP,Realtime,405.5044136047363,351.55151452288396,264.0,0.3316345247078938
"CPU:Intel(R) Xeon(R) Gold 6240R,Memory:192002MiB,Cores:96",dnaseq-1,burrows-wheeler-aligner,OnlineP,Realtime,1729.362572669983,1034.83008142389,742.0,0.39464970542303246
"CPU:Intel(R) Xeon(R) Gold 6240R,Memory:192002MiB,Cores:96",dnaseq-1,burrows-wheeler-aligner,OnlineP,Realtime,1729.362572669983,1034.83008142389,1008.0,0.02661714426973222
"CPU:Intel(R) Xeon(R) Gold 6240R,Memory:192002MiB,Cores:96",dnaseq-1,burrows-wheeler-aligner,OnlineP,Realtime,3565.6447715759277,2074.7545431071094,1920.0,0.0806013245349528
"CPU:Intel(R) Xeon(R) Gold 6240R,Memory:192002MiB,Cores:96",dnaseq-1,burrows-wheeler-aligner,OnlineP,Realtime,3055.7511615753174,1778.060914991574,1202.0,0.47925200914440436
"CPU:Intel(R) Xeon(R) Gold 6240R,Memory:192002MiB,Cores:96",dnaseq-1,burrows-wheeler-aligner,OnlineP,Realtime,203.0108642578125,176.0,145.0,0.21379310344827587
"CPU:Intel(R) Xeon(R) Gold 6240R,Memory:192002MiB,Cores:96",dnaseq-1,burrows-wheeler-aligner,OnlineP,Realtime,3055.7511615753174,1778.060914991574,1738.0,0.0230500086257618
"CPU:Intel(R) Xeon(R) Gold 6240R,Memory:192002MiB,Cores:96",dnaseq-1,burrows-wheeler-aligner,OnlineP,Realtime,3565.6447715759277,2074.7545431071094,1303.0,0.5922905165825859
"CPU:Intel(R) Xeon(R) Gold 6240R,Memory:192002MiB,Cores:96",dnaseq-1,burrows-wheeler-aligner,OnlineP,Realtime,3055.7511615753174,1778.060914991574,1890.0,0.0592270291049873
"CPU:Intel(R) Xeon(R) Gold 6240R,Memory:192002MiB,Cores:96",dnaseq-1,burrows-wheeler-aligner,OnlineP,Realtime,5102.182312011719,2846.0,2535.0,0.12268244575936883
"CPU:Intel(R) Xeon(R) Gold 6240R,Memory:192002MiB,Cores:96",dnaseq-1,burrows-wheeler-aligner,OnlineP,Realtime,1729.362572669983,1034.83008142389,965.0,0.0723627786776063
"CPU:Intel(R) Xeon(R) Gold 6240R,Memory:192002MiB,Cores:96",dnaseq-1,burrows-wheeler-aligner,OnlineP,Realtime,609.9719657897949,365.00000000000006,358.0,0.019553072625698484
"CPU:Intel(R) Xeon(R) Gold 6240R,Memory:192002MiB,Cores:96",dnaseq-1,burrows-wheeler-aligner,OnlineP,Realtime,5102.182312011719,2846.0,2669.0,0.06631697264893219
"CPU:Intel(R) Xeon(R) Gold 6240R,Memory:192002MiB,Cores:96",dnaseq-1,burrows-wheeler-aligner,OnlineP,Realtime,6639.323947906494,3773.0,3292.0,0.14611178614823817
"CPU:Intel(R) Xeon(R) Gold 6240R,Memory:192002MiB,Cores:96",dnaseq-1,burrows-wheeler-aligner,OnlineP,Realtime,812.8875761032104,486.42229793872247,461.0,0.055145982513497754
"CPU:Intel(R) Xeon(R) Gold 6240R,Memory:192002MiB,Cores:96",dnaseq-1,burrows-wheeler-aligner,Naive,Realtime,609.9719657897949,401.7250134077088,386.0,0.04073837670390877
"CPU:Intel(R) Xeon(R) Gold 6240R,Memory:192002MiB,Cores:96",dnaseq-1,burrows-wheeler-aligner,Naive,Realtime,5102.182312011719,3360.276164573487,2715.0,0.2376707788484299
"CPU:Intel(R) Xeon(R) Gold 6240R,Memory:192002MiB,Cores:96",dnaseq-1,burrows-wheeler-aligner,Naive,Realtime,4590.344056129456,3023.181606562702,2574.0,0.17450722865683846
"CPU:Intel(R) Xeon(R) Gold 6240R,Memory:192002MiB,Cores:96",dnaseq-1,burrows-wheeler-aligner,Naive,Realtime,203.0108642578125,133.7021154083418,139.0,0.0381142776378288
"CPU:Intel(R) Xeon(R) Gold 6240R,Memory:192002MiB,Cores:96",dnaseq-1,burrows-wheeler-aligner,Naive,Realtime,1729.362572669983,1138.9510365334593,804.0,0.41660576683266076
"CPU:Intel(R) Xeon(R) Gold 6240R,Memory:192002MiB,Cores:96",dnaseq-1,burrows-wheeler-aligner,Naive,Realtime,1474.3470220565796,970.9988498182945,820.0,0.18414493880279817
"CPU:Intel(R) Xeon(R) Gold 6240R,Memory:192002MiB,Cores:96",dnaseq-1,burrows-wheeler-aligner,Naive,Realtime,5102.182312011719,3360.276164573487,2448.0,0.3726618319336141
"CPU:Intel(R) Xeon(R) Gold 6240R,Memory:192002MiB,Cores:96",dnaseq-1,burrows-wheeler-aligner,Naive,Realtime,812.8875761032104,535.3643949623063,411.0,0.3025897687647355
"CPU:Intel(R) Xeon(R) Gold 6240R,Memory:192002MiB,Cores:96",dnaseq-1,burrows-wheeler-aligner,Naive,Realtime,5613.892818450928,3697.2865873295355,2733.0,0.3528308039990982
"CPU:Intel(R) Xeon(R) Gold 6240R,Memory:192002MiB,Cores:96",dnaseq-1,burrows-wheeler-aligner,Naive,Realtime,203.0108642578125,133.7021154083418,124.0,0.07824286619630481
"CPU:Intel(R) Xeon(R) Gold 6240R,Memory:192002MiB,Cores:96",dnaseq-1,burrows-wheeler-aligner,Naive,Realtime,6639.323947906494,4372.631287304124,3076.0,0.42153162786219905
"CPU:Intel(R) Xeon(R) Gold 6240R,Memory:192002MiB,Cores:96",dnaseq-1,burrows-wheeler-aligner,Naive,Realtime,609.9719657897949,401.7250134077088,375.0,0.07126670242055676
"CPU:Intel(R) Xeon(R) Gold 6240R,Memory:192002MiB,Cores:96",dnaseq-1,burrows-wheeler-aligner,Naive,Realtime,6639.323947906494,4372.631287304124,2563.0,0.7060598077659478
"CPU:Intel(R) Xeon(R) Gold 6240R,Memory:192002MiB,Cores:96",dnaseq-1,burrows-wheeler-aligner,Naive,Realtime,405.5044136047363,267.0635293563408,262.0,0.01932644792496481
"CPU:Intel(R) Xeon(R) Gold 6240R,Memory:192002MiB,Cores:96",dnaseq-1,burrows-wheeler-aligner,Naive,Realtime,5102.182312011719,3360.276164573487,1934.0,0.7374747490038713
"CPU:Intel(R) Xeon(R) Gold 6240R,Memory:192002MiB,Cores:96",dnaseq-1,burrows-wheeler-aligner,Naive,Realtime,2545.566870689392,1676.4998108295424,1850.0,0.09378388603808518
"CPU:Intel(R) Xeon(R) Gold 6240R,Memory:192002MiB,Cores:96",dnaseq-1,burrows-wheeler-aligner,Naive,Realtime,203.0108642578125,133.7021154083418,116.0,0.15260444317536032
"CPU:Intel(R) Xeon(R) Gold 6240R,Memory:192002MiB,Cores:96",dnaseq-1,burrows-wheeler-aligner,Naive,Realtime,1474.3470220565796,970.9988498182945,614.0,0.5814313514955937
"CPU:Intel(R) Xeon(R) Gold 6240R,Memory:192002MiB,Cores:96",dnaseq-1,burrows-wheeler-aligner,Naive,Realtime,6639.323947906494,4372.631287304124,2836.0,0.5418304962285346
"CPU:Intel(R) Xeon(R) Gold 6240R,Memory:192002MiB,Cores:96",dnaseq-1,burrows-wheeler-aligner,Naive,Realtime,405.5044136047363,267.0635293563408,259.0,0.03113331797814973
"CPU:Intel(R) Xeon(R) Gold 6240R,Memory:192002MiB,Cores:96",dnaseq-1,burrows-wheeler-aligner,Naive,Realtime,5102.182312011719,3360.276164573487,2056.0,0.6343755664267934
"CPU:Intel(R) Xeon(R) Gold 6240R,Memory:192002MiB,Cores:96",dnaseq-1,burrows-wheeler-aligner,Naive,Realtime,203.0108642578125,133.7021154083418,239.0,0.4405769229776494
"CPU:Intel(R) Xeon(R) Gold 6240R,Memory:192002MiB,Cores:96",dnaseq-1,burrows-wheeler-aligner,Naive,Realtime,812.8875761032104,535.3643949623063,342.0,0.5653929677260418
"CPU:Intel(R) Xeon(R) Gold 6240R,Memory:192002MiB,Cores:96",dnaseq-1,burrows-wheeler-aligner,Naive,Realtime,2545.566870689392,1676.4998108295424,1426.0,0.17566606650038039
"CPU:Intel(R) Xeon(R) Gold 6240R,Memory:192002MiB,Cores:96",dnaseq-1,burrows-wheeler-aligner,Naive,Realtime,5613.892818450928,3697.2865873295355,2225.0,0.6617018370020384
"CPU:Intel(R) Xeon(R) Gold 6240R,Memory:192002MiB,Cores:96",dnaseq-1,burrows-wheeler-aligner,Naive,Realtime,405.5044136047363,267.0635293563408,240.0,0.11276470565141991
"CPU:Intel(R) Xeon(R) Gold 6240R,Memory:192002MiB,Cores:96",dnaseq-1,burrows-wheeler-aligner,Naive,Realtime,812.8875761032104,535.3643949623063,423.0,0.2656368675231827
"CPU:Intel(R) Xeon(R) Gold 6240R,Memory:192002MiB,Cores:96",dnaseq-1,burrows-wheeler-aligner,Naive,Realtime,4590.344056129456,3023.181606562702,1171.0,1.5817093138878755
"CPU:Intel(R) Xeon(R) Gold 6240R,Memory:192002MiB,Cores:96",dnaseq-1,burrows-wheeler-aligner,Naive,Realtime,812.8875761032104,535.3643949623063,465.0,0.1513212794888307
"CPU:Intel(R) Xeon(R) Gold 6240R,Memory:192002MiB,Cores:96",dnaseq-1,burrows-wheeler-aligner,Naive,Realtime,203.0108642578125,133.7021154083418,123.0,0.08700906836050241
"CPU:Intel(R) Xeon(R) Gold 6240R,Memory:192002MiB,Cores:96",dnaseq-1,burrows-wheeler-aligner,Naive,Realtime,2545.566870689392,1676.4998108295424,1445.0,0.16020748154293593
"CPU:Intel(R) Xeon(R) Gold 6240R,Memory:192002MiB,Cores:96",dnaseq-1,burrows-wheeler-aligner,Naive,Realtime,609.9719657897949,401.7250134077088,283.0,0.4195230155749427
"CPU:Intel(R) Xeon(R) Gold 6240R,Memory:192002MiB,Cores:96",dnaseq-1,burrows-wheeler-aligner,Naive,Realtime,405.5044136047363,267.0635293563408,264.0,0.011604277864927197
"CPU:Intel(R) Xeon(R) Gold 6240R,Memory:192002MiB,Cores:96",dnaseq-1,burrows-wheeler-aligner,Naive,Realtime,1729.362572669983,1138.9510365334593,742.0,0.5349744427674653
"CPU:Intel(R) Xeon(R) Gold 6240R,Memory:192002MiB,Cores:96",dnaseq-1,burrows-wheeler-aligner,Naive,Realtime,1729.362572669983,1138.9510365334593,1008.0,0.12991174259271754
"CPU:Intel(R) Xeon(R) Gold 6240R,Memory:192002MiB,Cores:96",dnaseq-1,burrows-wheeler-aligner,Naive,Realtime,3565.6447715759277,2348.3188966131843,1920.0,0.22308275865270014
"CPU:Intel(R) Xeon(R) Gold 6240R,Memory:192002MiB,Cores:96",dnaseq-1,burrows-wheeler-aligner,Naive,Realtime,3055.7511615753174,2012.50507433567,1202.0,0.6742970668350001
"CPU:Intel(R) Xeon(R) Gold 6240R,Memory:192002MiB,Cores:96",dnaseq-1,burrows-wheeler-aligner,Naive,Realtime,203.0108642578125,133.7021154083418,145.0,0.07791644545971174
"CPU:Intel(R) Xeon(R) Gold 6240R,Memory:192002MiB,Cores:96",dnaseq-1,burrows-wheeler-aligner,Naive,Realtime,3055.7511615753174,2012.50507433567,1738.0,0.15794308074549487
"CPU:Intel(R) Xeon(R) Gold 6240R,Memory:192002MiB,Cores:96",dnaseq-1,burrows-wheeler-aligner,Naive,Realtime,3565.6447715759277,2348.3188966131843,1303.0,0.8022401355435029
"CPU:Intel(R) Xeon(R) Gold 6240R,Memory:192002MiB,Cores:96",dnaseq-1,burrows-wheeler-aligner,Naive,Realtime,3055.7511615753174,2012.50507433567,1890.0,0.0648174996485027
"CPU:Intel(R) Xeon(R) Gold 6240R,Memory:192002MiB,Cores:96",dnaseq-1,burrows-wheeler-aligner,Naive,Realtime,5102.182312011719,3360.276164573487,2535.0,0.3255527276424013
"CPU:Intel(R) Xeon(R) Gold 6240R,Memory:192002MiB,Cores:96",dnaseq-1,burrows-wheeler-aligner,Naive,Realtime,1729.362572669983,1138.9510365334593,965.0,0.18026014148545003
"CPU:Intel(R) Xeon(R) Gold 6240R,Memory:192002MiB,Cores:96",dnaseq-1,burrows-wheeler-aligner,Naive,Realtime,609.9719657897949,401.7250134077088,358.0,0.1221369089600804
"CPU:Intel(R) Xeon(R) Gold 6240R,Memory:192002MiB,Cores:96",dnaseq-1,burrows-wheeler-aligner,Naive,Realtime,5102.182312011719,3360.276164573487,2669.0,0.25900193502191354
"CPU:Intel(R) Xeon(R) Gold 6240R,Memory:192002MiB,Cores:96",dnaseq-1,burrows-wheeler-aligner,Naive,Realtime,6639.323947906494,4372.631287304124,3292.0,0.3282598078080572
"CPU:Intel(R) Xeon(R) Gold 6240R,Memory:192002MiB,Cores:96",dnaseq-1,burrows-wheeler-aligner,Naive,Realtime,812.8875761032104,535.3643949623063,461.0,0.16131105197897241
"CPU:Intel(R) Xeon(R) Gold 6240R,Memory:192002MiB,Cores:96",dnaseq-1,burrows-wheeler-aligner,Perfect,Realtime,609.9719657897949,386.0,386.0,0.0
"CPU:Intel(R) Xeon(R) Gold 6240R,Memory:192002MiB,Cores:96",dnaseq-1,burrows-wheeler-aligner,Perfect,Realtime,5102.182312011719,2715.0,2715.0,0.0
"CPU:Intel(R) Xeon(R) Gold 6240R,Memory:192002MiB,Cores:96",dnaseq-1,burrows-wheeler-aligner,Perfect,Realtime,4590.344056129456,2574.0,2574.0,0.0
"CPU:Intel(R) Xeon(R) Gold 6240R,Memory:192002MiB,Cores:96",dnaseq-1,burrows-wheeler-aligner,Perfect,Realtime,203.0108642578125,139.0,139.0,0.0
"CPU:Intel(R) Xeon(R) Gold 6240R,Memory:192002MiB,Cores:96",dnaseq-1,burrows-wheeler-aligner,Perfect,Realtime,1729.362572669983,804.0,804.0,0.0
"CPU:Intel(R) Xeon(R) Gold 6240R,Memory:192002MiB,Cores:96",dnaseq-1,burrows-wheeler-aligner,Perfect,Realtime,1474.3470220565796,820.0,820.0,0.0
"CPU:Intel(R) Xeon(R) Gold 6240R,Memory:192002MiB,Cores:96",dnaseq-1,burrows-wheeler-aligner,Perfect,Realtime,5102.182312011719,2448.0,2448.0,0.0
"CPU:Intel(R) Xeon(R) Gold 6240R,Memory:192002MiB,Cores:96",dnaseq-1,burrows-wheeler-aligner,Perfect,Realtime,812.8875761032104,411.0,411.0,0.0
"CPU:Intel(R) Xeon(R) Gold 6240R,Memory:192002MiB,Cores:96",dnaseq-1,burrows-wheeler-aligner,Perfect,Realtime,5613.892818450928,2733.0,2733.0,0.0
"CPU:Intel(R) Xeon(R) Gold 6240R,Memory:192002MiB,Cores:96",dnaseq-1,burrows-wheeler-aligner,Perfect,Realtime,203.0108642578125,124.0,124.0,0.0
"CPU:Intel(R) Xeon(R) Gold 6240R,Memory:192002MiB,Cores:96",dnaseq-1,burrows-wheeler-aligner,Perfect,Realtime,6639.323947906494,3076.0,3076.0,0.0
"CPU:Intel(R) Xeon(R) Gold 6240R,Memory:192002MiB,Cores:96",dnaseq-1,burrows-wheeler-aligner,Perfect,Realtime,609.9719657897949,375.0,375.0,0.0
"CPU:Intel(R) Xeon(R) Gold 6240R,Memory:192002MiB,Cores:96",dnaseq-1,burrows-wheeler-aligner,Perfect,Realtime,6639.323947906494,2563.0,2563.0,0.0
"CPU:Intel(R) Xeon(R) Gold 6240R,Memory:192002MiB,Cores:96",dnaseq-1,burrows-wheeler-aligner,Perfect,Realtime,405.5044136047363,262.0,262.0,0.0
"CPU:Intel(R) Xeon(R) Gold 6240R,Memory:192002MiB,Cores:96",dnaseq-1,burrows-wheeler-aligner,Perfect,Realtime,5102.182312011719,1934.0,1934.0,0.0
"CPU:Intel(R) Xeon(R) Gold 6240R,Memory:192002MiB,Cores:96",dnaseq-1,burrows-wheeler-aligner,Perfect,Realtime,2545.566870689392,1850.0,1850.0,0.0
"CPU:Intel(R) Xeon(R) Gold 6240R,Memory:192002MiB,Cores:96",dnaseq-1,burrows-wheeler-aligner,Perfect,Realtime,203.0108642578125,116.0,116.0,0.0
"CPU:Intel(R) Xeon(R) Gold 6240R,Memory:192002MiB,Cores:96",dnaseq-1,burrows-wheeler-aligner,Perfect,Realtime,1474.3470220565796,614.0,614.0,0.0
"CPU:Intel(R) Xeon(R) Gold 6240R,Memory:192002MiB,Cores:96",dnaseq-1,burrows-wheeler-aligner,Perfect,Realtime,6639.323947906494,2836.0,2836.0,0.0
"CPU:Intel(R) Xeon(R) Gold 6240R,Memory:192002MiB,Cores:96",dnaseq-1,burrows-wheeler-aligner,Perfect,Realtime,405.5044136047363,259.0,259.0,0.0
"CPU:Intel(R) Xeon(R) Gold 6240R,Memory:192002MiB,Cores:96",dnaseq-1,burrows-wheeler-aligner,Perfect,Realtime,5102.182312011719,2056.0,2056.0,0.0
"CPU:Intel(R) Xeon(R) Gold 6240R,Memory:192002MiB,Cores:96",dnaseq-1,burrows-wheeler-aligner,Perfect,Realtime,203.0108642578125,239.0,239.0,0.0
"CPU:Intel(R) Xeon(R) Gold 6240R,Memory:192002MiB,Cores:96",dnaseq-1,burrows-wheeler-aligner,Perfect,Realtime,812.8875761032104,342.0,342.0,0.0
"CPU:Intel(R) Xeon(R) Gold 6240R,Memory:192002MiB,Cores:96",dnaseq-1,burrows-wheeler-aligner,Perfect,Realtime,2545.566870689392,1426.0,1426.0,0.0
"CPU:Intel(R) Xeon(R) Gold 6240R,Memory:192002MiB,Cores:96",dnaseq-1,burrows-wheeler-aligner,Perfect,Realtime,5613.892818450928,2225.0,2225.0,0.0
"CPU:Intel(R) Xeon(R) Gold 6240R,Memory:192002MiB,Cores:96",dnaseq-1,burrows-wheeler-aligner,Perfect,Realtime,405.5044136047363,240.0,240.0,0.0
"CPU:Intel(R) Xeon(R) Gold 6240R,Memory:192002MiB,Cores:96",dnaseq-1,burrows-wheeler-aligner,Perfect,Realtime,812.8875761032104,423.0,423.0,0.0
"CPU:Intel(R) Xeon(R) Gold 6240R,Memory:192002MiB,Cores:96",dnaseq-1,burrows-wheeler-aligner,Perfect,Realtime,4590.344056129456,1171.0,1171.0,0.0
"CPU:Intel(R) Xeon(R) Gold 6240R,Memory:192002MiB,Cores:96",dnaseq-1,burrows-wheeler-aligner,Perfect,Realtime,812.8875761032104,465.0,465.0,0.0
"CPU:Intel(R) Xeon(R) Gold 6240R,Memory:192002MiB,Cores:96",dnaseq-1,burrows-wheeler-aligner,Perfect,Realtime,203.0108642578125,123.0,123.0,0.0
"CPU:Intel(R) Xeon(R) Gold 6240R,Memory:192002MiB,Cores:96",dnaseq-1,burrows-wheeler-aligner,Perfect,Realtime,2545.566870689392,1445.0,1445.0,0.0
"CPU:Intel(R) Xeon(R) Gold 6240R,Memory:192002MiB,Cores:96",dnaseq-1,burrows-wheeler-aligner,Perfect,Realtime,609.9719657897949,283.0,283.0,0.0
"CPU:Intel(R) Xeon(R) Gold 6240R,Memory:192002MiB,Cores:96",dnaseq-1,burrows-wheeler-aligner,Perfect,Realtime,405.5044136047363,264.0,264.0,0.0
"CPU:Intel(R) Xeon(R) Gold 6240R,Memory:192002MiB,Cores:96",dnaseq-1,burrows-wheeler-aligner,Perfect,Realtime,1729.362572669983,742.0,742.0,0.0
"CPU:Intel(R) Xeon(R) Gold 6240R,Memory:192002MiB,Cores:96",dnaseq-1,burrows-wheeler-aligner,Perfect,Realtime,1729.362572669983,1008.0,1008.0,0.0
"CPU:Intel(R) Xeon(R) Gold 6240R,Memory:192002MiB,Cores:96",dnaseq-1,burrows-wheeler-aligner,Perfect,Realtime,3565.6447715759277,1920.0,1920.0,0.0
"CPU:Intel(R) Xeon(R) Gold 6240R,Memory:192002MiB,Cores:96",dnaseq-1,burrows-wheeler-aligner,Perfect,Realtime,3055.7511615753174,1202.0,1202.0,0.0
"CPU:Intel(R) Xeon(R) Gold 6240R,Memory:192002MiB,Cores:96",dnaseq-1,burrows-wheeler-aligner,Perfect,Realtime,203.0108642578125,145.0,145.0,0.0
"CPU:Intel(R) Xeon(R) Gold 6240R,Memory:192002MiB,Cores:96",dnaseq-1,burrows-wheeler-aligner,Perfect,Realtime,3055.7511615753174,1738.0,1738.0,0.0
"CPU:Intel(R) Xeon(R) Gold 6240R,Memory:192002MiB,Cores:96",dnaseq-1,burrows-wheeler-aligner,Perfect,Realtime,3565.6447715759277,1303.0,1303.0,0.0
"CPU:Intel(R) Xeon(R) Gold 6240R,Memory:192002MiB,Cores:96",dnaseq-1,burrows-wheeler-aligner,Perfect,Realtime,3055.7511615753174,1890.0,1890.0,0.0
"CPU:Intel(R) Xeon(R) Gold 6240R,Memory:192002MiB,Cores:96",dnaseq-1,burrows-wheeler-aligner,Perfect,Realtime,5102.182312011719,2535.0,2535.0,0.0
"CPU:Intel(R) Xeon(R) Gold 6240R,Memory:192002MiB,Cores:96",dnaseq-1,burrows-wheeler-aligner,Perfect,Realtime,1729.362572669983,965.0,965.0,0.0
"CPU:Intel(R) Xeon(R) Gold 6240R,Memory:192002MiB,Cores:96",dnaseq-1,burrows-wheeler-aligner,Perfect,Realtime,609.9719657897949,358.0,358.0,0.0
"CPU:Intel(R) Xeon(R) Gold 6240R,Memory:192002MiB,Cores:96",dnaseq-1,burrows-wheeler-aligner,Perfect,Realtime,5102.182312011719,2669.0,2669.0,0.0
"CPU:Intel(R) Xeon(R) Gold 6240R,Memory:192002MiB,Cores:96",dnaseq-1,burrows-wheeler-aligner,Perfect,Realtime,6639.323947906494,3292.0,3292.0,0.0
"CPU:Intel(R) Xeon(R) Gold 6240R,Memory:192002MiB,Cores:96",dnaseq-1,burrows-wheeler-aligner,Perfect,Realtime,812.8875761032104,461.0,461.0,0.0
"CPU:Intel(R) Xeon(R) Gold 6240R,Memory:192002MiB,Cores:96",dnaseq-1,fastq-cleaner,Lotaru-G,Realtime,5613.892818450928,1775.4505224790573,1636.0,0.08523870567179544
"CPU:Intel(R) Xeon(R) Gold 6240R,Memory:192002MiB,Cores:96",dnaseq-1,fastq-cleaner,Lotaru-G,Realtime,203.0108642578125,91.62134484552483,136.0,0.3263136408417292
"CPU:Intel(R) Xeon(R) Gold 6240R,Memory:192002MiB,Cores:96",dnaseq-1,fastq-cleaner,Lotaru-G,Realtime,609.9719657897949,218.2648352640145,220.0,0.007887112436297757
"CPU:Intel(R) Xeon(R) Gold 6240R,Memory:192002MiB,Cores:96",dnaseq-1,fastq-cleaner,Lotaru-G,Realtime,609.9719657897949,218.2648352640145,229.0,0.04687844862875767
"CPU:Intel(R) Xeon(R) Gold 6240R,Memory:192002MiB,Cores:96",dnaseq-1,fastq-cleaner,Lotaru-G,Realtime,405.5044136047363,154.63594201460523,120.0,0.2886328501217103
"CPU:Intel(R) Xeon(R) Gold 6240R,Memory:192002MiB,Cores:96",dnaseq-1,fastq-cleaner,Lotaru-G,Realtime,3565.6447715759277,1138.0498448157189,1628.0,0.30095218377412847
"CPU:Intel(R) Xeon(R) Gold 6240R,Memory:192002MiB,Cores:96",dnaseq-1,fastq-cleaner,Lotaru-G,Realtime,405.5044136047363,154.63594201460523,167.0,0.07403627536164531
"CPU:Intel(R) Xeon(R) Gold 6240R,Memory:192002MiB,Cores:96",dnaseq-1,fastq-cleaner,Lotaru-G,Realtime,405.5044136047363,154.63594201460523,173.0,0.10615062419303332
"CPU:Intel(R) Xeon(R) Gold 6240R,Memory:192002MiB,Cores:96",dnaseq-1,fastq-cleaner,Lotaru-G,Realtime,203.0108642578125,91.62134484552483,74.0,0.2381262816962815
"CPU:Intel(R) Xeon(R) Gold 6240R,Memory:192002MiB,Cores:96",dnaseq-1,fastq-cleaner,Lotaru-G,Realtime,4590.344056129456,1456.9292009425585,1291.0,0.1285276537122839
"CPU:Intel(R) Xeon(R) Gold 6240R,Memory:192002MiB,Cores:96",dnaseq-1,fastq-cleaner,Lotaru-G,Realtime,6639.323947906494,2094.5576236962515,3618.0,0.4210730724996541
"CPU:Intel(R) Xeon(R) Gold 6240R,Memory:192002MiB,Cores:96",dnaseq-1,fastq-cleaner,Lotaru-G,Realtime,3565.6447715759277,1138.0498448157189,1227.0,0.0724940140051191
"CPU:Intel(R) Xeon(R) Gold 6240R,Memory:192002MiB,Cores:96",dnaseq-1,fastq-cleaner,Lotaru-G,Realtime,1729.362572669983,566.6114783788416,532.0,0.06505916988504068
"CPU:Intel(R) Xeon(R) Gold 6240R,Memory:192002MiB,Cores:96",dnaseq-1,fastq-cleaner,Lotaru-G,Realtime,5613.892818450928,1775.4505224790573,1866.0,0.0485259793788546
"CPU:Intel(R) Xeon(R) Gold 6240R,Memory:192002MiB,Cores:96",dnaseq-1,fastq-cleaner,Lotaru-G,Realtime,6639.323947906494,2094.5576236962515,1656.0,0.26482948290836444
"CPU:Intel(R) Xeon(R) Gold 6240R,Memory:192002MiB,Cores:96",dnaseq-1,fastq-cleaner,Lotaru-G,Realtime,3565.6447715759277,1138.0498448157189,1226.0,0.07173748383709717
"CPU:Intel(R) Xeon(R) Gold 6240R,Memory:192002MiB,Cores:96",dnaseq-1,fastq-cleaner,Lotaru-G,Realtime,609.9719657897949,218.2648352640145,189.0,0.15484039822229892
"CPU:Intel(R) Xeon(R) Gold 6240R,Memory:192002MiB,Cores:96",dnaseq-1,fastq-cleaner,Lotaru-G,Realtime,5613.892818450928,1775.4505224790573,1783.0,0.004234143309558426
"CPU:Intel(R) Xeon(R) Gold 6240R,Memory:192002MiB,Cores:96",dnaseq-1,fastq-cleaner,Lotaru-A,Realtime,5613.892818450928,1634.920823346734,1636.0,0.0006596434310916283
"CPU:Intel(R) Xeon(R) Gold 6240R,Memory:192002MiB,Cores:96",dnaseq-1,fastq-cleaner,Lotaru-A,Realtime,203.0108642578125,84.36937140992474,136.0,0.379636974927024
"CPU:Intel(R) Xeon(R) Gold 6240R,Memory:192002MiB,Cores:96",dnaseq-1,fastq-cleaner,Lotaru-A,Realtime,609.9719657897949,200.9888305303034,220.0,0.08641440668043908
"CPU:Intel(R) Xeon(R) Gold 6240R,Memory:192002MiB,Cores:96",dnaseq-1,fastq-cleaner,Lotaru-A,Realtime,609.9719657897949,200.9888305303034,229.0,0.12231951733491964
"CPU:Intel(R) Xeon(R) Gold 6240R,Memory:192002MiB,Cores:96",dnaseq-1,fastq-cleaner,Lotaru-A,Realtime,405.5044136047363,142.39626418003905,120.0,0.18663553483365877
"CPU:Intel(R) Xeon(R) Gold 6240R,Memory:192002MiB,Cores:96",dnaseq-1,fastq-cleaner,Lotaru-A,Realtime,3565.6447715759277,1047.971411052197,1628.0,0.35628291704410503
"CPU:Intel(R) Xeon(R) Gold 6240R,Memory:192002MiB,Cores:96",dnaseq-1,fastq-cleaner,Lotaru-A,Realtime,405.5044136047363,142.39626418003905,167.0,0.14732775940096374
"CPU:Intel(R) Xeon(R) Gold 6240R,Memory:192002MiB,Cores:96",dnaseq-1,fastq-cleaner,Lotaru-A,Realtime,405.5044136047363,142.39626418003905,173.0,0.17690020705179738
"CPU:Intel(R) Xeon(R) Gold 6240R,Memory:192002MiB,Cores:96",dnaseq-1,fastq-cleaner,Lotaru-A,Realtime,203.0108642578125,84.36937140992474,74.0,0.14012664067465863
"CPU:Intel(R) Xeon(R) Gold 6240R,Memory:192002MiB,Cores:96",dnaseq-1,fastq-cleaner,Lotaru-A,Realtime,4590.344056129456,1341.6109649943814,1291.0,0.03920291633956735
"CPU:Intel(R) Xeon(R) Gold 6240R,Memory:192002MiB,Cores:96",dnaseq-1,fastq-cleaner,Lotaru-A,Realtime,6639.323947906494,1928.77009599745,3618.0,0.4668960486463654
"CPU:Intel(R) Xeon(R) Gold 6240R,Memory:192002MiB,Cores:96",dnaseq-1,fastq-cleaner,Lotaru-A,Realtime,3565.6447715759277,1047.971411052197,1227.0,0.14590757045460714
"CPU:Intel(R) Xeon(R) Gold 6240R,Memory:192002MiB,Cores:96",dnaseq-1,fastq-cleaner,Lotaru-A,Realtime,1729.362572669983,521.763289384919,532.0,0.019241937246392955
"CPU:Intel(R) Xeon(R) Gold 6240R,Memory:192002MiB,Cores:96",dnaseq-1,fastq-cleaner,Lotaru-A,Realtime,5613.892818450928,1634.920823346734,1866.0,0.12383664343690563
"CPU:Intel(R) Xeon(R) Gold 6240R,Memory:192002MiB,Cores:96",dnaseq-1,fastq-cleaner,Lotaru-A,Realtime,6639.323947906494,1928.77009599745,1656.0,0.16471624154435385
"CPU:Intel(R) Xeon(R) Gold 6240R,Memory:192002MiB,Cores:96",dnaseq-1,fastq-cleaner,Lotaru-A,Realtime,3565.6447715759277,1047.971411052197,1226.0,0.14521092083833848
"CPU:Intel(R) Xeon(R) Gold 6240R,Memory:192002MiB,Cores:96",dnaseq-1,fastq-cleaner,Lotaru-A,Realtime,609.9719657897949,200.9888305303034,189.0,0.06343296576880107
"CPU:Intel(R) Xeon(R) Gold 6240R,Memory:192002MiB,Cores:96",dnaseq-1,fastq-cleaner,Lotaru-A,Realtime,5613.892818450928,1634.920823346734,1783.0,0.0830505758010465
"CPU:Intel(R) Xeon(R) Gold 6240R,Memory:192002MiB,Cores:96",dnaseq-1,fastq-cleaner,OnlineP,Realtime,5613.892818450928,1464.0000000000002,1636.0,0.10513447432762822
"CPU:Intel(R) Xeon(R) Gold 6240R,Memory:192002MiB,Cores:96",dnaseq-1,fastq-cleaner,OnlineP,Realtime,203.0108642578125,77.59886922126809,136.0,0.4294200792553817
"CPU:Intel(R) Xeon(R) Gold 6240R,Memory:192002MiB,Cores:96",dnaseq-1,fastq-cleaner,OnlineP,Realtime,609.9719657897949,169.0,220.0,0.2318181818181818
"CPU:Intel(R) Xeon(R) Gold 6240R,Memory:192002MiB,Cores:96",dnaseq-1,fastq-cleaner,OnlineP,Realtime,609.9719657897949,169.0,229.0,0.26200873362445415
"CPU:Intel(R) Xeon(R) Gold 6240R,Memory:192002MiB,Cores:96",dnaseq-1,fastq-cleaner,OnlineP,Realtime,405.5044136047363,155.0,120.0,0.2916666666666667
"CPU:Intel(R) Xeon(R) Gold 6240R,Memory:192002MiB,Cores:96",dnaseq-1,fastq-cleaner,OnlineP,Realtime,3565.6447715759277,951.093773169816,1628.0,0.41579006562050613
"CPU:Intel(R) Xeon(R) Gold 6240R,Memory:192002MiB,Cores:96",dnaseq-1,fastq-cleaner,OnlineP,Realtime,405.5044136047363,155.0,167.0,0.0718562874251497
"CPU:Intel(R) Xeon(R) Gold 6240R,Memory:192002MiB,Cores:96",dnaseq-1,fastq-cleaner,OnlineP,Realtime,405.5044136047363,155.0,173.0,0.10404624277456648
"CPU:Intel(R) Xeon(R) Gold 6240R,Memory:192002MiB,Cores:96",dnaseq-1,fastq-cleaner,OnlineP,Realtime,203.0108642578125,77.59886922126809,74.0,0.04863336785497417
"CPU:Intel(R) Xeon(R) Gold 6240R,Memory:192002MiB,Cores:96",dnaseq-1,fastq-cleaner,OnlineP,Realtime,4590.344056129456,1197.0773072272304,1291.0,0.07275189215551475
"CPU:Intel(R) Xeon(R) Gold 6240R,Memory:192002MiB,Cores:96",dnaseq-1,fastq-cleaner,OnlineP,Realtime,6639.323947906494,1828.9999999999998,3618.0,0.4944720840243229
"CPU:Intel(R) Xeon(R) Gold 6240R,Memory:192002MiB,Cores:96",dnaseq-1,fastq-cleaner,OnlineP,Realtime,3565.6447715759277,951.093773169816,1227.0,0.22486245055434717
"CPU:Intel(R) Xeon(R) Gold 6240R,Memory:192002MiB,Cores:96",dnaseq-1,fastq-cleaner,OnlineP,Realtime,1729.362572669983,461.2871106878095,532.0,0.13291896487253854
"CPU:Intel(R) Xeon(R) Gold 6240R,Memory:192002MiB,Cores:96",dnaseq-1,fastq-cleaner,OnlineP,Realtime,5613.892818450928,1464.0000000000002,1866.0,0.21543408360128605
"CPU:Intel(R) Xeon(R) Gold 6240R,Memory:192002MiB,Cores:96",dnaseq-1,fastq-cleaner,OnlineP,Realtime,6639.323947906494,1828.9999999999998,1656.0,0.10446859903381629
"CPU:Intel(R) Xeon(R) Gold 6240R,Memory:192002MiB,Cores:96",dnaseq-1,fastq-cleaner,OnlineP,Realtime,3565.6447715759277,951.093773169816,1226.0,0.22423020132967697
"CPU:Intel(R) Xeon(R) Gold 6240R,Memory:192002MiB,Cores:96",dnaseq-1,fastq-cleaner,OnlineP,Realtime,609.9719657897949,169.0,189.0,0.10582010582010581
"CPU:Intel(R) Xeon(R) Gold 6240R,Memory:192002MiB,Cores:96",dnaseq-1,fastq-cleaner,OnlineP,Realtime,5613.892818450928,1464.0000000000002,1783.0,0.17891194615816028
"CPU:Intel(R) Xeon(R) Gold 6240R,Memory:192002MiB,Cores:96",dnaseq-1,fastq-cleaner,Naive,Realtime,5613.892818450928,1659.408463556428,1636.0,0.014308351807107537
"CPU:Intel(R) Xeon(R) Gold 6240R,Memory:192002MiB,Cores:96",dnaseq-1,fastq-cleaner,Naive,Realtime,203.0108642578125,60.00790489553304,136.0,0.558765405179904
"CPU:Intel(R) Xeon(R) Gold 6240R,Memory:192002MiB,Cores:96",dnaseq-1,fastq-cleaner,Naive,Realtime,609.9719657897949,180.30138360265977,220.0,0.18044825635154652
"CPU:Intel(R) Xeon(R) Gold 6240R,Memory:192002MiB,Cores:96",dnaseq-1,fastq-cleaner,Naive,Realtime,609.9719657897949,180.30138360265977,229.0,0.2126577135255032
"CPU:Intel(R) Xeon(R) Gold 6240R,Memory:192002MiB,Cores:96",dnaseq-1,fastq-cleaner,Naive,Realtime,405.5044136047363,119.86289687141944,120.0,0.0011425260715046902
"CPU:Intel(R) Xeon(R) Gold 6240R,Memory:192002MiB,Cores:96",dnaseq-1,fastq-cleaner,Naive,Realtime,3565.6447715759277,1053.967594917762,1628.0,0.3525997574215221
"CPU:Intel(R) Xeon(R) Gold 6240R,Memory:192002MiB,Cores:96",dnaseq-1,fastq-cleaner,Naive,Realtime,405.5044136047363,119.86289687141944,167.0,0.2822581025663507
"CPU:Intel(R) Xeon(R) Gold 6240R,Memory:192002MiB,Cores:96",dnaseq-1,fastq-cleaner,Naive,Realtime,405.5044136047363,119.86289687141944,173.0,0.30715088513630384
"CPU:Intel(R) Xeon(R) Gold 6240R,Memory:192002MiB,Cores:96",dnaseq-1,fastq-cleaner,Naive,Realtime,203.0108642578125,60.00790489553304,74.0,0.18908236627658057
"CPU:Intel(R) Xeon(R) Gold 6240R,Memory:192002MiB,Cores:96",dnaseq-1,fastq-cleaner,Naive,Realtime,4590.344056129456,1356.8580704536914,1291.0,0.0510132226597145
"CPU:Intel(R) Xeon(R) Gold 6240R,Memory:192002MiB,Cores:96",dnaseq-1,fastq-cleaner,Naive,Realtime,6639.323947906494,1962.5152648512785,3618.0,0.4575690257459153
"CPU:Intel(R) Xeon(R) Gold 6240R,Memory:192002MiB,Cores:96",dnaseq-1,fastq-cleaner,Naive,Realtime,3565.6447715759277,1053.967594917762,1227.0,0.1410207050384988
"CPU:Intel(R) Xeon(R) Gold 6240R,Memory:192002MiB,Cores:96",dnaseq-1,fastq-cleaner,Naive,Realtime,1729.362572669983,511.1816314366588,532.0,0.039132271735603776
"CPU:Intel(R) Xeon(R) Gold 6240R,Memory:192002MiB,Cores:96",dnaseq-1,fastq-cleaner,Naive,Realtime,5613.892818450928,1659.408463556428,1866.0,0.11071357794403648
"CPU:Intel(R) Xeon(R) Gold 6240R,Memory:192002MiB,Cores:96",dnaseq-1,fastq-cleaner,Naive,Realtime,6639.323947906494,1962.5152648512785,1656.0,0.18509375896816335
"CPU:Intel(R) Xeon(R) Gold 6240R,Memory:192002MiB,Cores:96",dnaseq-1,fastq-cleaner,Naive,Realtime,3565.6447715759277,1053.967594917762,1226.0,0.14032006939823657
"CPU:Intel(R) Xeon(R) Gold 6240R,Memory:192002MiB,Cores:96",dnaseq-1,fastq-cleaner,Naive,Realtime,609.9719657897949,180.30138360265977,189.0,0.046024425382752546
"CPU:Intel(R) Xeon(R) Gold 6240R,Memory:192002MiB,Cores:96",dnaseq-1,fastq-cleaner,Naive,Realtime,5613.892818450928,1659.408463556428,1783.0,0.06931662167334383
"CPU:Intel(R) Xeon(R) Gold 6240R,Memory:192002MiB,Cores:96",dnaseq-1,fastq-cleaner,Perfect,Realtime,5613.892818450928,1636.0,1636.0,0.0
"CPU:Intel(R) Xeon(R) Gold 6240R,Memory:192002MiB,Cores:96",dnaseq-1,fastq-cleaner,Perfect,Realtime,203.0108642578125,136.0,136.0,0.0
"CPU:Intel(R) Xeon(R) Gold 6240R,Memory:192002MiB,Cores:96",dnaseq-1,fastq-cleaner,Perfect,Realtime,609.9719657897949,220.0,220.0,0.0
"CPU:Intel(R) Xeon(R) Gold 6240R,Memory:192002MiB,Cores:96",dnaseq-1,fastq-cleaner,Perfect,Realtime,609.9719657897949,229.0,229.0,0.0
"CPU:Intel(R) Xeon(R) Gold 6240R,Memory:192002MiB,Cores:96",dnaseq-1,fastq-cleaner,Perfect,Realtime,405.5044136047363,120.0,120.0,0.0
"CPU:Intel(R) Xeon(R) Gold 6240R,Memory:192002MiB,Cores:96",dnaseq-1,fastq-cleaner,Perfect,Realtime,3565.6447715759277,1628.0,1628.0,0.0
"CPU:Intel(R) Xeon(R) Gold 6240R,Memory:192002MiB,Cores:96",dnaseq-1,fastq-cleaner,Perfect,Realtime,405.5044136047363,167.0,167.0,0.0
"CPU:Intel(R) Xeon(R) Gold 6240R,Memory:192002MiB,Cores:96",dnaseq-1,fastq-cleaner,Perfect,Realtime,405.5044136047363,173.0,173.0,0.0
"CPU:Intel(R) Xeon(R) Gold 6240R,Memory:192002MiB,Cores:96",dnaseq-1,fastq-cleaner,Perfect,Realtime,203.0108642578125,74.0,74.0,0.0
"CPU:Intel(R) Xeon(R) Gold 6240R,Memory:192002MiB,Cores:96",dnaseq-1,fastq-cleaner,Perfect,Realtime,4590.344056129456,1291.0,1291.0,0.0
"CPU:Intel(R) Xeon(R) Gold 6240R,Memory:192002MiB,Cores:96",dnaseq-1,fastq-cleaner,Perfect,Realtime,6639.323947906494,3618.0,3618.0,0.0
"CPU:Intel(R) Xeon(R) Gold 6240R,Memory:192002MiB,Cores:96",dnaseq-1,fastq-cleaner,Perfect,Realtime,3565.6447715759277,1227.0,1227.0,0.0
"CPU:Intel(R) Xeon(R) Gold 6240R,Memory:192002MiB,Cores:96",dnaseq-1,fastq-cleaner,Perfect,Realtime,1729.362572669983,532.0,532.0,0.0
"CPU:Intel(R) Xeon(R) Gold 6240R,Memory:192002MiB,Cores:96",dnaseq-1,fastq-cleaner,Perfect,Realtime,5613.892818450928,1866.0,1866.0,0.0
"CPU:Intel(R) Xeon(R) Gold 6240R,Memory:192002MiB,Cores:96",dnaseq-1,fastq-cleaner,Perfect,Realtime,6639.323947906494,1656.0,1656.0,0.0
"CPU:Intel(R) Xeon(R) Gold 6240R,Memory:192002MiB,Cores:96",dnaseq-1,fastq-cleaner,Perfect,Realtime,3565.6447715759277,1226.0,1226.0,0.0
"CPU:Intel(R) Xeon(R) Gold 6240R,Memory:192002MiB,Cores:96",dnaseq-1,fastq-cleaner,Perfect,Realtime,609.9719657897949,189.0,189.0,0.0
"CPU:Intel(R) Xeon(R) Gold 6240R,Memory:192002MiB,Cores:96",dnaseq-1,fastq-cleaner,Perfect,Realtime,5613.892818450928,1783.0,1783.0,0.0
"CPU:Intel(R) Xeon(R) Gold 6240R,Memory:192002MiB,Cores:96",dnaseq-1,fastqc,Lotaru-G,Realtime,311.80230712890625,88.4557991353121,82.0,0.0787292577477086
"CPU:Intel(R) Xeon(R) Gold 6240R,Memory:192002MiB,Cores:96",dnaseq-1,fastqc,Lotaru-G,Realtime,298.1696586608887,86.52152605699747,69.0,0.25393516024634016
"CPU:Intel(R) Xeon(R) Gold 6240R,Memory:192002MiB,Cores:96",dnaseq-1,fastqc,Lotaru-G,Realtime,103.70779609680176,58.93023692495026,68.0,0.13337886875073152
"CPU:Intel(R) Xeon(R) Gold 6240R,Memory:192002MiB,Cores:96",dnaseq-1,fastqc,Lotaru-G,Realtime,311.80230712890625,88.4557991353121,69.0,0.28196810341032036
"CPU:Intel(R) Xeon(R) Gold 6240R,Memory:192002MiB,Cores:96",dnaseq-1,fastqc,Lotaru-G,Realtime,846.3378324508667,164.29855840976072,164.0,0.0018204781082970481
"CPU:Intel(R) Xeon(R) Gold 6240R,Memory:192002MiB,Cores:96",dnaseq-1,fastqc,Lotaru-G,Realtime,415.2684383392334,103.13612721587677,101.0,0.021149774414621476
"CPU:Intel(R) Xeon(R) Gold 6240R,Memory:192002MiB,Cores:96",dnaseq-1,fastqc,Lotaru-G,Realtime,2246.5365028381348,362.96623467060704,427.0,0.14996197969412872
"CPU:Intel(R) Xeon(R) Gold 6240R,Memory:192002MiB,Cores:96",dnaseq-1,fastqc,Lotaru-G,Realtime,2746.927348136902,433.9643641219165,527.0,0.17653820849731214
"CPU:Intel(R) Xeon(R) Gold 6240R,Memory:192002MiB,Cores:96",dnaseq-1,fastqc,Lotaru-G,Realtime,752.9015731811523,151.0413222044971,160.0,0.05599173622189309
"CPU:Intel(R) Xeon(R) Gold 6240R,Memory:192002MiB,Cores:96",dnaseq-1,fastqc,Lotaru-G,Realtime,2496.727758407593,398.4647081486745,315.0,0.2649673274561095
"CPU:Intel(R) Xeon(R) Gold 6240R,Memory:192002MiB,Cores:96",dnaseq-1,fastqc,Lotaru-G,Realtime,397.61913776397705,100.63195005368478,96.0,0.04824947972588308
"CPU:Intel(R) Xeon(R) Gold 6240R,Memory:192002MiB,Cores:96",dnaseq-1,fastqc,Lotaru-G,Realtime,207.1609992980957,73.60873071044836,54.0,0.36312464278608064
"CPU:Intel(R) Xeon(R) Gold 6240R,Memory:192002MiB,Cores:96",dnaseq-1,fastqc,Lotaru-G,Realtime,3391.8936738967896,525.4756359971951,436.0,0.20521934861742003
"CPU:Intel(R) Xeon(R) Gold 6240R,Memory:192002MiB,Cores:96",dnaseq-1,fastqc,Lotaru-G,Realtime,311.80230712890625,88.4557991353121,82.0,0.0787292577477086
"CPU:Intel(R) Xeon(R) Gold 6240R,Memory:192002MiB,Cores:96",dnaseq-1,fastqc,Lotaru-G,Realtime,298.1696586608887,86.52152605699747,80.0,0.08151907571246841
"CPU:Intel(R) Xeon(R) Gold 6240R,Memory:192002MiB,Cores:96",dnaseq-1,fastqc,Lotaru-G,Realtime,415.2684383392334,103.13612721587677,77.0,0.33943022358281516
"CPU:Intel(R) Xeon(R) Gold 6240R,Memory:192002MiB,Cores:96",dnaseq-1,fastqc,Lotaru-G,Realtime,103.70779609680176,58.93023692495026,47.0,0.253834828190431
"CPU:Intel(R) Xeon(R) Gold 6240R,Memory:192002MiB,Cores:96",dnaseq-1,fastqc,Lotaru-G,Realtime,207.1609992980957,73.60873071044836,62.0,0.18723759210400573
"CPU:Intel(R) Xeon(R) Gold 6240R,Memory:192002MiB,Cores:96",dnaseq-1,fastqc,Lotaru-G,Realtime,415.2684383392334,103.13612721587677,82.0,0.2577576489741069
"CPU:Intel(R) Xeon(R) Gold 6240R,Memory:192002MiB,Cores:96",dnaseq-1,fastqc,Lotaru-G,Realtime,298.1696586608887,86.52152605699747,122.0,0.29080716346723384
"CPU:Intel(R) Xeon(R) Gold 6240R,Memory:192002MiB,Cores:96",dnaseq-1,fastqc,Lotaru-G,Realtime,203.0108642578125,73.01988735410255,44.0,0.6595428944114216
"CPU:Intel(R) Xeon(R) Gold 6240R,Memory:192002MiB,Cores:96",dnaseq-1,fastqc,Lotaru-G,Realtime,1246.1684799194336,221.02866915074586,221.0,0.00012972466400839653
"CPU:Intel(R) Xeon(R) Gold 6240R,Memory:192002MiB,Cores:96",dnaseq-1,fastqc,Lotaru-G,Realtime,2246.5365028381348,362.96623467060704,447.0,0.187995000736897
"CPU:Intel(R) Xeon(R) Gold 6240R,Memory:192002MiB,Cores:96",dnaseq-1,fastqc,Lotaru-G,Realtime,1246.1684799194336,221.02866915074586,226.0,0.02199703915599179
"CPU:Intel(R) Xeon(R) Gold 6240R,Memory:192002MiB,Cores:96",dnaseq-1,fastqc,Lotaru-G,Realtime,883.0247402191162,169.50389310237136,221.0,0.23301405836031056
"CPU:Intel(R) Xeon(R) Gold 6240R,Memory:192002MiB,Cores:96",dnaseq-1,fastqc,Lotaru-G,Realtime,198.34341430664062,72.35764459136185,86.0,0.15863203963532735
"CPU:Intel(R) Xeon(R) Gold 6240R,Memory:192002MiB,Cores:96",dnaseq-1,fastqc,Lotaru-G,Realtime,752.9015731811523,151.0413222044971,129.0,0.17086296282555896
"CPU:Intel(R) Xeon(R) Gold 6240R,Memory:192002MiB,Cores:96",dnaseq-1,fastqc,Lotaru-G,Realtime,2746.927348136902,433.9643641219165,340.0,0.2763657768291662
"CPU:Intel(R) Xeon(R) Gold 6240R,Memory:192002MiB,Cores:96",dnaseq-1,fastqc,Lotaru-G,Realtime,2866.965470314026,450.9960149154778,353.0,0.27760910740928557
"CPU:Intel(R) Xeon(R) Gold 6240R,Memory:192002MiB,Cores:96",dnaseq-1,fastqc,Lotaru-G,Realtime,846.3378324508667,164.29855840976072,181.0,0.09227315795712311
"CPU:Intel(R) Xeon(R) Gold 6240R,Memory:192002MiB,Cores:96",dnaseq-1,fastqc,Lotaru-G,Realtime,203.0108642578125,73.01988735410255,45.0,0.6226641634245011
"CPU:Intel(R) Xeon(R) Gold 6240R,Memory:192002MiB,Cores:96",dnaseq-1,fastqc,Lotaru-G,Realtime,846.3378324508667,164.29855840976072,123.0,0.3357606374777294
"CPU:Intel(R) Xeon(R) Gold 6240R,Memory:192002MiB,Cores:96",dnaseq-1,fastqc,Lotaru-G,Realtime,311.80230712890625,88.4557991353121,83.0,0.06573251970255549
"CPU:Intel(R) Xeon(R) Gold 6240R,Memory:192002MiB,Cores:96",dnaseq-1,fastqc,Lotaru-G,Realtime,2246.5365028381348,362.96623467060704,321.0,0.13073593355329294
"CPU:Intel(R) Xeon(R) Gold 6240R,Memory:192002MiB,Cores:96",dnaseq-1,fastqc,Lotaru-G,Realtime,103.70779609680176,58.93023692495026,70.0,0.15813947250071062
"CPU:Intel(R) Xeon(R) Gold 6240R,Memory:192002MiB,Cores:96",dnaseq-1,fastqc,Lotaru-G,Realtime,415.2684383392334,103.13612721587677,80.0,0.2892015901984596
"CPU:Intel(R) Xeon(R) Gold 6240R,Memory:192002MiB,Cores:96",dnaseq-1,fastqc,Lotaru-G,Realtime,311.80230712890625,88.4557991353121,85.0,0.04065646041543653
"CPU:Intel(R) Xeon(R) Gold 6240R,Memory:192002MiB,Cores:96",dnaseq-1,fastqc,Lotaru-G,Realtime,721.4454488754272,146.5781590461845,189.0,0.2244541849408227
"CPU:Intel(R) Xeon(R) Gold 6240R,Memory:192002MiB,Cores:96",dnaseq-1,fastqc,Lotaru-G,Realtime,405.5044136047363,101.75075516405255,59.0,0.7245890705771618
"CPU:Intel(R) Xeon(R) Gold 6240R,Memory:192002MiB,Cores:96",dnaseq-1,fastqc,Lotaru-G,Realtime,203.0108642578125,73.01988735410255,45.0,0.6226641634245011
"CPU:Intel(R) Xeon(R) Gold 6240R,Memory:192002MiB,Cores:96",dnaseq-1,fastqc,Lotaru-G,Realtime,397.61913776397705,100.63195005368478,87.0,0.1566890810768365
"CPU:Intel(R) Xeon(R) Gold 6240R,Memory:192002MiB,Cores:96",dnaseq-1,fastqc,Lotaru-G,Realtime,198.34341430664062,72.35764459136185,94.0,0.23023782349615057
"CPU:Intel(R) Xeon(R) Gold 6240R,Memory:192002MiB,Cores:96",dnaseq-1,fastqc,Lotaru-G,Realtime,846.3378324508667,164.29855840976072,130.0,0.263835064690467
"CPU:Intel(R) Xeon(R) Gold 6240R,Memory:192002MiB,Cores:96",dnaseq-1,fastqc,Lotaru-G,Realtime,2866.965470314026,450.9960149154778,397.0,0.13601011313722372
"CPU:Intel(R) Xeon(R) Gold 6240R,Memory:192002MiB,Cores:96",dnaseq-1,fastqc,Lotaru-G,Realtime,1559.6764736175537,265.5108600815364,200.0,0.327554300407682
"CPU:Intel(R) Xeon(R) Gold 6240R,Memory:192002MiB,Cores:96",dnaseq-1,fastqc,Lotaru-G,Realtime,1246.1684799194336,221.02866915074586,188.0,0.17568441037630775
"CPU:Intel(R) Xeon(R) Gold 6240R,Memory:192002MiB,Cores:96",dnaseq-1,fastqc,Lotaru-G,Realtime,3391.8936738967896,525.4756359971951,665.0,0.20981107368842838
"CPU:Intel(R) Xeon(R) Gold 6240R,Memory:192002MiB,Cores:96",dnaseq-1,fastqc,Lotaru-G,Realtime,1496.0746879577637,256.4866985605316,193.0,0.32894662466596675
"CPU:Intel(R) Xeon(R) Gold 6240R,Memory:192002MiB,Cores:96",dnaseq-1,fastqc,Lotaru-G,Realtime,1496.0746879577637,256.4866985605316,262.0,0.021043135265146645
"CPU:Intel(R) Xeon(R) Gold 6240R,Memory:192002MiB,Cores:96",dnaseq-1,fastqc,Lotaru-G,Realtime,405.5044136047363,101.75075516405255,53.0,0.919825569133067
"CPU:Intel(R) Xeon(R) Gold 6240R,Memory:192002MiB,Cores:96",dnaseq-1,fastqc,Lotaru-G,Realtime,883.0247402191162,169.50389310237136,201.0,0.1566970492419335
"CPU:Intel(R) Xeon(R) Gold 6240R,Memory:192002MiB,Cores:96",dnaseq-1,fastqc,Lotaru-G,Realtime,198.34341430664062,72.35764459136185,88.0,0.17775403873452447
"CPU:Intel(R) Xeon(R) Gold 6240R,Memory:192002MiB,Cores:96",dnaseq-1,fastqc,Lotaru-A,Realtime,311.80230712890625,142.42842671875545,82.0,0.7369320331555542
"CPU:Intel(R) Xeon(R) Gold 6240R,Memory:192002MiB,Cores:96",dnaseq-1,fastqc,Lotaru-A,Realtime,298.1696586608887,139.31392801904477,69.0,1.0190424350586198
"CPU:Intel(R) Xeon(R) Gold 6240R,Memory:192002MiB,Cores:96",dnaseq-1,fastqc,Lotaru-A,Realtime,103.70779609680176,94.88740154328107,68.0,0.3954029638717805
"CPU:Intel(R) Xeon(R) Gold 6240R,Memory:192002MiB,Cores:96",dnaseq-1,fastqc,Lotaru-A,Realtime,311.80230712890625,142.42842671875545,69.0,1.0641800973732674
"CPU:Intel(R) Xeon(R) Gold 6240R,Memory:192002MiB,Cores:96",dnaseq-1,fastqc,Lotaru-A,Realtime,846.3378324508667,264.5477788365831,164.0,0.6130962124181898
"CPU:Intel(R) Xeon(R) Gold 6240R,Memory:192002MiB,Cores:96",dnaseq-1,fastqc,Lotaru-A,Realtime,415.2684383392334,166.06617633686153,101.0,0.6442195676916983
"CPU:Intel(R) Xeon(R) Gold 6240R,Memory:192002MiB,Cores:96",dnaseq-1,fastqc,Lotaru-A,Realtime,2246.5365028381348,584.4355063378484,427.0,0.3687014199949612
"CPU:Intel(R) Xeon(R) Gold 6240R,Memory:192002MiB,Cores:96",dnaseq-1,fastqc,Lotaru-A,Realtime,2746.927348136902,698.7542053556012,527.0,0.3259093080751447
"CPU:Intel(R) Xeon(R) Gold 6240R,Memory:192002MiB,Cores:96",dnaseq-1,fastqc,Lotaru-A,Realtime,752.9015731811523,243.20144186588658,160.0,0.5200090116617911
"CPU:Intel(R) Xeon(R) Gold 6240R,Memory:192002MiB,Cores:96",dnaseq-1,fastqc,Lotaru-A,Realtime,2496.727758407593,641.5939038405876,315.0,1.0368060439383733
"CPU:Intel(R) Xeon(R) Gold 6240R,Memory:192002MiB,Cores:96",dnaseq-1,fastqc,Lotaru-A,Realtime,397.61913776397705,162.03403806076676,96.0,0.6878545631329871
"CPU:Intel(R) Xeon(R) Gold 6240R,Memory:192002MiB,Cores:96",dnaseq-1,fastqc,Lotaru-A,Realtime,207.1609992980957,118.52219764377696,54.0,1.1948555119217956
"CPU:Intel(R) Xeon(R) Gold 6240R,Memory:192002MiB,Cores:96",dnaseq-1,fastqc,Lotaru-A,Realtime,3391.8936738967896,846.1024471626786,436.0,0.9406019430336664
"CPU:Intel(R) Xeon(R) Gold 6240R,Memory:192002MiB,Cores:96",dnaseq-1,fastqc,Lotaru-A,Realtime,311.80230712890625,142.42842671875545,82.0,0.7369320331555542
"CPU:Intel(R) Xeon(R) Gold 6240R,Memory:192002MiB,Cores:96",dnaseq-1,fastqc,Lotaru-A,Realtime,298.1696586608887,139.31392801904477,80.0,0.7414241002380596
"CPU:Intel(R) Xeon(R) Gold 6240R,Memory:192002MiB,Cores:96",dnaseq-1,fastqc,Lotaru-A,Realtime,415.2684383392334,166.06617633686153,77.0,1.1567035887904096
"CPU:Intel(R) Xeon(R) Gold 6240R,Memory:192002MiB,Cores:96",dnaseq-1,fastqc,Lotaru-A,Realtime,103.70779609680176,94.88740154328107,47.0,1.0188808838995973
"CPU:Intel(R) Xeon(R) Gold 6240R,Memory:192002MiB,Cores:96",dnaseq-1,fastqc,Lotaru-A,Realtime,207.1609992980957,118.52219764377696,62.0,0.9116483490931768
"CPU:Intel(R) Xeon(R) Gold 6240R,Memory:192002MiB,Cores:96",dnaseq-1,fastqc,Lotaru-A,Realtime,415.2684383392334,166.06617633686153,82.0,1.0251972724007503
"CPU:Intel(R) Xeon(R) Gold 6240R,Memory:192002MiB,Cores:96",dnaseq-1,fastqc,Lotaru-A,Realtime,298.1696586608887,139.31392801904477,122.0,0.14191744277905546
"CPU:Intel(R) Xeon(R) Gold 6240R,Memory:192002MiB,Cores:96",dnaseq-1,fastqc,Lotaru-A,Realtime,203.0108642578125,117.5740627148298,44.0,1.6721377889734044
"CPU:Intel(R) Xeon(R) Gold 6240R,Memory:192002MiB,Cores:96",dnaseq-1,fastqc,Lotaru-A,Realtime,1246.1684799194336,355.8926143296096,221.0,0.6103738204959711
"CPU:Intel(R) Xeon(R) Gold 6240R,Memory:192002MiB,Cores:96",dnaseq-1,fastqc,Lotaru-A,Realtime,2246.5365028381348,584.4355063378484,447.0,0.30746198285872134
"CPU:Intel(R) Xeon(R) Gold 6240R,Memory:192002MiB,Cores:96",dnaseq-1,fastqc,Lotaru-A,Realtime,1246.1684799194336,355.8926143296096,226.0,0.5747460811044673
"CPU:Intel(R) Xeon(R) Gold 6240R,Memory:192002MiB,Cores:96",dnaseq-1,fastqc,Lotaru-A,Realtime,883.0247402191162,272.9292262720303,221.0,0.23497387453407373
"CPU:Intel(R) Xeon(R) Gold 6240R,Memory:192002MiB,Cores:96",dnaseq-1,fastqc,Lotaru-A,Realtime,198.34341430664062,116.50774263491333,86.0,0.3547411934292247
"CPU:Intel(R) Xeon(R) Gold 6240R,Memory:192002MiB,Cores:96",dnaseq-1,fastqc,Lotaru-A,Realtime,752.9015731811523,243.20144186588658,129.0,0.885282495084392
"CPU:Intel(R) Xeon(R) Gold 6240R,Memory:192002MiB,Cores:96",dnaseq-1,fastqc,Lotaru-A,Realtime,2746.927348136902,698.7542053556012,340.0,1.0551594275164742
"CPU:Intel(R) Xeon(R) Gold 6240R,Memory:192002MiB,Cores:96",dnaseq-1,fastqc,Lotaru-A,Realtime,2866.965470314026,726.1779723744195,353.0,1.0571613948283838
"CPU:Intel(R) Xeon(R) Gold 6240R,Memory:192002MiB,Cores:96",dnaseq-1,fastqc,Lotaru-A,Realtime,846.3378324508667,264.5477788365831,181.0,0.46158993832366363
"CPU:Intel(R) Xeon(R) Gold 6240R,Memory:192002MiB,Cores:96",dnaseq-1,fastqc,Lotaru-A,Realtime,203.0108642578125,117.5740627148298,45.0,1.61275694921844
"CPU:Intel(R) Xeon(R) Gold 6240R,Memory:192002MiB,Cores:96",dnaseq-1,fastqc,Lotaru-A,Realtime,846.3378324508667,264.5477788365831,123.0,1.1507949498909196
"CPU:Intel(R) Xeon(R) Gold 6240R,Memory:192002MiB,Cores:96",dnaseq-1,fastqc,Lotaru-A,Realtime,311.80230712890625,142.42842671875545,83.0,0.7160051411898246
"CPU:Intel(R) Xeon(R) Gold 6240R,Memory:192002MiB,Cores:96",dnaseq-1,fastqc,Lotaru-A,Realtime,2246.5365028381348,584.4355063378484,321.0,0.8206713593079391
"CPU:Intel(R) Xeon(R) Gold 6240R,Memory:192002MiB,Cores:96",dnaseq-1,fastqc,Lotaru-A,Realtime,103.70779609680176,94.88740154328107,70.0,0.3555343077611582
"CPU:Intel(R) Xeon(R) Gold 6240R,Memory:192002MiB,Cores:96",dnaseq-1,fastqc,Lotaru-A,Realtime,415.2684383392334,166.06617633686153,80.0,1.075827204210769
"CPU:Intel(R) Xeon(R) Gold 6240R,Memory:192002MiB,Cores:96",dnaseq-1,fastqc,Lotaru-A,Realtime,311.80230712890625,142.42842671875545,85.0,0.675628549632417
"CPU:Intel(R) Xeon(R) Gold 6240R,Memory:192002MiB,Cores:96",dnaseq-1,fastqc,Lotaru-A,Realtime,721.4454488754272,236.0150130162058,189.0,0.24875668262542758
"CPU:Intel(R) Xeon(R) Gold 6240R,Memory:192002MiB,Cores:96",dnaseq-1,fastqc,Lotaru-A,Realtime,405.5044136047363,163.83549882684753,59.0,1.776872861471992
"CPU:Intel(R) Xeon(R) Gold 6240R,Memory:192002MiB,Cores:96",dnaseq-1,fastqc,Lotaru-A,Realtime,203.0108642578125,117.5740627148298,45.0,1.61275694921844
"CPU:Intel(R) Xeon(R) Gold 6240R,Memory:192002MiB,Cores:96",dnaseq-1,fastqc,Lotaru-A,Realtime,397.61913776397705,162.03403806076676,87.0,0.8624602075950203
"CPU:Intel(R) Xeon(R) Gold 6240R,Memory:192002MiB,Cores:96",dnaseq-1,fastqc,Lotaru-A,Realtime,198.34341430664062,116.50774263491333,94.0,0.23944407058418435
"CPU:Intel(R) Xeon(R) Gold 6240R,Memory:192002MiB,Cores:96",dnaseq-1,fastqc,Lotaru-A,Realtime,846.3378324508667,264.5477788365831,130.0,1.0349829141275624
"CPU:Intel(R) Xeon(R) Gold 6240R,Memory:192002MiB,Cores:96",dnaseq-1,fastqc,Lotaru-A,Realtime,2866.965470314026,726.1779723744195,397.0,0.8291636583738526
"CPU:Intel(R) Xeon(R) Gold 6240R,Memory:192002MiB,Cores:96",dnaseq-1,fastqc,Lotaru-A,Realtime,1559.6764736175537,427.5162787270591,200.0,1.1375813936352954
"CPU:Intel(R) Xeon(R) Gold 6240R,Memory:192002MiB,Cores:96",dnaseq-1,fastqc,Lotaru-A,Realtime,1246.1684799194336,355.8926143296096,188.0,0.8930458209021788
"CPU:Intel(R) Xeon(R) Gold 6240R,Memory:192002MiB,Cores:96",dnaseq-1,fastqc,Lotaru-A,Realtime,3391.8936738967896,846.1024471626786,665.0,0.2723345070115467
"CPU:Intel(R) Xeon(R) Gold 6240R,Memory:192002MiB,Cores:96",dnaseq-1,fastqc,Lotaru-A,Realtime,1496.0746879577637,412.9858902114739,193.0,1.1398232653444242
"CPU:Intel(R) Xeon(R) Gold 6240R,Memory:192002MiB,Cores:96",dnaseq-1,fastqc,Lotaru-A,Realtime,1496.0746879577637,412.9858902114739,262.0,0.5762820237079156
"CPU:Intel(R) Xeon(R) Gold 6240R,Memory:192002MiB,Cores:96",dnaseq-1,fastqc,Lotaru-A,Realtime,405.5044136047363,163.83549882684753,53.0,2.0912358269216513
"CPU:Intel(R) Xeon(R) Gold 6240R,Memory:192002MiB,Cores:96",dnaseq-1,fastqc,Lotaru-A,Realtime,883.0247402191162,272.9292262720303,201.0,0.3578568471245288
"CPU:Intel(R) Xeon(R) Gold 6240R,Memory:192002MiB,Cores:96",dnaseq-1,fastqc,Lotaru-A,Realtime,198.34341430664062,116.50774263491333,88.0,0.3239516208512878
"CPU:Intel(R) Xeon(R) Gold 6240R,Memory:192002MiB,Cores:96",dnaseq-1,fastqc,OnlineP,Realtime,311.80230712890625,565.2307342981144,82.0,5.893057735342858
"CPU:Intel(R) Xeon(R) Gold 6240R,Memory:192002MiB,Cores:96",dnaseq-1,fastqc,OnlineP,Realtime,298.1696586608887,540.5176653828803,69.0,6.833589353375077
"CPU:Intel(R) Xeon(R) Gold 6240R,Memory:192002MiB,Cores:96",dnaseq-1,fastqc,OnlineP,Realtime,103.70779609680176,188.0,68.0,1.7647058823529411
"CPU:Intel(R) Xeon(R) Gold 6240R,Memory:192002MiB,Cores:96",dnaseq-1,fastqc,OnlineP,Realtime,311.80230712890625,565.2307342981144,69.0,7.191749772436441
"CPU:Intel(R) Xeon(R) Gold 6240R,Memory:192002MiB,Cores:96",dnaseq-1,fastqc,OnlineP,Realtime,846.3378324508667,130.3957808847333,164.0,0.20490377509308955
"CPU:Intel(R) Xeon(R) Gold 6240R,Memory:192002MiB,Cores:96",dnaseq-1,fastqc,OnlineP,Realtime,415.2684383392334,752.7926476704242,101.0,6.453392551192319
"CPU:Intel(R) Xeon(R) Gold 6240R,Memory:192002MiB,Cores:96",dnaseq-1,fastqc,OnlineP,Realtime,2246.5365028381348,263.5871436684028,427.0,0.38269989773207774
"CPU:Intel(R) Xeon(R) Gold 6240R,Memory:192002MiB,Cores:96",dnaseq-1,fastqc,OnlineP,Realtime,2746.927348136902,291.27170259994494,527.0,0.4473022721063663
"CPU:Intel(R) Xeon(R) Gold 6240R,Memory:192002MiB,Cores:96",dnaseq-1,fastqc,OnlineP,Realtime,752.9015731811523,116.00000000000001,160.0,0.2749999999999999
"CPU:Intel(R) Xeon(R) Gold 6240R,Memory:192002MiB,Cores:96",dnaseq-1,fastqc,OnlineP,Realtime,2496.727758407593,292.9421968104511,315.0,0.07002477203031399
"CPU:Intel(R) Xeon(R) Gold 6240R,Memory:192002MiB,Cores:96",dnaseq-1,fastqc,OnlineP,Realtime,397.61913776397705,720.798249630656,96.0,6.508315100319333
"CPU:Intel(R) Xeon(R) Gold 6240R,Memory:192002MiB,Cores:96",dnaseq-1,fastqc,OnlineP,Realtime,207.1609992980957,375.5384776636195,54.0,5.954416253029991
"CPU:Intel(R) Xeon(R) Gold 6240R,Memory:192002MiB,Cores:96",dnaseq-1,fastqc,OnlineP,Realtime,3391.8936738967896,359.66100308549625,436.0,0.17508944246445815
"CPU:Intel(R) Xeon(R) Gold 6240R,Memory:192002MiB,Cores:96",dnaseq-1,fastqc,OnlineP,Realtime,311.80230712890625,565.2307342981144,82.0,5.893057735342858
"CPU:Intel(R) Xeon(R) Gold 6240R,Memory:192002MiB,Cores:96",dnaseq-1,fastqc,OnlineP,Realtime,298.1696586608887,540.5176653828803,80.0,5.7564708172860035
"CPU:Intel(R) Xeon(R) Gold 6240R,Memory:192002MiB,Cores:96",dnaseq-1,fastqc,OnlineP,Realtime,415.2684383392334,752.7926476704242,77.0,8.776527891823692
"CPU:Intel(R) Xeon(R) Gold 6240R,Memory:192002MiB,Cores:96",dnaseq-1,fastqc,OnlineP,Realtime,103.70779609680176,188.0,47.0,3.0
"CPU:Intel(R) Xeon(R) Gold 6240R,Memory:192002MiB,Cores:96",dnaseq-1,fastqc,OnlineP,Realtime,207.1609992980957,375.5384776636195,62.0,5.05707222038096
"CPU:Intel(R) Xeon(R) Gold 6240R,Memory:192002MiB,Cores:96",dnaseq-1,fastqc,OnlineP,Realtime,415.2684383392334,752.7926476704242,82.0,8.180398142322247
"CPU:Intel(R) Xeon(R) Gold 6240R,Memory:192002MiB,Cores:96",dnaseq-1,fastqc,OnlineP,Realtime,298.1696586608887,540.5176653828803,122.0,3.4304726670727894
"CPU:Intel(R) Xeon(R) Gold 6240R,Memory:192002MiB,Cores:96",dnaseq-1,fastqc,OnlineP,Realtime,203.0108642578125,368.0151725994084,44.0,7.3639811954411
"CPU:Intel(R) Xeon(R) Gold 6240R,Memory:192002MiB,Cores:96",dnaseq-1,fastqc,OnlineP,Realtime,1246.1684799194336,168.0,221.0,0.2398190045248869
"CPU:Intel(R) Xeon(R) Gold 6240R,Memory:192002MiB,Cores:96",dnaseq-1,fastqc,OnlineP,Realtime,2246.5365028381348,263.5871436684028,447.0,0.4103195891087186
"CPU:Intel(R) Xeon(R) Gold 6240R,Memory:192002MiB,Cores:96",dnaseq-1,fastqc,OnlineP,Realtime,1246.1684799194336,168.0,226.0,0.25663716814159293
"CPU:Intel(R) Xeon(R) Gold 6240R,Memory:192002MiB,Cores:96",dnaseq-1,fastqc,OnlineP,Realtime,883.0247402191162,136.04815491702,221.0,0.3843974890632579
"CPU:Intel(R) Xeon(R) Gold 6240R,Memory:192002MiB,Cores:96",dnaseq-1,fastqc,OnlineP,Realtime,198.34341430664062,359.5540865109405,86.0,3.180861471057448
"CPU:Intel(R) Xeon(R) Gold 6240R,Memory:192002MiB,Cores:96",dnaseq-1,fastqc,OnlineP,Realtime,752.9015731811523,116.00000000000001,129.0,0.1007751937984495
"CPU:Intel(R) Xeon(R) Gold 6240R,Memory:192002MiB,Cores:96",dnaseq-1,fastqc,OnlineP,Realtime,2746.927348136902,291.27170259994494,340.0,0.1433185217648678
"CPU:Intel(R) Xeon(R) Gold 6240R,Memory:192002MiB,Cores:96",dnaseq-1,fastqc,OnlineP,Realtime,2866.965470314026,304.0,353.0,0.1388101983002833
"CPU:Intel(R) Xeon(R) Gold 6240R,Memory:192002MiB,Cores:96",dnaseq-1,fastqc,OnlineP,Realtime,846.3378324508667,130.3957808847333,181.0,0.2795813210788215
"CPU:Intel(R) Xeon(R) Gold 6240R,Memory:192002MiB,Cores:96",dnaseq-1,fastqc,OnlineP,Realtime,203.0108642578125,368.0151725994084,45.0,7.17811494665352
"CPU:Intel(R) Xeon(R) Gold 6240R,Memory:192002MiB,Cores:96",dnaseq-1,fastqc,OnlineP,Realtime,846.3378324508667,130.3957808847333,123.0,0.06012829987588059
"CPU:Intel(R) Xeon(R) Gold 6240R,Memory:192002MiB,Cores:96",dnaseq-1,fastqc,OnlineP,Realtime,311.80230712890625,565.2307342981144,83.0,5.810008846965234
"CPU:Intel(R) Xeon(R) Gold 6240R,Memory:192002MiB,Cores:96",dnaseq-1,fastqc,OnlineP,Realtime,2246.5365028381348,263.5871436684028,321.0,0.17885625025419688
"CPU:Intel(R) Xeon(R) Gold 6240R,Memory:192002MiB,Cores:96",dnaseq-1,fastqc,OnlineP,Realtime,103.70779609680176,188.0,70.0,1.6857142857142857
"CPU:Intel(R) Xeon(R) Gold 6240R,Memory:192002MiB,Cores:96",dnaseq-1,fastqc,OnlineP,Realtime,415.2684383392334,752.7926476704242,80.0,8.409908095880303
"CPU:Intel(R) Xeon(R) Gold 6240R,Memory:192002MiB,Cores:96",dnaseq-1,fastqc,OnlineP,Realtime,311.80230712890625,565.2307342981144,85.0,5.649773344683699
"CPU:Intel(R) Xeon(R) Gold 6240R,Memory:192002MiB,Cores:96",dnaseq-1,fastqc,OnlineP,Realtime,721.4454488754272,111.15353593425664,189.0,0.4118860532579014
"CPU:Intel(R) Xeon(R) Gold 6240R,Memory:192002MiB,Cores:96",dnaseq-1,fastqc,OnlineP,Realtime,405.5044136047363,735.09256417456,59.0,11.459196002958645
"CPU:Intel(R) Xeon(R) Gold 6240R,Memory:192002MiB,Cores:96",dnaseq-1,fastqc,OnlineP,Realtime,203.0108642578125,368.0151725994084,45.0,7.17811494665352
"CPU:Intel(R) Xeon(R) Gold 6240R,Memory:192002MiB,Cores:96",dnaseq-1,fastqc,OnlineP,Realtime,397.61913776397705,720.798249630656,87.0,7.285037352076506
"CPU:Intel(R) Xeon(R) Gold 6240R,Memory:192002MiB,Cores:96",dnaseq-1,fastqc,OnlineP,Realtime,198.34341430664062,359.5540865109405,94.0,2.825043473520644
"CPU:Intel(R) Xeon(R) Gold 6240R,Memory:192002MiB,Cores:96",dnaseq-1,fastqc,OnlineP,Realtime,846.3378324508667,130.3957808847333,130.0,0.003044468344102405
"CPU:Intel(R) Xeon(R) Gold 6240R,Memory:192002MiB,Cores:96",dnaseq-1,fastqc,OnlineP,Realtime,2866.965470314026,304.0,397.0,0.23425692695214106
"CPU:Intel(R) Xeon(R) Gold 6240R,Memory:192002MiB,Cores:96",dnaseq-1,fastqc,OnlineP,Realtime,1559.6764736175537,210.2650257890404,200.0,0.05132512894520204
"CPU:Intel(R) Xeon(R) Gold 6240R,Memory:192002MiB,Cores:96",dnaseq-1,fastqc,OnlineP,Realtime,1246.1684799194336,168.0,188.0,0.10638297872340426
"CPU:Intel(R) Xeon(R) Gold 6240R,Memory:192002MiB,Cores:96",dnaseq-1,fastqc,OnlineP,Realtime,3391.8936738967896,359.66100308549625,665.0,0.45915638633759964
"CPU:Intel(R) Xeon(R) Gold 6240R,Memory:192002MiB,Cores:96",dnaseq-1,fastqc,OnlineP,Realtime,1496.0746879577637,201.69066352340556,193.0,0.045029344680857834
"CPU:Intel(R) Xeon(R) Gold 6240R,Memory:192002MiB,Cores:96",dnaseq-1,fastqc,OnlineP,Realtime,1496.0746879577637,201.69066352340556,262.0,0.23018830716257419
"CPU:Intel(R) Xeon(R) Gold 6240R,Memory:192002MiB,Cores:96",dnaseq-1,fastqc,OnlineP,Realtime,405.5044136047363,735.09256417456,53.0,12.86967102216151
"CPU:Intel(R) Xeon(R) Gold 6240R,Memory:192002MiB,Cores:96",dnaseq-1,fastqc,OnlineP,Realtime,883.0247402191162,136.04815491702,201.0,0.3231435078755223
"CPU:Intel(R) Xeon(R) Gold 6240R,Memory:192002MiB,Cores:96",dnaseq-1,fastqc,OnlineP,Realtime,198.34341430664062,359.5540865109405,88.0,3.0858418921697788
"CPU:Intel(R) Xeon(R) Gold 6240R,Memory:192002MiB,Cores:96",dnaseq-1,fastqc,Naive,Realtime,311.80230712890625,127.25237762019087,82.0,0.5518582636608643
"CPU:Intel(R) Xeon(R) Gold 6240R,Memory:192002MiB,Cores:96",dnaseq-1,fastqc,Naive,Realtime,298.1696586608887,121.68863774029867,69.0,0.763603445511575
"CPU:Intel(R) Xeon(R) Gold 6240R,Memory:192002MiB,Cores:96",dnaseq-1,fastqc,Naive,Realtime,103.70779609680176,42.3250993637196,68.0,0.3775720681805941
"CPU:Intel(R) Xeon(R) Gold 6240R,Memory:192002MiB,Cores:96",dnaseq-1,fastqc,Naive,Realtime,311.80230712890625,127.25237762019087,69.0,0.8442373568143604
"CPU:Intel(R) Xeon(R) Gold 6240R,Memory:192002MiB,Cores:96",dnaseq-1,fastqc,Naive,Realtime,846.3378324508667,345.40636482451197,164.0,1.1061363708811704
"CPU:Intel(R) Xeon(R) Gold 6240R,Memory:192002MiB,Cores:96",dnaseq-1,fastqc,Naive,Realtime,415.2684383392334,169.4788490049376,101.0,0.6780084059894811
"CPU:Intel(R) Xeon(R) Gold 6240R,Memory:192002MiB,Cores:96",dnaseq-1,fastqc,Naive,Realtime,2246.5365028381348,916.8537398875409,427.0,1.1471984540691824
"CPU:Intel(R) Xeon(R) Gold 6240R,Memory:192002MiB,Cores:96",dnaseq-1,fastqc,Naive,Realtime,2746.927348136902,1121.0726418898282,527.0,1.127272565255841
"CPU:Intel(R) Xeon(R) Gold 6240R,Memory:192002MiB,Cores:96",dnaseq-1,fastqc,Naive,Realtime,752.9015731811523,307.2732725536708,160.0,0.9204579534604423
"CPU:Intel(R) Xeon(R) Gold 6240R,Memory:192002MiB,Cores:96",dnaseq-1,fastqc,Naive,Realtime,2496.727758407593,1018.9614902251034,315.0,2.234798381666995
"CPU:Intel(R) Xeon(R) Gold 6240R,Memory:192002MiB,Cores:96",dnaseq-1,fastqc,Naive,Realtime,397.61913776397705,162.27583796176958,96.0,0.6903733121017664
"CPU:Intel(R) Xeon(R) Gold 6240R,Memory:192002MiB,Cores:96",dnaseq-1,fastqc,Naive,Realtime,207.1609992980957,84.54629458517388,54.0,0.5656721219476645
"CPU:Intel(R) Xeon(R) Gold 6240R,Memory:192002MiB,Cores:96",dnaseq-1,fastqc,Naive,Realtime,3391.8936738967896,1384.295512796852,436.0,2.1749897082496608
"CPU:Intel(R) Xeon(R) Gold 6240R,Memory:192002MiB,Cores:96",dnaseq-1,fastqc,Naive,Realtime,311.80230712890625,127.25237762019087,82.0,0.5518582636608643
"CPU:Intel(R) Xeon(R) Gold 6240R,Memory:192002MiB,Cores:96",dnaseq-1,fastqc,Naive,Realtime,298.1696586608887,121.68863774029867,80.0,0.5211079717537335
"CPU:Intel(R) Xeon(R) Gold 6240R,Memory:192002MiB,Cores:96",dnaseq-1,fastqc,Naive,Realtime,415.2684383392334,169.4788490049376,77.0,1.2010240130511376
"CPU:Intel(R) Xeon(R) Gold 6240R,Memory:192002MiB,Cores:96",dnaseq-1,fastqc,Naive,Realtime,103.70779609680176,42.3250993637196,47.0,0.09946597098468932
"CPU:Intel(R) Xeon(R) Gold 6240R,Memory:192002MiB,Cores:96",dnaseq-1,fastqc,Naive,Realtime,207.1609992980957,84.54629458517388,62.0,0.36364991266409485
"CPU:Intel(R) Xeon(R) Gold 6240R,Memory:192002MiB,Cores:96",dnaseq-1,fastqc,Naive,Realtime,415.2684383392334,169.4788490049376,82.0,1.0668152317675315
"CPU:Intel(R) Xeon(R) Gold 6240R,Memory:192002MiB,Cores:96",dnaseq-1,fastqc,Naive,Realtime,298.1696586608887,121.68863774029867,122.0,0.002552149669683001
"CPU:Intel(R) Xeon(R) Gold 6240R,Memory:192002MiB,Cores:96",dnaseq-1,fastqc,Naive,Realtime,203.0108642578125,82.85254652992755,44.0,0.8830124211347171
"CPU:Intel(R) Xeon(R) Gold 6240R,Memory:192002MiB,Cores:96",dnaseq-1,fastqc,Naive,Realtime,1246.1684799194336,508.584761431952,221.0,1.301288513266751
"CPU:Intel(R) Xeon(R) Gold 6240R,Memory:192002MiB,Cores:96",dnaseq-1,fastqc,Naive,Realtime,2246.5365028381348,916.8537398875409,447.0,1.051126934871456
"CPU:Intel(R) Xeon(R) Gold 6240R,Memory:192002MiB,Cores:96",dnaseq-1,fastqc,Naive,Realtime,1246.1684799194336,508.584761431952,226.0,1.2503750505838584
"CPU:Intel(R) Xeon(R) Gold 6240R,Memory:192002MiB,Cores:96",dnaseq-1,fastqc,Naive,Realtime,883.0247402191162,360.37898091587505,221.0,0.6306741217912898
"CPU:Intel(R) Xeon(R) Gold 6240R,Memory:192002MiB,Cores:96",dnaseq-1,fastqc,Naive,Realtime,198.34341430664062,80.9476725436542,86.0,0.058747993678439456
"CPU:Intel(R) Xeon(R) Gold 6240R,Memory:192002MiB,Cores:96",dnaseq-1,fastqc,Naive,Realtime,752.9015731811523,307.2732725536708,129.0,1.3819633531292308
"CPU:Intel(R) Xeon(R) Gold 6240R,Memory:192002MiB,Cores:96",dnaseq-1,fastqc,Naive,Realtime,2746.927348136902,1121.0726418898282,340.0,2.2972724761465537
"CPU:Intel(R) Xeon(R) Gold 6240R,Memory:192002MiB,Cores:96",dnaseq-1,fastqc,Naive,Realtime,2866.965470314026,1170.0624540331582,353.0,2.3146245156746694
"CPU:Intel(R) Xeon(R) Gold 6240R,Memory:192002MiB,Cores:96",dnaseq-1,fastqc,Naive,Realtime,846.3378324508667,345.40636482451197,181.0,0.9083224575939888
"CPU:Intel(R) Xeon(R) Gold 6240R,Memory:192002MiB,Cores:96",dnaseq-1,fastqc,Naive,Realtime,203.0108642578125,82.85254652992755,45.0,0.8411677006650566
"CPU:Intel(R) Xeon(R) Gold 6240R,Memory:192002MiB,Cores:96",dnaseq-1,fastqc,Naive,Realtime,846.3378324508667,345.40636482451197,123.0,1.8081818278415607
"CPU:Intel(R) Xeon(R) Gold 6240R,Memory:192002MiB,Cores:96",dnaseq-1,fastqc,Naive,Realtime,311.80230712890625,127.25237762019087,83.0,0.533161176146878
"CPU:Intel(R) Xeon(R) Gold 6240R,Memory:192002MiB,Cores:96",dnaseq-1,fastqc,Naive,Realtime,2246.5365028381348,916.8537398875409,321.0,1.8562421803350184
"CPU:Intel(R) Xeon(R) Gold 6240R,Memory:192002MiB,Cores:96",dnaseq-1,fastqc,Naive,Realtime,103.70779609680176,42.3250993637196,70.0,0.3953557233754343
"CPU:Intel(R) Xeon(R) Gold 6240R,Memory:192002MiB,Cores:96",dnaseq-1,fastqc,Naive,Realtime,415.2684383392334,169.4788490049376,80.0,1.1184856125617197
"CPU:Intel(R) Xeon(R) Gold 6240R,Memory:192002MiB,Cores:96",dnaseq-1,fastqc,Naive,Realtime,311.80230712890625,127.25237762019087,85.0,0.4970867955316573
"CPU:Intel(R) Xeon(R) Gold 6240R,Memory:192002MiB,Cores:96",dnaseq-1,fastqc,Naive,Realtime,721.4454488754272,294.4354374347506,189.0,0.5578594573267228
"CPU:Intel(R) Xeon(R) Gold 6240R,Memory:192002MiB,Cores:96",dnaseq-1,fastqc,Naive,Realtime,405.5044136047363,165.4939671288281,59.0,1.804982493708951
"CPU:Intel(R) Xeon(R) Gold 6240R,Memory:192002MiB,Cores:96",dnaseq-1,fastqc,Naive,Realtime,203.0108642578125,82.85254652992755,45.0,0.8411677006650566
"CPU:Intel(R) Xeon(R) Gold 6240R,Memory:192002MiB,Cores:96",dnaseq-1,fastqc,Naive,Realtime,397.61913776397705,162.27583796176958,87.0,0.8652395168019492
"CPU:Intel(R) Xeon(R) Gold 6240R,Memory:192002MiB,Cores:96",dnaseq-1,fastqc,Naive,Realtime,198.34341430664062,80.9476725436542,94.0,0.13885454740793396
"CPU:Intel(R) Xeon(R) Gold 6240R,Memory:192002MiB,Cores:96",dnaseq-1,fastqc,Naive,Realtime,846.3378324508667,345.40636482451197,130.0,1.6569720371116305
"CPU:Intel(R) Xeon(R) Gold 6240R,Memory:192002MiB,Cores:96",dnaseq-1,fastqc,Naive,Realtime,2866.965470314026,1170.0624540331582,397.0,1.947260589504177
"CPU:Intel(R) Xeon(R) Gold 6240R,Memory:192002MiB,Cores:96",dnaseq-1,fastqc,Naive,Realtime,1559.6764736175537,636.5332617762045,200.0,2.1826663088810228
"CPU:Intel(R) Xeon(R) Gold 6240R,Memory:192002MiB,Cores:96",dnaseq-1,fastqc,Naive,Realtime,1246.1684799194336,508.584761431952,188.0,1.705238092723149
"CPU:Intel(R) Xeon(R) Gold 6240R,Memory:192002MiB,Cores:96",dnaseq-1,fastqc,Naive,Realtime,3391.8936738967896,1384.295512796852,665.0,1.0816473876644392
"CPU:Intel(R) Xeon(R) Gold 6240R,Memory:192002MiB,Cores:96",dnaseq-1,fastqc,Naive,Realtime,1496.0746879577637,610.5761785184723,193.0,2.163607142582758
"CPU:Intel(R) Xeon(R) Gold 6240R,Memory:192002MiB,Cores:96",dnaseq-1,fastqc,Naive,Realtime,1496.0746879577637,610.5761785184723,262.0,1.3304434294598178
"CPU:Intel(R) Xeon(R) Gold 6240R,Memory:192002MiB,Cores:96",dnaseq-1,fastqc,Naive,Realtime,405.5044136047363,165.4939671288281,53.0,2.122527681676002
"CPU:Intel(R) Xeon(R) Gold 6240R,Memory:192002MiB,Cores:96",dnaseq-1,fastqc,Naive,Realtime,883.0247402191162,360.37898091587505,201.0,0.7929302533128112
"CPU:Intel(R) Xeon(R) Gold 6240R,Memory:192002MiB,Cores:96",dnaseq-1,fastqc,Naive,Realtime,198.34341430664062,80.9476725436542,88.0,0.0801400847312022
"CPU:Intel(R) Xeon(R) Gold 6240R,Memory:192002MiB,Cores:96",dnaseq-1,fastqc,Perfect,Realtime,311.80230712890625,82.0,82.0,0.0
"CPU:Intel(R) Xeon(R) Gold 6240R,Memory:192002MiB,Cores:96",dnaseq-1,fastqc,Perfect,Realtime,298.1696586608887,69.0,69.0,0.0
"CPU:Intel(R) Xeon(R) Gold 6240R,Memory:192002MiB,Cores:96",dnaseq-1,fastqc,Perfect,Realtime,103.70779609680176,68.0,68.0,0.0
"CPU:Intel(R) Xeon(R) Gold 6240R,Memory:192002MiB,Cores:96",dnaseq-1,fastqc,Perfect,Realtime,311.80230712890625,69.0,69.0,0.0
"CPU:Intel(R) Xeon(R) Gold 6240R,Memory:192002MiB,Cores:96",dnaseq-1,fastqc,Perfect,Realtime,846.3378324508667,164.0,164.0,0.0
"CPU:Intel(R) Xeon(R) Gold 6240R,Memory:192002MiB,Cores:96",dnaseq-1,fastqc,Perfect,Realtime,415.2684383392334,101.0,101.0,0.0
"CPU:Intel(R) Xeon(R) Gold 6240R,Memory:192002MiB,Cores:96",dnaseq-1,fastqc,Perfect,Realtime,2246.5365028381348,427.0,427.0,0.0
"CPU:Intel(R) Xeon(R) Gold 6240R,Memory:192002MiB,Cores:96",dnaseq-1,fastqc,Perfect,Realtime,2746.927348136902,527.0,527.0,0.0
"CPU:Intel(R) Xeon(R) Gold 6240R,Memory:192002MiB,Cores:96",dnaseq-1,fastqc,Perfect,Realtime,752.9015731811523,160.0,160.0,0.0
"CPU:Intel(R) Xeon(R) Gold 6240R,Memory:192002MiB,Cores:96",dnaseq-1,fastqc,Perfect,Realtime,2496.727758407593,315.0,315.0,0.0
"CPU:Intel(R) Xeon(R) Gold 6240R,Memory:192002MiB,Cores:96",dnaseq-1,fastqc,Perfect,Realtime,397.61913776397705,96.0,96.0,0.0
"CPU:Intel(R) Xeon(R) Gold 6240R,Memory:192002MiB,Cores:96",dnaseq-1,fastqc,Perfect,Realtime,207.1609992980957,54.0,54.0,0.0
"CPU:Intel(R) Xeon(R) Gold 6240R,Memory:192002MiB,Cores:96",dnaseq-1,fastqc,Perfect,Realtime,3391.8936738967896,436.0,436.0,0.0
"CPU:Intel(R) Xeon(R) Gold 6240R,Memory:192002MiB,Cores:96",dnaseq-1,fastqc,Perfect,Realtime,311.80230712890625,82.0,82.0,0.0
"CPU:Intel(R) Xeon(R) Gold 6240R,Memory:192002MiB,Cores:96",dnaseq-1,fastqc,Perfect,Realtime,298.1696586608887,80.0,80.0,0.0
"CPU:Intel(R) Xeon(R) Gold 6240R,Memory:192002MiB,Cores:96",dnaseq-1,fastqc,Perfect,Realtime,415.2684383392334,77.0,77.0,0.0
"CPU:Intel(R) Xeon(R) Gold 6240R,Memory:192002MiB,Cores:96",dnaseq-1,fastqc,Perfect,Realtime,103.70779609680176,47.0,47.0,0.0
"CPU:Intel(R) Xeon(R) Gold 6240R,Memory:192002MiB,Cores:96",dnaseq-1,fastqc,Perfect,Realtime,207.1609992980957,62.0,62.0,0.0
"CPU:Intel(R) Xeon(R) Gold 6240R,Memory:192002MiB,Cores:96",dnaseq-1,fastqc,Perfect,Realtime,415.2684383392334,82.0,82.0,0.0
"CPU:Intel(R) Xeon(R) Gold 6240R,Memory:192002MiB,Cores:96",dnaseq-1,fastqc,Perfect,Realtime,298.1696586608887,122.0,122.0,0.0
"CPU:Intel(R) Xeon(R) Gold 6240R,Memory:192002MiB,Cores:96",dnaseq-1,fastqc,Perfect,Realtime,203.0108642578125,44.0,44.0,0.0
"CPU:Intel(R) Xeon(R) Gold 6240R,Memory:192002MiB,Cores:96",dnaseq-1,fastqc,Perfect,Realtime,1246.1684799194336,221.0,221.0,0.0
"CPU:Intel(R) Xeon(R) Gold 6240R,Memory:192002MiB,Cores:96",dnaseq-1,fastqc,Perfect,Realtime,2246.5365028381348,447.0,447.0,0.0
"CPU:Intel(R) Xeon(R) Gold 6240R,Memory:192002MiB,Cores:96",dnaseq-1,fastqc,Perfect,Realtime,1246.1684799194336,226.0,226.0,0.0
"CPU:Intel(R) Xeon(R) Gold 6240R,Memory:192002MiB,Cores:96",dnaseq-1,fastqc,Perfect,Realtime,883.0247402191162,221.0,221.0,0.0
"CPU:Intel(R) Xeon(R) Gold 6240R,Memory:192002MiB,Cores:96",dnaseq-1,fastqc,Perfect,Realtime,198.34341430664062,86.0,86.0,0.0
"CPU:Intel(R) Xeon(R) Gold 6240R,Memory:192002MiB,Cores:96",dnaseq-1,fastqc,Perfect,Realtime,752.9015731811523,129.0,129.0,0.0
"CPU:Intel(R) Xeon(R) Gold 6240R,Memory:192002MiB,Cores:96",dnaseq-1,fastqc,Perfect,Realtime,2746.927348136902,340.0,340.0,0.0
"CPU:Intel(R) Xeon(R) Gold 6240R,Memory:192002MiB,Cores:96",dnaseq-1,fastqc,Perfect,Realtime,2866.965470314026,353.0,353.0,0.0
"CPU:Intel(R) Xeon(R) Gold 6240R,Memory:192002MiB,Cores:96",dnaseq-1,fastqc,Perfect,Realtime,846.3378324508667,181.0,181.0,0.0
"CPU:Intel(R) Xeon(R) Gold 6240R,Memory:192002MiB,Cores:96",dnaseq-1,fastqc,Perfect,Realtime,203.0108642578125,45.0,45.0,0.0
"CPU:Intel(R) Xeon(R) Gold 6240R,Memory:192002MiB,Cores:96",dnaseq-1,fastqc,Perfect,Realtime,846.3378324508667,123.0,123.0,0.0
"CPU:Intel(R) Xeon(R) Gold 6240R,Memory:192002MiB,Cores:96",dnaseq-1,fastqc,Perfect,Realtime,311.80230712890625,83.0,83.0,0.0
"CPU:Intel(R) Xeon(R) Gold 6240R,Memory:192002MiB,Cores:96",dnaseq-1,fastqc,Perfect,Realtime,2246.5365028381348,321.0,321.0,0.0
"CPU:Intel(R) Xeon(R) Gold 6240R,Memory:192002MiB,Cores:96",dnaseq-1,fastqc,Perfect,Realtime,103.70779609680176,70.0,70.0,0.0
"CPU:Intel(R) Xeon(R) Gold 6240R,Memory:192002MiB,Cores:96",dnaseq-1,fastqc,Perfect,Realtime,415.2684383392334,80.0,80.0,0.0
"CPU:Intel(R) Xeon(R) Gold 6240R,Memory:192002MiB,Cores:96",dnaseq-1,fastqc,Perfect,Realtime,311.80230712890625,85.0,85.0,0.0
"CPU:Intel(R) Xeon(R) Gold 6240R,Memory:192002MiB,Cores:96",dnaseq-1,fastqc,Perfect,Realtime,721.4454488754272,189.0,189.0,0.0
"CPU:Intel(R) Xeon(R) Gold 6240R,Memory:192002MiB,Cores:96",dnaseq-1,fastqc,Perfect,Realtime,405.5044136047363,59.0,59.0,0.0
"CPU:Intel(R) Xeon(R) Gold 6240R,Memory:192002MiB,Cores:96",dnaseq-1,fastqc,Perfect,Realtime,203.0108642578125,45.0,45.0,0.0
"CPU:Intel(R) Xeon(R) Gold 6240R,Memory:192002MiB,Cores:96",dnaseq-1,fastqc,Perfect,Realtime,397.61913776397705,87.0,87.0,0.0
"CPU:Intel(R) Xeon(R) Gold 6240R,Memory:192002MiB,Cores:96",dnaseq-1,fastqc,Perfect,Realtime,198.34341430664062,94.0,94.0,0.0
"CPU:Intel(R) Xeon(R) Gold 6240R,Memory:192002MiB,Cores:96",dnaseq-1,fastqc,Perfect,Realtime,846.3378324508667,130.0,130.0,0.0
"CPU:Intel(R) Xeon(R) Gold 6240R,Memory:192002MiB,Cores:96",dnaseq-1,fastqc,Perfect,Realtime,2866.965470314026,397.0,397.0,0.0
"CPU:Intel(R) Xeon(R) Gold 6240R,Memory:192002MiB,Cores:96",dnaseq-1,fastqc,Perfect,Realtime,1559.6764736175537,200.0,200.0,0.0
"CPU:Intel(R) Xeon(R) Gold 6240R,Memory:192002MiB,Cores:96",dnaseq-1,fastqc,Perfect,Realtime,1246.1684799194336,188.0,188.0,0.0
"CPU:Intel(R) Xeon(R) Gold 6240R,Memory:192002MiB,Cores:96",dnaseq-1,fastqc,Perfect,Realtime,3391.8936738967896,665.0,665.0,0.0
"CPU:Intel(R) Xeon(R) Gold 6240R,Memory:192002MiB,Cores:96",dnaseq-1,fastqc,Perfect,Realtime,1496.0746879577637,193.0,193.0,0.0
"CPU:Intel(R) Xeon(R) Gold 6240R,Memory:192002MiB,Cores:96",dnaseq-1,fastqc,Perfect,Realtime,1496.0746879577637,262.0,262.0,0.0
"CPU:Intel(R) Xeon(R) Gold 6240R,Memory:192002MiB,Cores:96",dnaseq-1,fastqc,Perfect,Realtime,405.5044136047363,53.0,53.0,0.0
"CPU:Intel(R) Xeon(R) Gold 6240R,Memory:192002MiB,Cores:96",dnaseq-1,fastqc,Perfect,Realtime,883.0247402191162,201.0,201.0,0.0
"CPU:Intel(R) Xeon(R) Gold 6240R,Memory:192002MiB,Cores:96",dnaseq-1,fastqc,Perfect,Realtime,198.34341430664062,88.0,88.0,0.0
"CPU:Intel(R) Xeon(R) Gold 6240R,Memory:192002MiB,Cores:96",dnaseq-1,featurecounts,Lotaru-G,Realtime,203.0108642578125,40.821866711878755,37.0,0.10329369491564203
"CPU:Intel(R) Xeon(R) Gold 6240R,Memory:192002MiB,Cores:96",dnaseq-1,featurecounts,Lotaru-A,Realtime,203.0108642578125,19.259688549053703,37.0,0.47946787705260263
"CPU:Intel(R) Xeon(R) Gold 6240R,Memory:192002MiB,Cores:96",dnaseq-1,featurecounts,OnlineP,Realtime,203.0108642578125,34.0,37.0,0.08108108108108109
"CPU:Intel(R) Xeon(R) Gold 6240R,Memory:192002MiB,Cores:96",dnaseq-1,featurecounts,Naive,Realtime,203.0108642578125,11.639325913467303,37.0,0.6854236239603432
"CPU:Intel(R) Xeon(R) Gold 6240R,Memory:192002MiB,Cores:96",dnaseq-1,featurecounts,Perfect,Realtime,203.0108642578125,37.0,37.0,0.0
"CPU:Intel(R) Xeon(R) Gold 6240R,Memory:192002MiB,Cores:96",dnaseq-1,gatk-apply-bqsr,Lotaru-G,Realtime,812.8875761032104,653.2473075634873,380.0,0.7190718620091772
"CPU:Intel(R) Xeon(R) Gold 6240R,Memory:192002MiB,Cores:96",dnaseq-1,gatk-apply-bqsr,Lotaru-G,Realtime,203.0108642578125,444.5028356491537,159.0,1.7956153185481367
"CPU:Intel(R) Xeon(R) Gold 6240R,Memory:192002MiB,Cores:96",dnaseq-1,gatk-apply-bqsr,Lotaru-G,Realtime,609.9719657897949,583.7947262542568,345.0,0.6921586268239328
"CPU:Intel(R) Xeon(R) Gold 6240R,Memory:192002MiB,Cores:96",dnaseq-1,gatk-apply-bqsr,Lotaru-G,Realtime,812.8875761032104,653.2473075634873,329.0,0.9855541263327882
"CPU:Intel(R) Xeon(R) Gold 6240R,Memory:192002MiB,Cores:96",dnaseq-1,gatk-apply-bqsr,Lotaru-G,Realtime,609.9719657897949,583.7947262542568,186.0,2.1386813239476172
"CPU:Intel(R) Xeon(R) Gold 6240R,Memory:192002MiB,Cores:96",dnaseq-1,gatk-apply-bqsr,Lotaru-G,Realtime,812.8875761032104,653.2473075634873,367.0,0.7799654157043251
"CPU:Intel(R) Xeon(R) Gold 6240R,Memory:192002MiB,Cores:96",dnaseq-1,gatk-apply-bqsr,Lotaru-G,Realtime,405.5044136047363,513.8109567882306,193.0,1.6622329367265831
"CPU:Intel(R) Xeon(R) Gold 6240R,Memory:192002MiB,Cores:96",dnaseq-1,gatk-apply-bqsr,Lotaru-G,Realtime,4590.344056129456,1946.1695372326603,1584.0,0.2286423846165785
"CPU:Intel(R) Xeon(R) Gold 6240R,Memory:192002MiB,Cores:96",dnaseq-1,gatk-apply-bqsr,Lotaru-G,Realtime,203.0108642578125,444.5028356491537,125.0,2.5560226851932297
"CPU:Intel(R) Xeon(R) Gold 6240R,Memory:192002MiB,Cores:96",dnaseq-1,gatk-apply-bqsr,Lotaru-G,Realtime,405.5044136047363,513.8109567882306,196.0,1.6214844734093397
"CPU:Intel(R) Xeon(R) Gold 6240R,Memory:192002MiB,Cores:96",dnaseq-1,gatk-apply-bqsr,Lotaru-G,Realtime,1729.362572669983,966.93216462607,575.0,0.681621155871426
"CPU:Intel(R) Xeon(R) Gold 6240R,Memory:192002MiB,Cores:96",dnaseq-1,gatk-apply-bqsr,Lotaru-G,Realtime,812.8875761032104,653.2473075634873,530.0,0.23254208974242888
"CPU:Intel(R) Xeon(R) Gold 6240R,Memory:192002MiB,Cores:96",dnaseq-1,gatk-apply-bqsr,Lotaru-G,Realtime,3565.6447715759277,1595.4424035831555,890.0,0.792631914138377
"CPU:Intel(R) Xeon(R) Gold 6240R,Memory:192002MiB,Cores:96",dnaseq-1,gatk-apply-bqsr,Lotaru-G,Realtime,812.8875761032104,653.2473075634873,569.0,0.1480620519569197
"CPU:Intel(R) Xeon(R) Gold 6240R,Memory:192002MiB,Cores:96",dnaseq-1,gatk-apply-bqsr,Lotaru-G,Realtime,4590.344056129456,1946.1695372326603,1432.0,0.35905693940828237
"CPU:Intel(R) Xeon(R) Gold 6240R,Memory:192002MiB,Cores:96",dnaseq-1,gatk-apply-bqsr,Lotaru-G,Realtime,1474.3470220565796,879.6471684804354,472.0,0.8636592552551599
"CPU:Intel(R) Xeon(R) Gold 6240R,Memory:192002MiB,Cores:96",dnaseq-1,gatk-apply-bqsr,Lotaru-A,Realtime,812.8875761032104,1111.9408226835126,380.0,1.926160059693454
"CPU:Intel(R) Xeon(R) Gold 6240R,Memory:192002MiB,Cores:96",dnaseq-1,gatk-apply-bqsr,Lotaru-A,Realtime,203.0108642578125,756.6213331982824,159.0,3.758624737096116
"CPU:Intel(R) Xeon(R) Gold 6240R,Memory:192002MiB,Cores:96",dnaseq-1,gatk-apply-bqsr,Lotaru-A,Realtime,609.9719657897949,993.7204190104767,345.0,1.8803490406100773
"CPU:Intel(R) Xeon(R) Gold 6240R,Memory:192002MiB,Cores:96",dnaseq-1,gatk-apply-bqsr,Lotaru-A,Realtime,812.8875761032104,1111.9408226835126,329.0,2.379759339463564
"CPU:Intel(R) Xeon(R) Gold 6240R,Memory:192002MiB,Cores:96",dnaseq-1,gatk-apply-bqsr,Lotaru-A,Realtime,609.9719657897949,993.7204190104767,186.0,4.342582897905789
"CPU:Intel(R) Xeon(R) Gold 6240R,Memory:192002MiB,Cores:96",dnaseq-1,gatk-apply-bqsr,Lotaru-A,Realtime,812.8875761032104,1111.9408226835126,367.0,2.0298115059496253
"CPU:Intel(R) Xeon(R) Gold 6240R,Memory:192002MiB,Cores:96",dnaseq-1,gatk-apply-bqsr,Lotaru-A,Realtime,405.5044136047363,874.5958404725335,193.0,3.5315846656607954
"CPU:Intel(R) Xeon(R) Gold 6240R,Memory:192002MiB,Cores:96",dnaseq-1,gatk-apply-bqsr,Lotaru-A,Realtime,4590.344056129456,3312.719901416141,1584.0,1.0913635741263517
"CPU:Intel(R) Xeon(R) Gold 6240R,Memory:192002MiB,Cores:96",dnaseq-1,gatk-apply-bqsr,Lotaru-A,Realtime,203.0108642578125,756.6213331982824,125.0,5.052970665586259
"CPU:Intel(R) Xeon(R) Gold 6240R,Memory:192002MiB,Cores:96",dnaseq-1,gatk-apply-bqsr,Lotaru-A,Realtime,405.5044136047363,874.5958404725335,196.0,3.462223675880273
"CPU:Intel(R) Xeon(R) Gold 6240R,Memory:192002MiB,Cores:96",dnaseq-1,gatk-apply-bqsr,Lotaru-A,Realtime,1729.362572669983,1645.8871459014301,575.0,1.8624124276546612
"CPU:Intel(R) Xeon(R) Gold 6240R,Memory:192002MiB,Cores:96",dnaseq-1,gatk-apply-bqsr,Lotaru-A,Realtime,812.8875761032104,1111.9408226835126,530.0,1.0980015522330426
"CPU:Intel(R) Xeon(R) Gold 6240R,Memory:192002MiB,Cores:96",dnaseq-1,gatk-apply-bqsr,Lotaru-A,Realtime,3565.6447715759277,2715.72116447185,890.0,2.051372094912191
"CPU:Intel(R) Xeon(R) Gold 6240R,Memory:192002MiB,Cores:96",dnaseq-1,gatk-apply-bqsr,Lotaru-A,Realtime,812.8875761032104,1111.9408226835126,569.0,0.95420179733482
"CPU:Intel(R) Xeon(R) Gold 6240R,Memory:192002MiB,Cores:96",dnaseq-1,gatk-apply-bqsr,Lotaru-A,Realtime,4590.344056129456,3312.719901416141,1432.0,1.3133518864637856
"CPU:Intel(R) Xeon(R) Gold 6240R,Memory:192002MiB,Cores:96",dnaseq-1,gatk-apply-bqsr,Lotaru-A,Realtime,1474.3470220565796,1497.3128627802225,472.0,2.1722730143648783
"CPU:Intel(R) Xeon(R) Gold 6240R,Memory:192002MiB,Cores:96",dnaseq-1,gatk-apply-bqsr,OnlineP,Realtime,812.8875761032104,695.6076911724134,380.0,0.8305465557168774
"CPU:Intel(R) Xeon(R) Gold 6240R,Memory:192002MiB,Cores:96",dnaseq-1,gatk-apply-bqsr,OnlineP,Realtime,203.0108642578125,173.72133948245178,159.0,0.09258704077013699
"CPU:Intel(R) Xeon(R) Gold 6240R,Memory:192002MiB,Cores:96",dnaseq-1,gatk-apply-bqsr,OnlineP,Realtime,609.9719657897949,521.9678628094385,345.0,0.5129503269838799
"CPU:Intel(R) Xeon(R) Gold 6240R,Memory:192002MiB,Cores:96",dnaseq-1,gatk-apply-bqsr,OnlineP,Realtime,812.8875761032104,695.6076911724134,329.0,1.1143090917094634
"CPU:Intel(R) Xeon(R) Gold 6240R,Memory:192002MiB,Cores:96",dnaseq-1,gatk-apply-bqsr,OnlineP,Realtime,609.9719657897949,521.9678628094385,186.0,1.8062788323088095
"CPU:Intel(R) Xeon(R) Gold 6240R,Memory:192002MiB,Cores:96",dnaseq-1,gatk-apply-bqsr,OnlineP,Realtime,812.8875761032104,695.6076911724134,367.0,0.8953888042845052
"CPU:Intel(R) Xeon(R) Gold 6240R,Memory:192002MiB,Cores:96",dnaseq-1,gatk-apply-bqsr,OnlineP,Realtime,405.5044136047363,347.0,193.0,0.7979274611398963
"CPU:Intel(R) Xeon(R) Gold 6240R,Memory:192002MiB,Cores:96",dnaseq-1,gatk-apply-bqsr,OnlineP,Realtime,4590.344056129456,1538.420537795261,1584.0,0.0287749130080423
"CPU:Intel(R) Xeon(R) Gold 6240R,Memory:192002MiB,Cores:96",dnaseq-1,gatk-apply-bqsr,OnlineP,Realtime,203.0108642578125,173.72133948245178,125.0,0.38977071585961426
"CPU:Intel(R) Xeon(R) Gold 6240R,Memory:192002MiB,Cores:96",dnaseq-1,gatk-apply-bqsr,OnlineP,Realtime,405.5044136047363,347.0,196.0,0.7704081632653061
"CPU:Intel(R) Xeon(R) Gold 6240R,Memory:192002MiB,Cores:96",dnaseq-1,gatk-apply-bqsr,OnlineP,Realtime,1729.362572669983,1174.0,575.0,1.0417391304347825
"CPU:Intel(R) Xeon(R) Gold 6240R,Memory:192002MiB,Cores:96",dnaseq-1,gatk-apply-bqsr,OnlineP,Realtime,812.8875761032104,695.6076911724134,530.0,0.3124673418347423
"CPU:Intel(R) Xeon(R) Gold 6240R,Memory:192002MiB,Cores:96",dnaseq-1,gatk-apply-bqsr,OnlineP,Realtime,3565.6447715759277,1195.0,890.0,0.34269662921348315
"CPU:Intel(R) Xeon(R) Gold 6240R,Memory:192002MiB,Cores:96",dnaseq-1,gatk-apply-bqsr,OnlineP,Realtime,812.8875761032104,695.6076911724134,569.0,0.22250912332585837
"CPU:Intel(R) Xeon(R) Gold 6240R,Memory:192002MiB,Cores:96",dnaseq-1,gatk-apply-bqsr,OnlineP,Realtime,4590.344056129456,1538.420537795261,1432.0,0.07431601801345042
"CPU:Intel(R) Xeon(R) Gold 6240R,Memory:192002MiB,Cores:96",dnaseq-1,gatk-apply-bqsr,OnlineP,Realtime,1474.3470220565796,887.0,472.0,0.8792372881355932
"CPU:Intel(R) Xeon(R) Gold 6240R,Memory:192002MiB,Cores:96",dnaseq-1,gatk-apply-bqsr,Naive,Realtime,812.8875761032104,453.91994968860143,380.0,0.1945261833910564
"CPU:Intel(R) Xeon(R) Gold 6240R,Memory:192002MiB,Cores:96",dnaseq-1,gatk-apply-bqsr,Naive,Realtime,203.0108642578125,113.36214748402747,159.0,0.28703051896838067
"CPU:Intel(R) Xeon(R) Gold 6240R,Memory:192002MiB,Cores:96",dnaseq-1,gatk-apply-bqsr,Naive,Realtime,609.9719657897949,340.6109924204407,345.0,0.012721761100171857
"CPU:Intel(R) Xeon(R) Gold 6240R,Memory:192002MiB,Cores:96",dnaseq-1,gatk-apply-bqsr,Naive,Realtime,812.8875761032104,453.91994968860143,329.0,0.37969589571003476
"CPU:Intel(R) Xeon(R) Gold 6240R,Memory:192002MiB,Cores:96",dnaseq-1,gatk-apply-bqsr,Naive,Realtime,609.9719657897949,340.6109924204407,186.0,0.8312418947335523
"CPU:Intel(R) Xeon(R) Gold 6240R,Memory:192002MiB,Cores:96",dnaseq-1,gatk-apply-bqsr,Naive,Realtime,812.8875761032104,453.91994968860143,367.0,0.23683909996894123
"CPU:Intel(R) Xeon(R) Gold 6240R,Memory:192002MiB,Cores:96",dnaseq-1,gatk-apply-bqsr,Naive,Realtime,405.5044136047363,226.4354240771386,193.0,0.17324053925978553
"CPU:Intel(R) Xeon(R) Gold 6240R,Memory:192002MiB,Cores:96",dnaseq-1,gatk-apply-bqsr,Naive,Realtime,4590.344056129456,2563.2680388598988,1584.0,0.6182247720075118
"CPU:Intel(R) Xeon(R) Gold 6240R,Memory:192002MiB,Cores:96",dnaseq-1,gatk-apply-bqsr,Naive,Realtime,203.0108642578125,113.36214748402747,125.0,0.0931028201277802
"CPU:Intel(R) Xeon(R) Gold 6240R,Memory:192002MiB,Cores:96",dnaseq-1,gatk-apply-bqsr,Naive,Realtime,405.5044136047363,226.4354240771386,196.0,0.1552827759037684
"CPU:Intel(R) Xeon(R) Gold 6240R,Memory:192002MiB,Cores:96",dnaseq-1,gatk-apply-bqsr,Naive,Realtime,1729.362572669983,965.6835644392237,575.0,0.6794496772856065
"CPU:Intel(R) Xeon(R) Gold 6240R,Memory:192002MiB,Cores:96",dnaseq-1,gatk-apply-bqsr,Naive,Realtime,812.8875761032104,453.91994968860143,530.0,0.14354726473848786
"CPU:Intel(R) Xeon(R) Gold 6240R,Memory:192002MiB,Cores:96",dnaseq-1,gatk-apply-bqsr,Naive,Realtime,3565.6447715759277,1991.071512102518,890.0,1.2371590023623797
"CPU:Intel(R) Xeon(R) Gold 6240R,Memory:192002MiB,Cores:96",dnaseq-1,gatk-apply-bqsr,Naive,Realtime,812.8875761032104,453.91994968860143,569.0,0.20224964905342455
"CPU:Intel(R) Xeon(R) Gold 6240R,Memory:192002MiB,Cores:96",dnaseq-1,gatk-apply-bqsr,Naive,Realtime,4590.344056129456,2563.2680388598988,1432.0,0.7899916472485327
"CPU:Intel(R) Xeon(R) Gold 6240R,Memory:192002MiB,Cores:96",dnaseq-1,gatk-apply-bqsr,Naive,Realtime,1474.3470220565796,823.2817744412059,472.0,0.7442410475449278
"CPU:Intel(R) Xeon(R) Gold 6240R,Memory:192002MiB,Cores:96",dnaseq-1,gatk-apply-bqsr,Perfect,Realtime,812.8875761032104,380.0,380.0,0.0
"CPU:Intel(R) Xeon(R) Gold 6240R,Memory:192002MiB,Cores:96",dnaseq-1,gatk-apply-bqsr,Perfect,Realtime,203.0108642578125,159.0,159.0,0.0
"CPU:Intel(R) Xeon(R) Gold 6240R,Memory:192002MiB,Cores:96",dnaseq-1,gatk-apply-bqsr,Perfect,Realtime,609.9719657897949,345.0,345.0,0.0
"CPU:Intel(R) Xeon(R) Gold 6240R,Memory:192002MiB,Cores:96",dnaseq-1,gatk-apply-bqsr,Perfect,Realtime,812.8875761032104,329.0,329.0,0.0
"CPU:Intel(R) Xeon(R) Gold 6240R,Memory:192002MiB,Cores:96",dnaseq-1,gatk-apply-bqsr,Perfect,Realtime,609.9719657897949,186.0,186.0,0.0
"CPU:Intel(R) Xeon(R) Gold 6240R,Memory:192002MiB,Cores:96",dnaseq-1,gatk-apply-bqsr,Perfect,Realtime,812.8875761032104,367.0,367.0,0.0
"CPU:Intel(R) Xeon(R) Gold 6240R,Memory:192002MiB,Cores:96",dnaseq-1,gatk-apply-bqsr,Perfect,Realtime,405.5044136047363,193.0,193.0,0.0
"CPU:Intel(R) Xeon(R) Gold 6240R,Memory:192002MiB,Cores:96",dnaseq-1,gatk-apply-bqsr,Perfect,Realtime,4590.344056129456,1584.0,1584.0,0.0
"CPU:Intel(R) Xeon(R) Gold 6240R,Memory:192002MiB,Cores:96",dnaseq-1,gatk-apply-bqsr,Perfect,Realtime,203.0108642578125,125.0,125.0,0.0
"CPU:Intel(R) Xeon(R) Gold 6240R,Memory:192002MiB,Cores:96",dnaseq-1,gatk-apply-bqsr,Perfect,Realtime,405.5044136047363,196.0,196.0,0.0
"CPU:Intel(R) Xeon(R) Gold 6240R,Memory:192002MiB,Cores:96",dnaseq-1,gatk-apply-bqsr,Perfect,Realtime,1729.362572669983,575.0,575.0,0.0
"CPU:Intel(R) Xeon(R) Gold 6240R,Memory:192002MiB,Cores:96",dnaseq-1,gatk-apply-bqsr,Perfect,Realtime,812.8875761032104,530.0,530.0,0.0
"CPU:Intel(R) Xeon(R) Gold 6240R,Memory:192002MiB,Cores:96",dnaseq-1,gatk-apply-bqsr,Perfect,Realtime,3565.6447715759277,890.0,890.0,0.0
"CPU:Intel(R) Xeon(R) Gold 6240R,Memory:192002MiB,Cores:96",dnaseq-1,gatk-apply-bqsr,Perfect,Realtime,812.8875761032104,569.0,569.0,0.0
"CPU:Intel(R) Xeon(R) Gold 6240R,Memory:192002MiB,Cores:96",dnaseq-1,gatk-apply-bqsr,Perfect,Realtime,4590.344056129456,1432.0,1432.0,0.0
"CPU:Intel(R) Xeon(R) Gold 6240R,Memory:192002MiB,Cores:96",dnaseq-1,gatk-apply-bqsr,Perfect,Realtime,1474.3470220565796,472.0,472.0,0.0
"CPU:Intel(R) Xeon(R) Gold 6240R,Memory:192002MiB,Cores:96",dnaseq-1,gatk-base-recalibrator,Lotaru-G,Realtime,5102.182312011719,3993.9197143750216,3723.0,0.07276919537336063
"CPU:Intel(R) Xeon(R) Gold 6240R,Memory:192002MiB,Cores:96",dnaseq-1,gatk-base-recalibrator,Lotaru-G,Realtime,2545.566870689392,2675.5305731994713,2973.0,0.10005698849664606
"CPU:Intel(R) Xeon(R) Gold 6240R,Memory:192002MiB,Cores:96",dnaseq-1,gatk-base-recalibrator,Lotaru-G,Realtime,3565.6447715759277,3201.5618276248033,3197.0,0.0014269088598071003
"CPU:Intel(R) Xeon(R) Gold 6240R,Memory:192002MiB,Cores:96",dnaseq-1,gatk-base-recalibrator,Lotaru-G,Realtime,4590.344056129456,3729.9762257741745,3810.0,0.021003615282368895
"CPU:Intel(R) Xeon(R) Gold 6240R,Memory:192002MiB,Cores:96",dnaseq-1,gatk-base-recalibrator,Lotaru-G,Realtime,1729.362572669983,2254.6323551502846,2912.0,0.2257443835335561
"CPU:Intel(R) Xeon(R) Gold 6240R,Memory:192002MiB,Cores:96",dnaseq-1,gatk-base-recalibrator,Lotaru-G,Realtime,1474.3470220565796,2123.1265653762384,2113.0,0.004792506093818472
"CPU:Intel(R) Xeon(R) Gold 6240R,Memory:192002MiB,Cores:96",dnaseq-1,gatk-base-recalibrator,Lotaru-G,Realtime,609.9719657897949,1677.38776959719,2148.0,0.21909321713352417
"CPU:Intel(R) Xeon(R) Gold 6240R,Memory:192002MiB,Cores:96",dnaseq-1,gatk-base-recalibrator,Lotaru-G,Realtime,1729.362572669983,2254.6323551502846,2862.0,0.212217905258461
"CPU:Intel(R) Xeon(R) Gold 6240R,Memory:192002MiB,Cores:96",dnaseq-1,gatk-base-recalibrator,Lotaru-G,Realtime,609.9719657897949,1677.38776959719,1865.0,0.10059637018917422
"CPU:Intel(R) Xeon(R) Gold 6240R,Memory:192002MiB,Cores:96",dnaseq-1,gatk-base-recalibrator,Lotaru-G,Realtime,203.0108642578125,1467.5270731198575,979.0,0.49900620339107
"CPU:Intel(R) Xeon(R) Gold 6240R,Memory:192002MiB,Cores:96",dnaseq-1,gatk-base-recalibrator,Lotaru-G,Realtime,609.9719657897949,1677.38776959719,1494.0,0.1227495111092303
"CPU:Intel(R) Xeon(R) Gold 6240R,Memory:192002MiB,Cores:96",dnaseq-1,gatk-base-recalibrator,Lotaru-G,Realtime,812.8875761032104,1782.0267907375182,4339.0,0.5893001173686291
"CPU:Intel(R) Xeon(R) Gold 6240R,Memory:192002MiB,Cores:96",dnaseq-1,gatk-base-recalibrator,Lotaru-G,Realtime,6639.323947906494,4786.589119580649,4389.0,0.0905876326226131
"CPU:Intel(R) Xeon(R) Gold 6240R,Memory:192002MiB,Cores:96",dnaseq-1,gatk-base-recalibrator,Lotaru-G,Realtime,1474.3470220565796,2123.1265653762384,2878.0,0.26229097797906936
"CPU:Intel(R) Xeon(R) Gold 6240R,Memory:192002MiB,Cores:96",dnaseq-1,gatk-base-recalibrator,Lotaru-G,Realtime,4590.344056129456,3729.9762257741745,3080.0,0.21103124213447225
"CPU:Intel(R) Xeon(R) Gold 6240R,Memory:192002MiB,Cores:96",dnaseq-1,gatk-base-recalibrator,Lotaru-G,Realtime,405.5044136047363,1571.9484469026117,895.0,0.7563669797794544
"CPU:Intel(R) Xeon(R) Gold 6240R,Memory:192002MiB,Cores:96",dnaseq-1,gatk-base-recalibrator,Lotaru-G,Realtime,5613.892818450928,4257.797325458353,3733.0,0.14058326425351006
"CPU:Intel(R) Xeon(R) Gold 6240R,Memory:192002MiB,Cores:96",dnaseq-1,gatk-base-recalibrator,Lotaru-G,Realtime,5102.182312011719,3993.9197143750216,4003.0,0.002268370128648111
"CPU:Intel(R) Xeon(R) Gold 6240R,Memory:192002MiB,Cores:96",dnaseq-1,gatk-base-recalibrator,Lotaru-G,Realtime,609.9719657897949,1677.38776959719,1829.0,0.0828935103350519
"CPU:Intel(R) Xeon(R) Gold 6240R,Memory:192002MiB,Cores:96",dnaseq-1,gatk-base-recalibrator,Lotaru-G,Realtime,812.8875761032104,1782.0267907375182,1534.0,0.1616863042617459
"CPU:Intel(R) Xeon(R) Gold 6240R,Memory:192002MiB,Cores:96",dnaseq-1,gatk-base-recalibrator,Lotaru-G,Realtime,4590.344056129456,3729.9762257741745,3362.0,0.10945158410891567
"CPU:Intel(R) Xeon(R) Gold 6240R,Memory:192002MiB,Cores:96",dnaseq-1,gatk-base-recalibrator,Lotaru-A,Realtime,5102.182312011719,1844.2326381980781,3723.0,0.5046380235836481
"CPU:Intel(R) Xeon(R) Gold 6240R,Memory:192002MiB,Cores:96",dnaseq-1,gatk-base-recalibrator,Lotaru-A,Realtime,2545.566870689392,1235.4531789488935,2973.0,0.584442253969427
"CPU:Intel(R) Xeon(R) Gold 6240R,Memory:192002MiB,Cores:96",dnaseq-1,gatk-base-recalibrator,Lotaru-A,Realtime,3565.6447715759277,1478.353406670492,3197.0,0.537581042642949
"CPU:Intel(R) Xeon(R) Gold 6240R,Memory:192002MiB,Cores:96",dnaseq-1,gatk-base-recalibrator,Lotaru-A,Realtime,4590.344056129456,1722.3540749997399,3810.0,0.5479385629921942
"CPU:Intel(R) Xeon(R) Gold 6240R,Memory:192002MiB,Cores:96",dnaseq-1,gatk-base-recalibrator,Lotaru-A,Realtime,1729.362572669983,1041.0991892350096,2912.0,0.642479674026439
"CPU:Intel(R) Xeon(R) Gold 6240R,Memory:192002MiB,Cores:96",dnaseq-1,gatk-base-recalibrator,Lotaru-A,Realtime,1474.3470220565796,980.3750668295438,2113.0,0.5360269442358998
"CPU:Intel(R) Xeon(R) Gold 6240R,Memory:192002MiB,Cores:96",dnaseq-1,gatk-base-recalibrator,Lotaru-A,Realtime,609.9719657897949,774.5506902583026,2148.0,0.6394084309784439
"CPU:Intel(R) Xeon(R) Gold 6240R,Memory:192002MiB,Cores:96",dnaseq-1,gatk-base-recalibrator,Lotaru-A,Realtime,1729.362572669983,1041.0991892350096,2862.0,0.6362336865006955
"CPU:Intel(R) Xeon(R) Gold 6240R,Memory:192002MiB,Cores:96",dnaseq-1,gatk-base-recalibrator,Lotaru-A,Realtime,609.9719657897949,774.5506902583026,1865.0,0.5846913188963526
"CPU:Intel(R) Xeon(R) Gold 6240R,Memory:192002MiB,Cores:96",dnaseq-1,gatk-base-recalibrator,Lotaru-A,Realtime,203.0108642578125,677.645400819093,979.0,0.3078187938517947
"CPU:Intel(R) Xeon(R) Gold 6240R,Memory:192002MiB,Cores:96",dnaseq-1,gatk-base-recalibrator,Lotaru-A,Realtime,609.9719657897949,774.5506902583026,1494.0,0.48155910959952974
"CPU:Intel(R) Xeon(R) Gold 6240R,Memory:192002MiB,Cores:96",dnaseq-1,gatk-base-recalibrator,Lotaru-A,Realtime,812.8875761032104,822.8688117572195,4339.0,0.8103551943403504
"CPU:Intel(R) Xeon(R) Gold 6240R,Memory:192002MiB,Cores:96",dnaseq-1,gatk-base-recalibrator,Lotaru-A,Realtime,6639.323947906494,2210.255716508763,4389.0,0.4964101807908948
"CPU:Intel(R) Xeon(R) Gold 6240R,Memory:192002MiB,Cores:96",dnaseq-1,gatk-base-recalibrator,Lotaru-A,Realtime,1474.3470220565796,980.3750668295438,2878.0,0.6593554319563781
"CPU:Intel(R) Xeon(R) Gold 6240R,Memory:192002MiB,Cores:96",dnaseq-1,gatk-base-recalibrator,Lotaru-A,Realtime,4590.344056129456,1722.3540749997399,3080.0,0.440794131493591
"CPU:Intel(R) Xeon(R) Gold 6240R,Memory:192002MiB,Cores:96",dnaseq-1,gatk-base-recalibrator,Lotaru-A,Realtime,405.5044136047363,725.8630214594145,895.0,0.18897986429115693
"CPU:Intel(R) Xeon(R) Gold 6240R,Memory:192002MiB,Cores:96",dnaseq-1,gatk-base-recalibrator,Lotaru-A,Realtime,5613.892818450928,1966.0807817894602,3733.0,0.4733241945380498
"CPU:Intel(R) Xeon(R) Gold 6240R,Memory:192002MiB,Cores:96",dnaseq-1,gatk-base-recalibrator,Lotaru-A,Realtime,5102.182312011719,1844.2326381980781,4003.0,0.5392873749192909
"CPU:Intel(R) Xeon(R) Gold 6240R,Memory:192002MiB,Cores:96",dnaseq-1,gatk-base-recalibrator,Lotaru-A,Realtime,609.9719657897949,774.5506902583026,1829.0,0.5765168451294137
"CPU:Intel(R) Xeon(R) Gold 6240R,Memory:192002MiB,Cores:96",dnaseq-1,gatk-base-recalibrator,Lotaru-A,Realtime,812.8875761032104,822.8688117572195,1534.0,0.46357965335252965
"CPU:Intel(R) Xeon(R) Gold 6240R,Memory:192002MiB,Cores:96",dnaseq-1,gatk-base-recalibrator,Lotaru-A,Realtime,4590.344056129456,1722.3540749997399,3362.0,0.48769956127312913
"CPU:Intel(R) Xeon(R) Gold 6240R,Memory:192002MiB,Cores:96",dnaseq-1,gatk-base-recalibrator,OnlineP,Realtime,5102.182312011719,3392.307902381907,3723.0,0.08882409283322405
"CPU:Intel(R) Xeon(R) Gold 6240R,Memory:192002MiB,Cores:96",dnaseq-1,gatk-base-recalibrator,OnlineP,Realtime,2545.566870689392,2966.3163397625067,2973.0,0.0022481198242493487
"CPU:Intel(R) Xeon(R) Gold 6240R,Memory:192002MiB,Cores:96",dnaseq-1,gatk-base-recalibrator,OnlineP,Realtime,3565.6447715759277,4155.0,3197.0,0.29965592743196745
"CPU:Intel(R) Xeon(R) Gold 6240R,Memory:192002MiB,Cores:96",dnaseq-1,gatk-base-recalibrator,OnlineP,Realtime,4590.344056129456,3052.0000000000005,3810.0,0.19895013123359567
"CPU:Intel(R) Xeon(R) Gold 6240R,Memory:192002MiB,Cores:96",dnaseq-1,gatk-base-recalibrator,OnlineP,Realtime,1729.362572669983,5365.017108147767,2912.0,0.842382248677118
"CPU:Intel(R) Xeon(R) Gold 6240R,Memory:192002MiB,Cores:96",dnaseq-1,gatk-base-recalibrator,OnlineP,Realtime,1474.3470220565796,4573.880065224311,2113.0,1.1646379863815952
"CPU:Intel(R) Xeon(R) Gold 6240R,Memory:192002MiB,Cores:96",dnaseq-1,gatk-base-recalibrator,OnlineP,Realtime,609.9719657897949,1892.3215314532385,2148.0,0.11903094438862265
"CPU:Intel(R) Xeon(R) Gold 6240R,Memory:192002MiB,Cores:96",dnaseq-1,gatk-base-recalibrator,OnlineP,Realtime,1729.362572669983,5365.017108147767,2862.0,0.874569220177417
"CPU:Intel(R) Xeon(R) Gold 6240R,Memory:192002MiB,Cores:96",dnaseq-1,gatk-base-recalibrator,OnlineP,Realtime,609.9719657897949,1892.3215314532385,1865.0,0.014649614720235148
"CPU:Intel(R) Xeon(R) Gold 6240R,Memory:192002MiB,Cores:96",dnaseq-1,gatk-base-recalibrator,OnlineP,Realtime,203.0108642578125,918.0,979.0,0.06230847803881512
"CPU:Intel(R) Xeon(R) Gold 6240R,Memory:192002MiB,Cores:96",dnaseq-1,gatk-base-recalibrator,OnlineP,Realtime,609.9719657897949,1892.3215314532385,1494.0,0.26661414421234175
"CPU:Intel(R) Xeon(R) Gold 6240R,Memory:192002MiB,Cores:96",dnaseq-1,gatk-base-recalibrator,OnlineP,Realtime,812.8875761032104,2521.82845963947,4339.0,0.41879961750646
"CPU:Intel(R) Xeon(R) Gold 6240R,Memory:192002MiB,Cores:96",dnaseq-1,gatk-base-recalibrator,OnlineP,Realtime,6639.323947906494,3581.9999999999995,4389.0,0.18386876281613135
"CPU:Intel(R) Xeon(R) Gold 6240R,Memory:192002MiB,Cores:96",dnaseq-1,gatk-base-recalibrator,OnlineP,Realtime,1474.3470220565796,4573.880065224311,2878.0,0.5892564507381205
"CPU:Intel(R) Xeon(R) Gold 6240R,Memory:192002MiB,Cores:96",dnaseq-1,gatk-base-recalibrator,OnlineP,Realtime,4590.344056129456,3052.0000000000005,3080.0,0.009090909090908943
"CPU:Intel(R) Xeon(R) Gold 6240R,Memory:192002MiB,Cores:96",dnaseq-1,gatk-base-recalibrator,OnlineP,Realtime,405.5044136047363,1258.0,895.0,0.40558659217877097
"CPU:Intel(R) Xeon(R) Gold 6240R,Memory:192002MiB,Cores:96",dnaseq-1,gatk-base-recalibrator,OnlineP,Realtime,5613.892818450928,3732.530867492133,3733.0,0.00012567171386740318
"CPU:Intel(R) Xeon(R) Gold 6240R,Memory:192002MiB,Cores:96",dnaseq-1,gatk-base-recalibrator,OnlineP,Realtime,5102.182312011719,3392.307902381907,4003.0,0.15255860545043545
"CPU:Intel(R) Xeon(R) Gold 6240R,Memory:192002MiB,Cores:96",dnaseq-1,gatk-base-recalibrator,OnlineP,Realtime,609.9719657897949,1892.3215314532385,1829.0,0.03462084825218072
"CPU:Intel(R) Xeon(R) Gold 6240R,Memory:192002MiB,Cores:96",dnaseq-1,gatk-base-recalibrator,OnlineP,Realtime,812.8875761032104,2521.82845963947,1534.0,0.6439559710817928
"CPU:Intel(R) Xeon(R) Gold 6240R,Memory:192002MiB,Cores:96",dnaseq-1,gatk-base-recalibrator,OnlineP,Realtime,4590.344056129456,3052.0000000000005,3362.0,0.09220701963117178
"CPU:Intel(R) Xeon(R) Gold 6240R,Memory:192002MiB,Cores:96",dnaseq-1,gatk-base-recalibrator,Naive,Realtime,5102.182312011719,12033.77018998868,3723.0,2.2322777840420844
"CPU:Intel(R) Xeon(R) Gold 6240R,Memory:192002MiB,Cores:96",dnaseq-1,gatk-base-recalibrator,Naive,Realtime,2545.566870689392,6003.855772265947,2973.0,1.0194604010312638
"CPU:Intel(R) Xeon(R) Gold 6240R,Memory:192002MiB,Cores:96",dnaseq-1,gatk-base-recalibrator,Naive,Realtime,3565.6447715759277,8409.764123728717,3197.0,1.6305173987265302
"CPU:Intel(R) Xeon(R) Gold 6240R,Memory:192002MiB,Cores:96",dnaseq-1,gatk-base-recalibrator,Naive,Realtime,4590.344056129456,10826.57225603182,3810.0,1.8416200147065147
"CPU:Intel(R) Xeon(R) Gold 6240R,Memory:192002MiB,Cores:96",dnaseq-1,gatk-base-recalibrator,Naive,Realtime,1729.362572669983,4078.794230007196,2912.0,0.4006848317332403
"CPU:Intel(R) Xeon(R) Gold 6240R,Memory:192002MiB,Cores:96",dnaseq-1,gatk-base-recalibrator,Naive,Realtime,1474.3470220565796,3477.3263985401663,2113.0,0.6456821573782141
"CPU:Intel(R) Xeon(R) Gold 6240R,Memory:192002MiB,Cores:96",dnaseq-1,gatk-base-recalibrator,Naive,Realtime,609.9719657897949,1438.651543550169,2148.0,0.3302367115688226
"CPU:Intel(R) Xeon(R) Gold 6240R,Memory:192002MiB,Cores:96",dnaseq-1,gatk-base-recalibrator,Naive,Realtime,1729.362572669983,4078.794230007196,2862.0,0.42515521663424033
"CPU:Intel(R) Xeon(R) Gold 6240R,Memory:192002MiB,Cores:96",dnaseq-1,gatk-base-recalibrator,Naive,Realtime,609.9719657897949,1438.651543550169,1865.0,0.22860507048248313
"CPU:Intel(R) Xeon(R) Gold 6240R,Memory:192002MiB,Cores:96",dnaseq-1,gatk-base-recalibrator,Naive,Realtime,203.0108642578125,478.8119939967938,979.0,0.5109172686447458
"CPU:Intel(R) Xeon(R) Gold 6240R,Memory:192002MiB,Cores:96",dnaseq-1,gatk-base-recalibrator,Naive,Realtime,609.9719657897949,1438.651543550169,1494.0,0.03704715960497391
"CPU:Intel(R) Xeon(R) Gold 6240R,Memory:192002MiB,Cores:96",dnaseq-1,gatk-base-recalibrator,Naive,Realtime,812.8875761032104,1917.2388760185293,4339.0,0.5581380788157342
"CPU:Intel(R) Xeon(R) Gold 6240R,Memory:192002MiB,Cores:96",dnaseq-1,gatk-base-recalibrator,Naive,Realtime,6639.323947906494,15659.201047736222,4389.0,2.56782890128417
"CPU:Intel(R) Xeon(R) Gold 6240R,Memory:192002MiB,Cores:96",dnaseq-1,gatk-base-recalibrator,Naive,Realtime,1474.3470220565796,3477.3263985401663,2878.0,0.2082440578666318
"CPU:Intel(R) Xeon(R) Gold 6240R,Memory:192002MiB,Cores:96",dnaseq-1,gatk-base-recalibrator,Naive,Realtime,4590.344056129456,10826.57225603182,3080.0,2.515120862347994
"CPU:Intel(R) Xeon(R) Gold 6240R,Memory:192002MiB,Cores:96",dnaseq-1,gatk-base-recalibrator,Naive,Realtime,405.5044136047363,956.4038730755391,895.0,0.06860767941401015
"CPU:Intel(R) Xeon(R) Gold 6240R,Memory:192002MiB,Cores:96",dnaseq-1,gatk-base-recalibrator,Naive,Realtime,5613.892818450928,13240.666820043481,3733.0,2.546923873571787
"CPU:Intel(R) Xeon(R) Gold 6240R,Memory:192002MiB,Cores:96",dnaseq-1,gatk-base-recalibrator,Naive,Realtime,5102.182312011719,12033.77018998868,4003.0,2.0061879065672445
"CPU:Intel(R) Xeon(R) Gold 6240R,Memory:192002MiB,Cores:96",dnaseq-1,gatk-base-recalibrator,Naive,Realtime,609.9719657897949,1438.651543550169,1829.0,0.21342179138864462
"CPU:Intel(R) Xeon(R) Gold 6240R,Memory:192002MiB,Cores:96",dnaseq-1,gatk-base-recalibrator,Naive,Realtime,812.8875761032104,1917.2388760185293,1534.0,0.2498297757617531
"CPU:Intel(R) Xeon(R) Gold 6240R,Memory:192002MiB,Cores:96",dnaseq-1,gatk-base-recalibrator,Naive,Realtime,4590.344056129456,10826.57225603182,3362.0,2.220277292097508
"CPU:Intel(R) Xeon(R) Gold 6240R,Memory:192002MiB,Cores:96",dnaseq-1,gatk-base-recalibrator,Perfect,Realtime,5102.182312011719,3723.0,3723.0,0.0
"CPU:Intel(R) Xeon(R) Gold 6240R,Memory:192002MiB,Cores:96",dnaseq-1,gatk-base-recalibrator,Perfect,Realtime,2545.566870689392,2973.0,2973.0,0.0
"CPU:Intel(R) Xeon(R) Gold 6240R,Memory:192002MiB,Cores:96",dnaseq-1,gatk-base-recalibrator,Perfect,Realtime,3565.6447715759277,3197.0,3197.0,0.0
"CPU:Intel(R) Xeon(R) Gold 6240R,Memory:192002MiB,Cores:96",dnaseq-1,gatk-base-recalibrator,Perfect,Realtime,4590.344056129456,3810.0,3810.0,0.0
"CPU:Intel(R) Xeon(R) Gold 6240R,Memory:192002MiB,Cores:96",dnaseq-1,gatk-base-recalibrator,Perfect,Realtime,1729.362572669983,2912.0,2912.0,0.0
"CPU:Intel(R) Xeon(R) Gold 6240R,Memory:192002MiB,Cores:96",dnaseq-1,gatk-base-recalibrator,Perfect,Realtime,1474.3470220565796,2113.0,2113.0,0.0
"CPU:Intel(R) Xeon(R) Gold 6240R,Memory:192002MiB,Cores:96",dnaseq-1,gatk-base-recalibrator,Perfect,Realtime,609.9719657897949,2148.0,2148.0,0.0
"CPU:Intel(R) Xeon(R) Gold 6240R,Memory:192002MiB,Cores:96",dnaseq-1,gatk-base-recalibrator,Perfect,Realtime,1729.362572669983,2862.0,2862.0,0.0
"CPU:Intel(R) Xeon(R) Gold 6240R,Memory:192002MiB,Cores:96",dnaseq-1,gatk-base-recalibrator,Perfect,Realtime,609.9719657897949,1865.0,1865.0,0.0
"CPU:Intel(R) Xeon(R) Gold 6240R,Memory:192002MiB,Cores:96",dnaseq-1,gatk-base-recalibrator,Perfect,Realtime,203.0108642578125,979.0,979.0,0.0
"CPU:Intel(R) Xeon(R) Gold 6240R,Memory:192002MiB,Cores:96",dnaseq-1,gatk-base-recalibrator,Perfect,Realtime,609.9719657897949,1494.0,1494.0,0.0
"CPU:Intel(R) Xeon(R) Gold 6240R,Memory:192002MiB,Cores:96",dnaseq-1,gatk-base-recalibrator,Perfect,Realtime,812.8875761032104,4339.0,4339.0,0.0
"CPU:Intel(R) Xeon(R) Gold 6240R,Memory:192002MiB,Cores:96",dnaseq-1,gatk-base-recalibrator,Perfect,Realtime,6639.323947906494,4389.0,4389.0,0.0
"CPU:Intel(R) Xeon(R) Gold 6240R,Memory:192002MiB,Cores:96",dnaseq-1,gatk-base-recalibrator,Perfect,Realtime,1474.3470220565796,2878.0,2878.0,0.0
"CPU:Intel(R) Xeon(R) Gold 6240R,Memory:192002MiB,Cores:96",dnaseq-1,gatk-base-recalibrator,Perfect,Realtime,4590.344056129456,3080.0,3080.0,0.0
"CPU:Intel(R) Xeon(R) Gold 6240R,Memory:192002MiB,Cores:96",dnaseq-1,gatk-base-recalibrator,Perfect,Realtime,405.5044136047363,895.0,895.0,0.0
"CPU:Intel(R) Xeon(R) Gold 6240R,Memory:192002MiB,Cores:96",dnaseq-1,gatk-base-recalibrator,Perfect,Realtime,5613.892818450928,3733.0,3733.0,0.0
"CPU:Intel(R) Xeon(R) Gold 6240R,Memory:192002MiB,Cores:96",dnaseq-1,gatk-base-recalibrator,Perfect,Realtime,5102.182312011719,4003.0,4003.0,0.0
"CPU:Intel(R) Xeon(R) Gold 6240R,Memory:192002MiB,Cores:96",dnaseq-1,gatk-base-recalibrator,Perfect,Realtime,609.9719657897949,1829.0,1829.0,0.0
"CPU:Intel(R) Xeon(R) Gold 6240R,Memory:192002MiB,Cores:96",dnaseq-1,gatk-base-recalibrator,Perfect,Realtime,812.8875761032104,1534.0,1534.0,0.0
"CPU:Intel(R) Xeon(R) Gold 6240R,Memory:192002MiB,Cores:96",dnaseq-1,gatk-base-recalibrator,Perfect,Realtime,4590.344056129456,3362.0,3362.0,0.0
"CPU:Intel(R) Xeon(R) Gold 6240R,Memory:192002MiB,Cores:96",dnaseq-1,picard-collect-wgs-metrics,Lotaru-G,Realtime,3055.7511615753174,1280.1341846119449,1223.0,0.04671642241369164
"CPU:Intel(R) Xeon(R) Gold 6240R,Memory:192002MiB,Cores:96",dnaseq-1,picard-collect-wgs-metrics,Lotaru-G,Realtime,1474.3470220565796,912.0208501940764,696.0,0.310374784761604
"CPU:Intel(R) Xeon(R) Gold 6240R,Memory:192002MiB,Cores:96",dnaseq-1,picard-collect-wgs-metrics,Lotaru-G,Realtime,1729.362572669983,971.3824152227837,865.0,0.12298545112460546
"CPU:Intel(R) Xeon(R) Gold 6240R,Memory:192002MiB,Cores:96",dnaseq-1,picard-collect-wgs-metrics,Lotaru-G,Realtime,1729.362572669983,971.3824152227837,837.0,0.16055246741073323
"CPU:Intel(R) Xeon(R) Gold 6240R,Memory:192002MiB,Cores:96",dnaseq-1,picard-collect-wgs-metrics,Lotaru-G,Realtime,812.8875761032104,758.0487970374485,1059.0,0.2841843276322488
"CPU:Intel(R) Xeon(R) Gold 6240R,Memory:192002MiB,Cores:96",dnaseq-1,picard-collect-wgs-metrics,Lotaru-G,Realtime,812.8875761032104,758.0487970374485,770.0,0.015521042808508467
"CPU:Intel(R) Xeon(R) Gold 6240R,Memory:192002MiB,Cores:96",dnaseq-1,picard-collect-wgs-metrics,Lotaru-G,Realtime,609.9719657897949,710.814861036345,881.0,0.19317268894853012
"CPU:Intel(R) Xeon(R) Gold 6240R,Memory:192002MiB,Cores:96",dnaseq-1,picard-collect-wgs-metrics,Lotaru-G,Realtime,812.8875761032104,758.0487970374485,1100.0,0.31086472996595593
"CPU:Intel(R) Xeon(R) Gold 6240R,Memory:192002MiB,Cores:96",dnaseq-1,picard-collect-wgs-metrics,Lotaru-G,Realtime,405.5044136047363,663.2196698172254,486.0,0.3646495263728918
"CPU:Intel(R) Xeon(R) Gold 6240R,Memory:192002MiB,Cores:96",dnaseq-1,picard-collect-wgs-metrics,Lotaru-G,Realtime,203.0108642578125,616.0839795875983,638.0,0.03435112917304347
"CPU:Intel(R) Xeon(R) Gold 6240R,Memory:192002MiB,Cores:96",dnaseq-1,picard-collect-wgs-metrics,Lotaru-G,Realtime,609.9719657897949,710.814861036345,832.0,0.14565521510054694
"CPU:Intel(R) Xeon(R) Gold 6240R,Memory:192002MiB,Cores:96",dnaseq-1,picard-collect-wgs-metrics,Lotaru-G,Realtime,812.8875761032104,758.0487970374485,844.0,0.10183791820207526
"CPU:Intel(R) Xeon(R) Gold 6240R,Memory:192002MiB,Cores:96",dnaseq-1,picard-collect-wgs-metrics,Lotaru-G,Realtime,5613.892818450928,1875.608821166464,1237.0,0.5162561205872789
"CPU:Intel(R) Xeon(R) Gold 6240R,Memory:192002MiB,Cores:96",dnaseq-1,picard-collect-wgs-metrics,Lotaru-G,Realtime,812.8875761032104,758.0487970374485,779.0,0.026894997384533402
"CPU:Intel(R) Xeon(R) Gold 6240R,Memory:192002MiB,Cores:96",dnaseq-1,picard-collect-wgs-metrics,Lotaru-G,Realtime,2545.566870689392,1161.3753956392616,1056.0,0.09978730647657345
"CPU:Intel(R) Xeon(R) Gold 6240R,Memory:192002MiB,Cores:96",dnaseq-1,picard-collect-wgs-metrics,Lotaru-G,Realtime,203.0108642578125,616.0839795875983,681.0,0.09532455273480431
"CPU:Intel(R) Xeon(R) Gold 6240R,Memory:192002MiB,Cores:96",dnaseq-1,picard-collect-wgs-metrics,Lotaru-G,Realtime,5102.182312011719,1756.4947654518262,2039.0,0.13855087520753986
"CPU:Intel(R) Xeon(R) Gold 6240R,Memory:192002MiB,Cores:96",dnaseq-1,picard-collect-wgs-metrics,Lotaru-G,Realtime,3055.7511615753174,1280.1341846119449,860.0,0.4885281216417964
"CPU:Intel(R) Xeon(R) Gold 6240R,Memory:192002MiB,Cores:96",dnaseq-1,picard-collect-wgs-metrics,Lotaru-G,Realtime,405.5044136047363,663.2196698172254,746.0,0.11096559005733861
"CPU:Intel(R) Xeon(R) Gold 6240R,Memory:192002MiB,Cores:96",dnaseq-1,picard-collect-wgs-metrics,Lotaru-G,Realtime,812.8875761032104,758.0487970374485,726.0,0.044144348536430414
"CPU:Intel(R) Xeon(R) Gold 6240R,Memory:192002MiB,Cores:96",dnaseq-1,picard-collect-wgs-metrics,Lotaru-G,Realtime,2545.566870689392,1161.3753956392616,1656.0,0.29868635529030096
"CPU:Intel(R) Xeon(R) Gold 6240R,Memory:192002MiB,Cores:96",dnaseq-1,picard-collect-wgs-metrics,Lotaru-A,Realtime,3055.7511615753174,1843.7790429584438,1223.0,0.5075871160739525
"CPU:Intel(R) Xeon(R) Gold 6240R,Memory:192002MiB,Cores:96",dnaseq-1,picard-collect-wgs-metrics,Lotaru-A,Realtime,1474.3470220565796,1313.5848964448392,696.0,0.8873346213287919
"CPU:Intel(R) Xeon(R) Gold 6240R,Memory:192002MiB,Cores:96",dnaseq-1,picard-collect-wgs-metrics,Lotaru-A,Realtime,1729.362572669983,1399.0834409511901,865.0,0.6174375039898152
"CPU:Intel(R) Xeon(R) Gold 6240R,Memory:192002MiB,Cores:96",dnaseq-1,picard-collect-wgs-metrics,Lotaru-A,Realtime,1729.362572669983,1399.0834409511901,837.0,0.6715453296907887
"CPU:Intel(R) Xeon(R) Gold 6240R,Memory:192002MiB,Cores:96",dnaseq-1,picard-collect-wgs-metrics,Lotaru-A,Realtime,812.8875761032104,1091.818734565855,1059.0,0.03099030648333809
"CPU:Intel(R) Xeon(R) Gold 6240R,Memory:192002MiB,Cores:96",dnaseq-1,picard-collect-wgs-metrics,Lotaru-A,Realtime,812.8875761032104,1091.818734565855,770.0,0.4179464085270845
"CPU:Intel(R) Xeon(R) Gold 6240R,Memory:192002MiB,Cores:96",dnaseq-1,picard-collect-wgs-metrics,Lotaru-A,Realtime,609.9719657897949,1023.7876309814485,881.0,0.16207449600618445
"CPU:Intel(R) Xeon(R) Gold 6240R,Memory:192002MiB,Cores:96",dnaseq-1,picard-collect-wgs-metrics,Lotaru-A,Realtime,812.8875761032104,1091.818734565855,1100.0,0.007437514031040874
"CPU:Intel(R) Xeon(R) Gold 6240R,Memory:192002MiB,Cores:96",dnaseq-1,picard-collect-wgs-metrics,Lotaru-A,Realtime,405.5044136047363,955.2362110051013,486.0,0.9655066070063812
"CPU:Intel(R) Xeon(R) Gold 6240R,Memory:192002MiB,Cores:96",dnaseq-1,picard-collect-wgs-metrics,Lotaru-A,Realtime,203.0108642578125,887.3466109417199,638.0,0.3908254089995609
"CPU:Intel(R) Xeon(R) Gold 6240R,Memory:192002MiB,Cores:96",dnaseq-1,picard-collect-wgs-metrics,Lotaru-A,Realtime,609.9719657897949,1023.7876309814485,832.0,0.2305139795450102
"CPU:Intel(R) Xeon(R) Gold 6240R,Memory:192002MiB,Cores:96",dnaseq-1,picard-collect-wgs-metrics,Lotaru-A,Realtime,812.8875761032104,1091.818734565855,844.0,0.293624093087506
"CPU:Intel(R) Xeon(R) Gold 6240R,Memory:192002MiB,Cores:96",dnaseq-1,picard-collect-wgs-metrics,Lotaru-A,Realtime,5613.892818450928,2701.4419885232783,1237.0,1.1838657950875329
"CPU:Intel(R) Xeon(R) Gold 6240R,Memory:192002MiB,Cores:96",dnaseq-1,picard-collect-wgs-metrics,Lotaru-A,Realtime,812.8875761032104,1091.818734565855,779.0,0.4015644859638704
"CPU:Intel(R) Xeon(R) Gold 6240R,Memory:192002MiB,Cores:96",dnaseq-1,picard-collect-wgs-metrics,Lotaru-A,Realtime,2545.566870689392,1672.7305943605852,1056.0,0.5840251840535845
"CPU:Intel(R) Xeon(R) Gold 6240R,Memory:192002MiB,Cores:96",dnaseq-1,picard-collect-wgs-metrics,Lotaru-A,Realtime,203.0108642578125,887.3466109417199,681.0,0.3030053024107487
"CPU:Intel(R) Xeon(R) Gold 6240R,Memory:192002MiB,Cores:96",dnaseq-1,picard-collect-wgs-metrics,Lotaru-A,Realtime,5102.182312011719,2529.8818487438625,2039.0,0.24074637015392963
"CPU:Intel(R) Xeon(R) Gold 6240R,Memory:192002MiB,Cores:96",dnaseq-1,picard-collect-wgs-metrics,Lotaru-A,Realtime,3055.7511615753174,1843.7790429584438,860.0,1.1439291197191208
"CPU:Intel(R) Xeon(R) Gold 6240R,Memory:192002MiB,Cores:96",dnaseq-1,picard-collect-wgs-metrics,Lotaru-A,Realtime,405.5044136047363,955.2362110051013,746.0,0.28047749464490784
"CPU:Intel(R) Xeon(R) Gold 6240R,Memory:192002MiB,Cores:96",dnaseq-1,picard-collect-wgs-metrics,Lotaru-A,Realtime,812.8875761032104,1091.818734565855,726.0,0.5038825544984229
"CPU:Intel(R) Xeon(R) Gold 6240R,Memory:192002MiB,Cores:96",dnaseq-1,picard-collect-wgs-metrics,Lotaru-A,Realtime,2545.566870689392,1672.7305943605852,1656.0,0.010103015918227778
"CPU:Intel(R) Xeon(R) Gold 6240R,Memory:192002MiB,Cores:96",dnaseq-1,picard-collect-wgs-metrics,OnlineP,Realtime,3055.7511615753174,2014.358573065195,1223.0,0.6470634285079273
"CPU:Intel(R) Xeon(R) Gold 6240R,Memory:192002MiB,Cores:96",dnaseq-1,picard-collect-wgs-metrics,OnlineP,Realtime,1474.3470220565796,971.8931308600963,696.0,0.3963981765231269
"CPU:Intel(R) Xeon(R) Gold 6240R,Memory:192002MiB,Cores:96",dnaseq-1,picard-collect-wgs-metrics,OnlineP,Realtime,1729.362572669983,1140.0,865.0,0.3179190751445087
"CPU:Intel(R) Xeon(R) Gold 6240R,Memory:192002MiB,Cores:96",dnaseq-1,picard-collect-wgs-metrics,OnlineP,Realtime,1729.362572669983,1140.0,837.0,0.36200716845878134
"CPU:Intel(R) Xeon(R) Gold 6240R,Memory:192002MiB,Cores:96",dnaseq-1,picard-collect-wgs-metrics,OnlineP,Realtime,812.8875761032104,638.3459745552001,1059.0,0.39721815433881014
"CPU:Intel(R) Xeon(R) Gold 6240R,Memory:192002MiB,Cores:96",dnaseq-1,picard-collect-wgs-metrics,OnlineP,Realtime,812.8875761032104,638.3459745552001,770.0,0.17097925382441548
"CPU:Intel(R) Xeon(R) Gold 6240R,Memory:192002MiB,Cores:96",dnaseq-1,picard-collect-wgs-metrics,OnlineP,Realtime,609.9719657897949,479.0,881.0,0.45629965947786605
"CPU:Intel(R) Xeon(R) Gold 6240R,Memory:192002MiB,Cores:96",dnaseq-1,picard-collect-wgs-metrics,OnlineP,Realtime,812.8875761032104,638.3459745552001,1100.0,0.41968547767709086
"CPU:Intel(R) Xeon(R) Gold 6240R,Memory:192002MiB,Cores:96",dnaseq-1,picard-collect-wgs-metrics,OnlineP,Realtime,405.5044136047363,473.0,486.0,0.026748971193415638
"CPU:Intel(R) Xeon(R) Gold 6240R,Memory:192002MiB,Cores:96",dnaseq-1,picard-collect-wgs-metrics,OnlineP,Realtime,203.0108642578125,236.80171059135358,638.0,0.6288374442141793
"CPU:Intel(R) Xeon(R) Gold 6240R,Memory:192002MiB,Cores:96",dnaseq-1,picard-collect-wgs-metrics,OnlineP,Realtime,609.9719657897949,479.0,832.0,0.42427884615384615
"CPU:Intel(R) Xeon(R) Gold 6240R,Memory:192002MiB,Cores:96",dnaseq-1,picard-collect-wgs-metrics,OnlineP,Realtime,812.8875761032104,638.3459745552001,844.0,0.2436659069251184
"CPU:Intel(R) Xeon(R) Gold 6240R,Memory:192002MiB,Cores:96",dnaseq-1,picard-collect-wgs-metrics,OnlineP,Realtime,5613.892818450928,1591.0229229498761,1237.0,0.2861947639045078
"CPU:Intel(R) Xeon(R) Gold 6240R,Memory:192002MiB,Cores:96",dnaseq-1,picard-collect-wgs-metrics,OnlineP,Realtime,812.8875761032104,638.3459745552001,779.0,0.18055715718202814
"CPU:Intel(R) Xeon(R) Gold 6240R,Memory:192002MiB,Cores:96",dnaseq-1,picard-collect-wgs-metrics,OnlineP,Realtime,2545.566870689392,1678.0438517907546,1056.0,0.589056677832154
"CPU:Intel(R) Xeon(R) Gold 6240R,Memory:192002MiB,Cores:96",dnaseq-1,picard-collect-wgs-metrics,OnlineP,Realtime,203.0108642578125,236.80171059135358,681.0,0.6522735527292899
"CPU:Intel(R) Xeon(R) Gold 6240R,Memory:192002MiB,Cores:96",dnaseq-1,picard-collect-wgs-metrics,OnlineP,Realtime,5102.182312011719,1446.0,2039.0,0.2908288376655223
"CPU:Intel(R) Xeon(R) Gold 6240R,Memory:192002MiB,Cores:96",dnaseq-1,picard-collect-wgs-metrics,OnlineP,Realtime,3055.7511615753174,2014.358573065195,860.0,1.3422774105409245
"CPU:Intel(R) Xeon(R) Gold 6240R,Memory:192002MiB,Cores:96",dnaseq-1,picard-collect-wgs-metrics,OnlineP,Realtime,405.5044136047363,473.0,746.0,0.36595174262734587
"CPU:Intel(R) Xeon(R) Gold 6240R,Memory:192002MiB,Cores:96",dnaseq-1,picard-collect-wgs-metrics,OnlineP,Realtime,812.8875761032104,638.3459745552001,726.0,0.12073557223801641
"CPU:Intel(R) Xeon(R) Gold 6240R,Memory:192002MiB,Cores:96",dnaseq-1,picard-collect-wgs-metrics,OnlineP,Realtime,2545.566870689392,1678.0438517907546,1656.0,0.013311504704561966
"CPU:Intel(R) Xeon(R) Gold 6240R,Memory:192002MiB,Cores:96",dnaseq-1,picard-collect-wgs-metrics,Naive,Realtime,3055.7511615753174,2268.53920991023,1223.0,0.854897146288005
"CPU:Intel(R) Xeon(R) Gold 6240R,Memory:192002MiB,Cores:96",dnaseq-1,picard-collect-wgs-metrics,Naive,Realtime,1474.3470220565796,1094.5308867445542,696.0,0.5726018487709112
"CPU:Intel(R) Xeon(R) Gold 6240R,Memory:192002MiB,Cores:96",dnaseq-1,picard-collect-wgs-metrics,Naive,Realtime,1729.362572669983,1283.8502210469958,865.0,0.4842199087248506
"CPU:Intel(R) Xeon(R) Gold 6240R,Memory:192002MiB,Cores:96",dnaseq-1,picard-collect-wgs-metrics,Naive,Realtime,1729.362572669983,1283.8502210469958,837.0,0.5338712318363151
"CPU:Intel(R) Xeon(R) Gold 6240R,Memory:192002MiB,Cores:96",dnaseq-1,picard-collect-wgs-metrics,Naive,Realtime,812.8875761032104,603.4743151953365,1059.0,0.430147011146991
"CPU:Intel(R) Xeon(R) Gold 6240R,Memory:192002MiB,Cores:96",dnaseq-1,picard-collect-wgs-metrics,Naive,Realtime,812.8875761032104,603.4743151953365,770.0,0.21626712312293955
"CPU:Intel(R) Xeon(R) Gold 6240R,Memory:192002MiB,Cores:96",dnaseq-1,picard-collect-wgs-metrics,Naive,Realtime,609.9719657897949,452.8331163676349,881.0,0.48600100298792864
"CPU:Intel(R) Xeon(R) Gold 6240R,Memory:192002MiB,Cores:96",dnaseq-1,picard-collect-wgs-metrics,Naive,Realtime,812.8875761032104,603.4743151953365,1100.0,0.4513869861860577
"CPU:Intel(R) Xeon(R) Gold 6240R,Memory:192002MiB,Cores:96",dnaseq-1,picard-collect-wgs-metrics,Naive,Realtime,405.5044136047363,301.0397815179972,486.0,0.38057658123868887
"CPU:Intel(R) Xeon(R) Gold 6240R,Memory:192002MiB,Cores:96",dnaseq-1,picard-collect-wgs-metrics,Naive,Realtime,203.0108642578125,150.7119137833173,638.0,0.7637744298067127
"CPU:Intel(R) Xeon(R) Gold 6240R,Memory:192002MiB,Cores:96",dnaseq-1,picard-collect-wgs-metrics,Naive,Realtime,609.9719657897949,452.8331163676349,832.0,0.4557294274427465
"CPU:Intel(R) Xeon(R) Gold 6240R,Memory:192002MiB,Cores:96",dnaseq-1,picard-collect-wgs-metrics,Naive,Realtime,812.8875761032104,603.4743151953365,844.0,0.2849830388680847
"CPU:Intel(R) Xeon(R) Gold 6240R,Memory:192002MiB,Cores:96",dnaseq-1,picard-collect-wgs-metrics,Naive,Realtime,5613.892818450928,4167.661339388641,1237.0,2.36916842311127
"CPU:Intel(R) Xeon(R) Gold 6240R,Memory:192002MiB,Cores:96",dnaseq-1,picard-collect-wgs-metrics,Naive,Realtime,812.8875761032104,603.4743151953365,779.0,0.22532180334359878
"CPU:Intel(R) Xeon(R) Gold 6240R,Memory:192002MiB,Cores:96",dnaseq-1,picard-collect-wgs-metrics,Naive,Realtime,2545.566870689392,1889.7868158316778,1056.0,0.7895708483254524
"CPU:Intel(R) Xeon(R) Gold 6240R,Memory:192002MiB,Cores:96",dnaseq-1,picard-collect-wgs-metrics,Naive,Realtime,203.0108642578125,150.7119137833173,681.0,0.7786902881302242
"CPU:Intel(R) Xeon(R) Gold 6240R,Memory:192002MiB,Cores:96",dnaseq-1,picard-collect-wgs-metrics,Naive,Realtime,5102.182312011719,3787.7759080821443,2039.0,0.857663515489036
"CPU:Intel(R) Xeon(R) Gold 6240R,Memory:192002MiB,Cores:96",dnaseq-1,picard-collect-wgs-metrics,Naive,Realtime,3055.7511615753174,2268.53920991023,860.0,1.6378362905932908
"CPU:Intel(R) Xeon(R) Gold 6240R,Memory:192002MiB,Cores:96",dnaseq-1,picard-collect-wgs-metrics,Naive,Realtime,405.5044136047363,301.0397815179972,746.0,0.5964614188766794
"CPU:Intel(R) Xeon(R) Gold 6240R,Memory:192002MiB,Cores:96",dnaseq-1,picard-collect-wgs-metrics,Naive,Realtime,812.8875761032104,603.4743151953365,726.0,0.1687681608879662
"CPU:Intel(R) Xeon(R) Gold 6240R,Memory:192002MiB,Cores:96",dnaseq-1,picard-collect-wgs-metrics,Naive,Realtime,2545.566870689392,1889.7868158316778,1656.0,0.1411756134249262
"CPU:Intel(R) Xeon(R) Gold 6240R,Memory:192002MiB,Cores:96",dnaseq-1,picard-collect-wgs-metrics,Perfect,Realtime,3055.7511615753174,1223.0,1223.0,0.0
"CPU:Intel(R) Xeon(R) Gold 6240R,Memory:192002MiB,Cores:96",dnaseq-1,picard-collect-wgs-metrics,Perfect,Realtime,1474.3470220565796,696.0,696.0,0.0
"CPU:Intel(R) Xeon(R) Gold 6240R,Memory:192002MiB,Cores:96",dnaseq-1,picard-collect-wgs-metrics,Perfect,Realtime,1729.362572669983,865.0,865.0,0.0
"CPU:Intel(R) Xeon(R) Gold 6240R,Memory:192002MiB,Cores:96",dnaseq-1,picard-collect-wgs-metrics,Perfect,Realtime,1729.362572669983,837.0,837.0,0.0
"CPU:Intel(R) Xeon(R) Gold 6240R,Memory:192002MiB,Cores:96",dnaseq-1,picard-collect-wgs-metrics,Perfect,Realtime,812.8875761032104,1059.0,1059.0,0.0
"CPU:Intel(R) Xeon(R) Gold 6240R,Memory:192002MiB,Cores:96",dnaseq-1,picard-collect-wgs-metrics,Perfect,Realtime,812.8875761032104,770.0,770.0,0.0
"CPU:Intel(R) Xeon(R) Gold 6240R,Memory:192002MiB,Cores:96",dnaseq-1,picard-collect-wgs-metrics,Perfect,Realtime,609.9719657897949,881.0,881.0,0.0
"CPU:Intel(R) Xeon(R) Gold 6240R,Memory:192002MiB,Cores:96",dnaseq-1,picard-collect-wgs-metrics,Perfect,Realtime,812.8875761032104,1100.0,1100.0,0.0
"CPU:Intel(R) Xeon(R) Gold 6240R,Memory:192002MiB,Cores:96",dnaseq-1,picard-collect-wgs-metrics,Perfect,Realtime,405.5044136047363,486.0,486.0,0.0
"CPU:Intel(R) Xeon(R) Gold 6240R,Memory:192002MiB,Cores:96",dnaseq-1,picard-collect-wgs-metrics,Perfect,Realtime,203.0108642578125,638.0,638.0,0.0
"CPU:Intel(R) Xeon(R) Gold 6240R,Memory:192002MiB,Cores:96",dnaseq-1,picard-collect-wgs-metrics,Perfect,Realtime,609.9719657897949,832.0,832.0,0.0
"CPU:Intel(R) Xeon(R) Gold 6240R,Memory:192002MiB,Cores:96",dnaseq-1,picard-collect-wgs-metrics,Perfect,Realtime,812.8875761032104,844.0,844.0,0.0
"CPU:Intel(R) Xeon(R) Gold 6240R,Memory:192002MiB,Cores:96",dnaseq-1,picard-collect-wgs-metrics,Perfect,Realtime,5613.892818450928,1237.0,1237.0,0.0
"CPU:Intel(R) Xeon(R) Gold 6240R,Memory:192002MiB,Cores:96",dnaseq-1,picard-collect-wgs-metrics,Perfect,Realtime,812.8875761032104,779.0,779.0,0.0
"CPU:Intel(R) Xeon(R) Gold 6240R,Memory:192002MiB,Cores:96",dnaseq-1,picard-collect-wgs-metrics,Perfect,Realtime,2545.566870689392,1056.0,1056.0,0.0
"CPU:Intel(R) Xeon(R) Gold 6240R,Memory:192002MiB,Cores:96",dnaseq-1,picard-collect-wgs-metrics,Perfect,Realtime,203.0108642578125,681.0,681.0,0.0
"CPU:Intel(R) Xeon(R) Gold 6240R,Memory:192002MiB,Cores:96",dnaseq-1,picard-collect-wgs-metrics,Perfect,Realtime,5102.182312011719,2039.0,2039.0,0.0
"CPU:Intel(R) Xeon(R) Gold 6240R,Memory:192002MiB,Cores:96",dnaseq-1,picard-collect-wgs-metrics,Perfect,Realtime,3055.7511615753174,860.0,860.0,0.0
"CPU:Intel(R) Xeon(R) Gold 6240R,Memory:192002MiB,Cores:96",dnaseq-1,picard-collect-wgs-metrics,Perfect,Realtime,405.5044136047363,746.0,746.0,0.0
"CPU:Intel(R) Xeon(R) Gold 6240R,Memory:192002MiB,Cores:96",dnaseq-1,picard-collect-wgs-metrics,Perfect,Realtime,812.8875761032104,726.0,726.0,0.0
"CPU:Intel(R) Xeon(R) Gold 6240R,Memory:192002MiB,Cores:96",dnaseq-1,picard-collect-wgs-metrics,Perfect,Realtime,2545.566870689392,1656.0,1656.0,0.0
"CPU:Intel(R) Xeon(R) Gold 6240R,Memory:192002MiB,Cores:96",dnaseq-1,picard-markduplicate,Lotaru-G,Realtime,4590.344056129456,2293.214759556038,1599.0,0.43415557195499577
"CPU:Intel(R) Xeon(R) Gold 6240R,Memory:192002MiB,Cores:96",dnaseq-1,picard-markduplicate,Lotaru-G,Realtime,1729.362572669983,856.9927689825738,874.0,0.01945907439064782
"CPU:Intel(R) Xeon(R) Gold 6240R,Memory:192002MiB,Cores:96",dnaseq-1,picard-markduplicate,Lotaru-G,Realtime,5102.182312011719,2550.159225280431,1677.0,0.5206673973049679
"CPU:Intel(R) Xeon(R) Gold 6240R,Memory:192002MiB,Cores:96",dnaseq-1,picard-markduplicate,Lotaru-G,Realtime,405.5044136047363,192.4116762903866,337.0,0.4290454709484077
"CPU:Intel(R) Xeon(R) Gold 6240R,Memory:192002MiB,Cores:96",dnaseq-1,picard-markduplicate,Lotaru-G,Realtime,812.8875761032104,396.91934610661446,352.0,0.12761177871197288
"CPU:Intel(R) Xeon(R) Gold 6240R,Memory:192002MiB,Cores:96",dnaseq-1,picard-markduplicate,Lotaru-G,Realtime,1729.362572669983,856.9927689825738,744.0,0.15187200132066372
"CPU:Intel(R) Xeon(R) Gold 6240R,Memory:192002MiB,Cores:96",dnaseq-1,picard-markduplicate,Lotaru-G,Realtime,405.5044136047363,192.4116762903866,150.0,0.28274450860257727
"CPU:Intel(R) Xeon(R) Gold 6240R,Memory:192002MiB,Cores:96",dnaseq-1,picard-markduplicate,Lotaru-G,Realtime,5102.182312011719,2550.159225280431,2108.0,0.20975295316908502
"CPU:Intel(R) Xeon(R) Gold 6240R,Memory:192002MiB,Cores:96",dnaseq-1,picard-markduplicate,Lotaru-G,Realtime,5613.892818450928,2807.0395603697743,2534.0,0.10775041845689595
"CPU:Intel(R) Xeon(R) Gold 6240R,Memory:192002MiB,Cores:96",dnaseq-1,picard-markduplicate,Lotaru-G,Realtime,6639.323947906494,3321.809315594418,2522.0,0.31713295622300475
"CPU:Intel(R) Xeon(R) Gold 6240R,Memory:192002MiB,Cores:96",dnaseq-1,picard-markduplicate,Lotaru-G,Realtime,1474.3470220565796,728.9741348716345,591.0,0.23345877304845097
"CPU:Intel(R) Xeon(R) Gold 6240R,Memory:192002MiB,Cores:96",dnaseq-1,picard-markduplicate,Lotaru-G,Realtime,812.8875761032104,396.91934610661446,343.0,0.15719925978604798
"CPU:Intel(R) Xeon(R) Gold 6240R,Memory:192002MiB,Cores:96",dnaseq-1,picard-markduplicate,Lotaru-G,Realtime,609.9719657897949,295.05505112684887,415.0,0.28902397318831596
"CPU:Intel(R) Xeon(R) Gold 6240R,Memory:192002MiB,Cores:96",dnaseq-1,picard-markduplicate,Lotaru-G,Realtime,4590.344056129456,2293.214759556038,1697.0,0.35133456662111856
"CPU:Intel(R) Xeon(R) Gold 6240R,Memory:192002MiB,Cores:96",dnaseq-1,picard-markduplicate,Lotaru-G,Realtime,5613.892818450928,2807.0395603697743,1879.0,0.4939007772058405
"CPU:Intel(R) Xeon(R) Gold 6240R,Memory:192002MiB,Cores:96",dnaseq-1,picard-markduplicate,Lotaru-G,Realtime,609.9719657897949,295.05505112684887,318.0,0.07215392727406017
"CPU:Intel(R) Xeon(R) Gold 6240R,Memory:192002MiB,Cores:96",dnaseq-1,picard-markduplicate,Lotaru-G,Realtime,1474.3470220565796,728.9741348716345,739.0,0.013566799903065585
"CPU:Intel(R) Xeon(R) Gold 6240R,Memory:192002MiB,Cores:96",dnaseq-1,picard-markduplicate,Lotaru-G,Realtime,203.0108642578125,90.75925728568149,115.0,0.21078906708103057
"CPU:Intel(R) Xeon(R) Gold 6240R,Memory:192002MiB,Cores:96",dnaseq-1,picard-markduplicate,Lotaru-G,Realtime,3565.6447715759277,1778.8123928475648,1633.0,0.08929111625692882
"CPU:Intel(R) Xeon(R) Gold 6240R,Memory:192002MiB,Cores:96",dnaseq-1,picard-markduplicate,Lotaru-G,Realtime,3055.7511615753174,1522.8441456674916,1409.0,0.080797832269334
"CPU:Intel(R) Xeon(R) Gold 6240R,Memory:192002MiB,Cores:96",dnaseq-1,picard-markduplicate,Lotaru-G,Realtime,3565.6447715759277,1778.8123928475648,1404.0,0.2669603937660718
"CPU:Intel(R) Xeon(R) Gold 6240R,Memory:192002MiB,Cores:96",dnaseq-1,picard-markduplicate,Lotaru-G,Realtime,609.9719657897949,295.05505112684887,412.0,0.2838469632843474
"CPU:Intel(R) Xeon(R) Gold 6240R,Memory:192002MiB,Cores:96",dnaseq-1,picard-markduplicate,Lotaru-G,Realtime,405.5044136047363,192.4116762903866,288.0,0.33190390176949097
"CPU:Intel(R) Xeon(R) Gold 6240R,Memory:192002MiB,Cores:96",dnaseq-1,picard-markduplicate,Lotaru-G,Realtime,405.5044136047363,192.4116762903866,300.0,0.35862774569871136
"CPU:Intel(R) Xeon(R) Gold 6240R,Memory:192002MiB,Cores:96",dnaseq-1,picard-markduplicate,Lotaru-G,Realtime,405.5044136047363,192.4116762903866,193.0,0.0030483093762352607
"CPU:Intel(R) Xeon(R) Gold 6240R,Memory:192002MiB,Cores:96",dnaseq-1,picard-markduplicate,Lotaru-G,Realtime,5102.182312011719,2550.159225280431,2430.0,0.04944824085614453
"CPU:Intel(R) Xeon(R) Gold 6240R,Memory:192002MiB,Cores:96",dnaseq-1,picard-markduplicate,Lotaru-G,Realtime,1474.3470220565796,728.9741348716345,558.0,0.30640525962658516
"CPU:Intel(R) Xeon(R) Gold 6240R,Memory:192002MiB,Cores:96",dnaseq-1,picard-markduplicate,Lotaru-A,Realtime,4590.344056129456,1894.3219948256358,1599.0,0.18469167906543826
"CPU:Intel(R) Xeon(R) Gold 6240R,Memory:192002MiB,Cores:96",dnaseq-1,picard-markduplicate,Lotaru-A,Realtime,1729.362572669983,707.923339898835,874.0,0.19001906190064644
"CPU:Intel(R) Xeon(R) Gold 6240R,Memory:192002MiB,Cores:96",dnaseq-1,picard-markduplicate,Lotaru-A,Realtime,5102.182312011719,2106.572308862804,1677.0,0.25615522293548254
"CPU:Intel(R) Xeon(R) Gold 6240R,Memory:192002MiB,Cores:96",dnaseq-1,picard-markduplicate,Lotaru-A,Realtime,405.5044136047363,158.94266724879884,337.0,0.5283600378373922
"CPU:Intel(R) Xeon(R) Gold 6240R,Memory:192002MiB,Cores:96",dnaseq-1,picard-markduplicate,Lotaru-A,Realtime,812.8875761032104,327.87729294361156,352.0,0.06853041777383079
"CPU:Intel(R) Xeon(R) Gold 6240R,Memory:192002MiB,Cores:96",dnaseq-1,picard-markduplicate,Lotaru-A,Realtime,1729.362572669983,707.923339898835,744.0,0.04849013454457658
"CPU:Intel(R) Xeon(R) Gold 6240R,Memory:192002MiB,Cores:96",dnaseq-1,picard-markduplicate,Lotaru-A,Realtime,405.5044136047363,158.94266724879884,150.0,0.05961778165865894
"CPU:Intel(R) Xeon(R) Gold 6240R,Memory:192002MiB,Cores:96",dnaseq-1,picard-markduplicate,Lotaru-A,Realtime,5102.182312011719,2106.572308862804,2108.0,0.0006772728354818688
"CPU:Intel(R) Xeon(R) Gold 6240R,Memory:192002MiB,Cores:96",dnaseq-1,picard-markduplicate,Lotaru-A,Realtime,5613.892818450928,2318.769647454908,2534.0,0.08493699784731336
"CPU:Intel(R) Xeon(R) Gold 6240R,Memory:192002MiB,Cores:96",dnaseq-1,picard-markduplicate,Lotaru-A,Realtime,6639.323947906494,2743.9978845964815,2522.0,0.08802453790502836
"CPU:Intel(R) Xeon(R) Gold 6240R,Memory:192002MiB,Cores:96",dnaseq-1,picard-markduplicate,Lotaru-A,Realtime,1474.3470220565796,602.1728804909961,591.0,0.018905043131973158
"CPU:Intel(R) Xeon(R) Gold 6240R,Memory:192002MiB,Cores:96",dnaseq-1,picard-markduplicate,Lotaru-A,Realtime,812.8875761032104,327.87729294361156,343.0,0.04408952494573888
"CPU:Intel(R) Xeon(R) Gold 6240R,Memory:192002MiB,Cores:96",dnaseq-1,picard-markduplicate,Lotaru-A,Realtime,609.9719657897949,243.73176158267876,415.0,0.4126945504031837
"CPU:Intel(R) Xeon(R) Gold 6240R,Memory:192002MiB,Cores:96",dnaseq-1,picard-markduplicate,Lotaru-A,Realtime,4590.344056129456,1894.3219948256358,1697.0,0.11627695629088731
"CPU:Intel(R) Xeon(R) Gold 6240R,Memory:192002MiB,Cores:96",dnaseq-1,picard-markduplicate,Lotaru-A,Realtime,5613.892818450928,2318.769647454908,1879.0,0.23404451700633738
"CPU:Intel(R) Xeon(R) Gold 6240R,Memory:192002MiB,Cores:96",dnaseq-1,picard-markduplicate,Lotaru-A,Realtime,609.9719657897949,243.73176158267876,318.0,0.23354791955132467
"CPU:Intel(R) Xeon(R) Gold 6240R,Memory:192002MiB,Cores:96",dnaseq-1,picard-markduplicate,Lotaru-A,Realtime,1474.3470220565796,602.1728804909961,739.0,0.1851517178741595
"CPU:Intel(R) Xeon(R) Gold 6240R,Memory:192002MiB,Cores:96",dnaseq-1,picard-markduplicate,Lotaru-A,Realtime,203.0108642578125,74.97215714048083,115.0,0.34806819877842754
"CPU:Intel(R) Xeon(R) Gold 6240R,Memory:192002MiB,Cores:96",dnaseq-1,picard-markduplicate,Lotaru-A,Realtime,3565.6447715759277,1469.397240881145,1633.0,0.10018540056267906
"CPU:Intel(R) Xeon(R) Gold 6240R,Memory:192002MiB,Cores:96",dnaseq-1,picard-markduplicate,Lotaru-A,Realtime,3055.7511615753174,1257.9533372565013,1409.0,0.10720132203229148
"CPU:Intel(R) Xeon(R) Gold 6240R,Memory:192002MiB,Cores:96",dnaseq-1,picard-markduplicate,Lotaru-A,Realtime,3565.6447715759277,1469.397240881145,1404.0,0.04657923139682698
"CPU:Intel(R) Xeon(R) Gold 6240R,Memory:192002MiB,Cores:96",dnaseq-1,picard-markduplicate,Lotaru-A,Realtime,609.9719657897949,243.73176158267876,412.0,0.4084180544109739
"CPU:Intel(R) Xeon(R) Gold 6240R,Memory:192002MiB,Cores:96",dnaseq-1,picard-markduplicate,Lotaru-A,Realtime,405.5044136047363,158.94266724879884,288.0,0.4481157387194485
"CPU:Intel(R) Xeon(R) Gold 6240R,Memory:192002MiB,Cores:96",dnaseq-1,picard-markduplicate,Lotaru-A,Realtime,405.5044136047363,158.94266724879884,300.0,0.47019110917067053
"CPU:Intel(R) Xeon(R) Gold 6240R,Memory:192002MiB,Cores:96",dnaseq-1,picard-markduplicate,Lotaru-A,Realtime,405.5044136047363,158.94266724879884,193.0,0.17646286399586092
"CPU:Intel(R) Xeon(R) Gold 6240R,Memory:192002MiB,Cores:96",dnaseq-1,picard-markduplicate,Lotaru-A,Realtime,5102.182312011719,2106.572308862804,2430.0,0.13309781528279663
"CPU:Intel(R) Xeon(R) Gold 6240R,Memory:192002MiB,Cores:96",dnaseq-1,picard-markduplicate,Lotaru-A,Realtime,1474.3470220565796,602.1728804909961,558.0,0.07916286826343394
"CPU:Intel(R) Xeon(R) Gold 6240R,Memory:192002MiB,Cores:96",dnaseq-1,picard-markduplicate,OnlineP,Realtime,4590.344056129456,2123.2506621650164,1599.0,0.3278615773389721
"CPU:Intel(R) Xeon(R) Gold 6240R,Memory:192002MiB,Cores:96",dnaseq-1,picard-markduplicate,OnlineP,Realtime,1729.362572669983,688.5324926700487,874.0,0.21220538596104271
"CPU:Intel(R) Xeon(R) Gold 6240R,Memory:192002MiB,Cores:96",dnaseq-1,picard-markduplicate,OnlineP,Realtime,5102.182312011719,2360.0,1677.0,0.40727489564698865
"CPU:Intel(R) Xeon(R) Gold 6240R,Memory:192002MiB,Cores:96",dnaseq-1,picard-markduplicate,OnlineP,Realtime,405.5044136047363,209.00000000000003,337.0,0.3798219584569732
"CPU:Intel(R) Xeon(R) Gold 6240R,Memory:192002MiB,Cores:96",dnaseq-1,picard-markduplicate,OnlineP,Realtime,812.8875761032104,418.9683211960646,352.0,0.1902509124888199
"CPU:Intel(R) Xeon(R) Gold 6240R,Memory:192002MiB,Cores:96",dnaseq-1,picard-markduplicate,OnlineP,Realtime,1729.362572669983,688.5324926700487,744.0,0.07455310124993458
"CPU:Intel(R) Xeon(R) Gold 6240R,Memory:192002MiB,Cores:96",dnaseq-1,picard-markduplicate,OnlineP,Realtime,405.5044136047363,209.00000000000003,150.0,0.39333333333333353
"CPU:Intel(R) Xeon(R) Gold 6240R,Memory:192002MiB,Cores:96",dnaseq-1,picard-markduplicate,OnlineP,Realtime,5102.182312011719,2360.0,2108.0,0.11954459203036052
"CPU:Intel(R) Xeon(R) Gold 6240R,Memory:192002MiB,Cores:96",dnaseq-1,picard-markduplicate,OnlineP,Realtime,5613.892818450928,2596.6902476913606,2534.0,0.024739639972912623
"CPU:Intel(R) Xeon(R) Gold 6240R,Memory:192002MiB,Cores:96",dnaseq-1,picard-markduplicate,OnlineP,Realtime,6639.323947906494,3071.0005168124494,2522.0,0.217684582399861
"CPU:Intel(R) Xeon(R) Gold 6240R,Memory:192002MiB,Cores:96",dnaseq-1,picard-markduplicate,OnlineP,Realtime,1474.3470220565796,587.0,591.0,0.00676818950930626
"CPU:Intel(R) Xeon(R) Gold 6240R,Memory:192002MiB,Cores:96",dnaseq-1,picard-markduplicate,OnlineP,Realtime,812.8875761032104,418.9683211960646,343.0,0.22148198599435745
"CPU:Intel(R) Xeon(R) Gold 6240R,Memory:192002MiB,Cores:96",dnaseq-1,picard-markduplicate,OnlineP,Realtime,609.9719657897949,314.384101807414,415.0,0.2424479474520144
"CPU:Intel(R) Xeon(R) Gold 6240R,Memory:192002MiB,Cores:96",dnaseq-1,picard-markduplicate,OnlineP,Realtime,4590.344056129456,2123.2506621650164,1697.0,0.2511789405804457
"CPU:Intel(R) Xeon(R) Gold 6240R,Memory:192002MiB,Cores:96",dnaseq-1,picard-markduplicate,OnlineP,Realtime,5613.892818450928,2596.6902476913606,1879.0,0.3819532983988082
"CPU:Intel(R) Xeon(R) Gold 6240R,Memory:192002MiB,Cores:96",dnaseq-1,picard-markduplicate,OnlineP,Realtime,609.9719657897949,314.384101807414,318.0,0.011370749033289225
"CPU:Intel(R) Xeon(R) Gold 6240R,Memory:192002MiB,Cores:96",dnaseq-1,picard-markduplicate,OnlineP,Realtime,1474.3470220565796,587.0,739.0,0.20568335588633288
"CPU:Intel(R) Xeon(R) Gold 6240R,Memory:192002MiB,Cores:96",dnaseq-1,picard-markduplicate,OnlineP,Realtime,203.0108642578125,111.99999999999999,115.0,0.026086956521739254
"CPU:Intel(R) Xeon(R) Gold 6240R,Memory:192002MiB,Cores:96",dnaseq-1,picard-markduplicate,OnlineP,Realtime,3565.6447715759277,1262.0,1633.0,0.2271892222902633
"CPU:Intel(R) Xeon(R) Gold 6240R,Memory:192002MiB,Cores:96",dnaseq-1,picard-markduplicate,OnlineP,Realtime,3055.7511615753174,1081.5317321146476,1409.0,0.232411829585062
"CPU:Intel(R) Xeon(R) Gold 6240R,Memory:192002MiB,Cores:96",dnaseq-1,picard-markduplicate,OnlineP,Realtime,3565.6447715759277,1262.0,1404.0,0.10113960113960115
"CPU:Intel(R) Xeon(R) Gold 6240R,Memory:192002MiB,Cores:96",dnaseq-1,picard-markduplicate,OnlineP,Realtime,609.9719657897949,314.384101807414,412.0,0.2369317917295776
"CPU:Intel(R) Xeon(R) Gold 6240R,Memory:192002MiB,Cores:96",dnaseq-1,picard-markduplicate,OnlineP,Realtime,405.5044136047363,209.00000000000003,288.0,0.27430555555555547
"CPU:Intel(R) Xeon(R) Gold 6240R,Memory:192002MiB,Cores:96",dnaseq-1,picard-markduplicate,OnlineP,Realtime,405.5044136047363,209.00000000000003,300.0,0.30333333333333323
"CPU:Intel(R) Xeon(R) Gold 6240R,Memory:192002MiB,Cores:96",dnaseq-1,picard-markduplicate,OnlineP,Realtime,405.5044136047363,209.00000000000003,193.0,0.08290155440414522
"CPU:Intel(R) Xeon(R) Gold 6240R,Memory:192002MiB,Cores:96",dnaseq-1,picard-markduplicate,OnlineP,Realtime,5102.182312011719,2360.0,2430.0,0.02880658436213992
"CPU:Intel(R) Xeon(R) Gold 6240R,Memory:192002MiB,Cores:96",dnaseq-1,picard-markduplicate,OnlineP,Realtime,1474.3470220565796,587.0,558.0,0.05197132616487455
"CPU:Intel(R) Xeon(R) Gold 6240R,Memory:192002MiB,Cores:96",dnaseq-1,picard-markduplicate,Naive,Realtime,4590.344056129456,2096.1257941860167,1599.0,0.3108979325741193
"CPU:Intel(R) Xeon(R) Gold 6240R,Memory:192002MiB,Cores:96",dnaseq-1,picard-markduplicate,Naive,Realtime,1729.362572669983,789.6927663261002,874.0,0.09646136575961071
"CPU:Intel(R) Xeon(R) Gold 6240R,Memory:192002MiB,Cores:96",dnaseq-1,picard-markduplicate,Naive,Realtime,5102.182312011719,2329.850621233216,1677.0,0.3892967329953583
"CPU:Intel(R) Xeon(R) Gold 6240R,Memory:192002MiB,Cores:96",dnaseq-1,picard-markduplicate,Naive,Realtime,405.5044136047363,185.1687478367072,337.0,0.4505378402471596
"CPU:Intel(R) Xeon(R) Gold 6240R,Memory:192002MiB,Cores:96",dnaseq-1,picard-markduplicate,Naive,Realtime,812.8875761032104,371.19540391924704,352.0,0.054532397497860916
"CPU:Intel(R) Xeon(R) Gold 6240R,Memory:192002MiB,Cores:96",dnaseq-1,picard-markduplicate,Naive,Realtime,1729.362572669983,789.6927663261002,744.0,0.0614150085028229
"CPU:Intel(R) Xeon(R) Gold 6240R,Memory:192002MiB,Cores:96",dnaseq-1,picard-markduplicate,Naive,Realtime,405.5044136047363,185.1687478367072,150.0,0.2344583189113814
"CPU:Intel(R) Xeon(R) Gold 6240R,Memory:192002MiB,Cores:96",dnaseq-1,picard-markduplicate,Naive,Realtime,5102.182312011719,2329.850621233216,2108.0,0.10524223018653504
"CPU:Intel(R) Xeon(R) Gold 6240R,Memory:192002MiB,Cores:96",dnaseq-1,picard-markduplicate,Naive,Realtime,5613.892818450928,2563.51711302286,2534.0,0.011648426607284938
"CPU:Intel(R) Xeon(R) Gold 6240R,Memory:192002MiB,Cores:96",dnaseq-1,picard-markduplicate,Naive,Realtime,6639.323947906494,3031.7679923317846,2522.0,0.20212846642814616
"CPU:Intel(R) Xeon(R) Gold 6240R,Memory:192002MiB,Cores:96",dnaseq-1,picard-markduplicate,Naive,Realtime,1474.3470220565796,673.2429605984597,591.0,0.1391589857841958
"CPU:Intel(R) Xeon(R) Gold 6240R,Memory:192002MiB,Cores:96",dnaseq-1,picard-markduplicate,Naive,Realtime,812.8875761032104,371.19540391924704,343.0,0.08220234378789225
"CPU:Intel(R) Xeon(R) Gold 6240R,Memory:192002MiB,Cores:96",dnaseq-1,picard-markduplicate,Naive,Realtime,609.9719657897949,278.5364137389796,415.0,0.32882791870125394
"CPU:Intel(R) Xeon(R) Gold 6240R,Memory:192002MiB,Cores:96",dnaseq-1,picard-markduplicate,Naive,Realtime,4590.344056129456,2096.1257941860167,1697.0,0.23519492880731688
"CPU:Intel(R) Xeon(R) Gold 6240R,Memory:192002MiB,Cores:96",dnaseq-1,picard-markduplicate,Naive,Realtime,5613.892818450928,2563.51711302286,1879.0,0.3642986232159979
"CPU:Intel(R) Xeon(R) Gold 6240R,Memory:192002MiB,Cores:96",dnaseq-1,picard-markduplicate,Naive,Realtime,609.9719657897949,278.5364137389796,318.0,0.12409932786484401
"CPU:Intel(R) Xeon(R) Gold 6240R,Memory:192002MiB,Cores:96",dnaseq-1,picard-markduplicate,Naive,Realtime,1474.3470220565796,673.2429605984597,739.0,0.0889811087977541
"CPU:Intel(R) Xeon(R) Gold 6240R,Memory:192002MiB,Cores:96",dnaseq-1,picard-markduplicate,Naive,Realtime,203.0108642578125,92.70248675642975,115.0,0.19389141950930652
"CPU:Intel(R) Xeon(R) Gold 6240R,Memory:192002MiB,Cores:96",dnaseq-1,picard-markduplicate,Naive,Realtime,3565.6447715759277,1628.2091031117318,1633.0,0.002933800911370611
"CPU:Intel(R) Xeon(R) Gold 6240R,Memory:192002MiB,Cores:96",dnaseq-1,picard-markduplicate,Naive,Realtime,3055.7511615753174,1395.3722753829384,1409.0,0.009671912432265175
"CPU:Intel(R) Xeon(R) Gold 6240R,Memory:192002MiB,Cores:96",dnaseq-1,picard-markduplicate,Naive,Realtime,3565.6447715759277,1628.2091031117318,1404.0,0.15969309338442436
"CPU:Intel(R) Xeon(R) Gold 6240R,Memory:192002MiB,Cores:96",dnaseq-1,picard-markduplicate,Naive,Realtime,609.9719657897949,278.5364137389796,412.0,0.32394074335199124
"CPU:Intel(R) Xeon(R) Gold 6240R,Memory:192002MiB,Cores:96",dnaseq-1,picard-markduplicate,Naive,Realtime,405.5044136047363,185.1687478367072,288.0,0.3570529589003222
"CPU:Intel(R) Xeon(R) Gold 6240R,Memory:192002MiB,Cores:96",dnaseq-1,picard-markduplicate,Naive,Realtime,405.5044136047363,185.1687478367072,300.0,0.3827708405443093
"CPU:Intel(R) Xeon(R) Gold 6240R,Memory:192002MiB,Cores:96",dnaseq-1,picard-markduplicate,Naive,Realtime,405.5044136047363,185.1687478367072,193.0,0.04057643607923724
"CPU:Intel(R) Xeon(R) Gold 6240R,Memory:192002MiB,Cores:96",dnaseq-1,picard-markduplicate,Naive,Realtime,5102.182312011719,2329.850621233216,2430.0,0.041213736118018165
"CPU:Intel(R) Xeon(R) Gold 6240R,Memory:192002MiB,Cores:96",dnaseq-1,picard-markduplicate,Naive,Realtime,1474.3470220565796,673.2429605984597,558.0,0.2065286032230461
"CPU:Intel(R) Xeon(R) Gold 6240R,Memory:192002MiB,Cores:96",dnaseq-1,picard-markduplicate,Perfect,Realtime,4590.344056129456,1599.0,1599.0,0.0
"CPU:Intel(R) Xeon(R) Gold 6240R,Memory:192002MiB,Cores:96",dnaseq-1,picard-markduplicate,Perfect,Realtime,1729.362572669983,874.0,874.0,0.0
"CPU:Intel(R) Xeon(R) Gold 6240R,Memory:192002MiB,Cores:96",dnaseq-1,picard-markduplicate,Perfect,Realtime,5102.182312011719,1677.0,1677.0,0.0
"CPU:Intel(R) Xeon(R) Gold 6240R,Memory:192002MiB,Cores:96",dnaseq-1,picard-markduplicate,Perfect,Realtime,405.5044136047363,337.0,337.0,0.0
"CPU:Intel(R) Xeon(R) Gold 6240R,Memory:192002MiB,Cores:96",dnaseq-1,picard-markduplicate,Perfect,Realtime,812.8875761032104,352.0,352.0,0.0
"CPU:Intel(R) Xeon(R) Gold 6240R,Memory:192002MiB,Cores:96",dnaseq-1,picard-markduplicate,Perfect,Realtime,1729.362572669983,744.0,744.0,0.0
"CPU:Intel(R) Xeon(R) Gold 6240R,Memory:192002MiB,Cores:96",dnaseq-1,picard-markduplicate,Perfect,Realtime,405.5044136047363,150.0,150.0,0.0
"CPU:Intel(R) Xeon(R) Gold 6240R,Memory:192002MiB,Cores:96",dnaseq-1,picard-markduplicate,Perfect,Realtime,5102.182312011719,2108.0,2108.0,0.0
"CPU:Intel(R) Xeon(R) Gold 6240R,Memory:192002MiB,Cores:96",dnaseq-1,picard-markduplicate,Perfect,Realtime,5613.892818450928,2534.0,2534.0,0.0
"CPU:Intel(R) Xeon(R) Gold 6240R,Memory:192002MiB,Cores:96",dnaseq-1,picard-markduplicate,Perfect,Realtime,6639.323947906494,2522.0,2522.0,0.0
"CPU:Intel(R) Xeon(R) Gold 6240R,Memory:192002MiB,Cores:96",dnaseq-1,picard-markduplicate,Perfect,Realtime,1474.3470220565796,591.0,591.0,0.0
"CPU:Intel(R) Xeon(R) Gold 6240R,Memory:192002MiB,Cores:96",dnaseq-1,picard-markduplicate,Perfect,Realtime,812.8875761032104,343.0,343.0,0.0
"CPU:Intel(R) Xeon(R) Gold 6240R,Memory:192002MiB,Cores:96",dnaseq-1,picard-markduplicate,Perfect,Realtime,609.9719657897949,415.0,415.0,0.0
"CPU:Intel(R) Xeon(R) Gold 6240R,Memory:192002MiB,Cores:96",dnaseq-1,picard-markduplicate,Perfect,Realtime,4590.344056129456,1697.0,1697.0,0.0
"CPU:Intel(R) Xeon(R) Gold 6240R,Memory:192002MiB,Cores:96",dnaseq-1,picard-markduplicate,Perfect,Realtime,5613.892818450928,1879.0,1879.0,0.0
"CPU:Intel(R) Xeon(R) Gold 6240R,Memory:192002MiB,Cores:96",dnaseq-1,picard-markduplicate,Perfect,Realtime,609.9719657897949,318.0,318.0,0.0
"CPU:Intel(R) Xeon(R) Gold 6240R,Memory:192002MiB,Cores:96",dnaseq-1,picard-markduplicate,Perfect,Realtime,1474.3470220565796,739.0,739.0,0.0
"CPU:Intel(R) Xeon(R) Gold 6240R,Memory:192002MiB,Cores:96",dnaseq-1,picard-markduplicate,Perfect,Realtime,203.0108642578125,115.0,115.0,0.0
"CPU:Intel(R) Xeon(R) Gold 6240R,Memory:192002MiB,Cores:96",dnaseq-1,picard-markduplicate,Perfect,Realtime,3565.6447715759277,1633.0,1633.0,0.0
"CPU:Intel(R) Xeon(R) Gold 6240R,Memory:192002MiB,Cores:96",dnaseq-1,picard-markduplicate,Perfect,Realtime,3055.7511615753174,1409.0,1409.0,0.0
"CPU:Intel(R) Xeon(R) Gold 6240R,Memory:192002MiB,Cores:96",dnaseq-1,picard-markduplicate,Perfect,Realtime,3565.6447715759277,1404.0,1404.0,0.0
"CPU:Intel(R) Xeon(R) Gold 6240R,Memory:192002MiB,Cores:96",dnaseq-1,picard-markduplicate,Perfect,Realtime,609.9719657897949,412.0,412.0,0.0
"CPU:Intel(R) Xeon(R) Gold 6240R,Memory:192002MiB,Cores:96",dnaseq-1,picard-markduplicate,Perfect,Realtime,405.5044136047363,288.0,288.0,0.0
"CPU:Intel(R) Xeon(R) Gold 6240R,Memory:192002MiB,Cores:96",dnaseq-1,picard-markduplicate,Perfect,Realtime,405.5044136047363,300.0,300.0,0.0
"CPU:Intel(R) Xeon(R) Gold 6240R,Memory:192002MiB,Cores:96",dnaseq-1,picard-markduplicate,Perfect,Realtime,405.5044136047363,193.0,193.0,0.0
"CPU:Intel(R) Xeon(R) Gold 6240R,Memory:192002MiB,Cores:96",dnaseq-1,picard-markduplicate,Perfect,Realtime,5102.182312011719,2430.0,2430.0,0.0
"CPU:Intel(R) Xeon(R) Gold 6240R,Memory:192002MiB,Cores:96",dnaseq-1,picard-markduplicate,Perfect,Realtime,1474.3470220565796,558.0,558.0,0.0
"CPU:Intel(R) Xeon(R) Gold 6240R,Memory:192002MiB,Cores:96",dnaseq-1,picard-validate-sam,Lotaru-G,Realtime,1729.362572669983,182.52463397551819,176.0,0.03707178395180787
"CPU:Intel(R) Xeon(R) Gold 6240R,Memory:192002MiB,Cores:96",dnaseq-1,picard-validate-sam,Lotaru-G,Realtime,812.8875761032104,118.29286958305968,152.0,0.2217574369535547
"CPU:Intel(R) Xeon(R) Gold 6240R,Memory:192002MiB,Cores:96",dnaseq-1,picard-validate-sam,Lotaru-G,Realtime,5613.892818450928,454.77453981809595,845.0,0.4618052783217799
"CPU:Intel(R) Xeon(R) Gold 6240R,Memory:192002MiB,Cores:96",dnaseq-1,picard-validate-sam,Lotaru-G,Realtime,609.9719657897949,104.0713930321131,85.0,0.2243693297895658
"CPU:Intel(R) Xeon(R) Gold 6240R,Memory:192002MiB,Cores:96",dnaseq-1,picard-validate-sam,Lotaru-G,Realtime,3565.6447715759277,311.22170263537095,341.0,0.08732638523351628
"CPU:Intel(R) Xeon(R) Gold 6240R,Memory:192002MiB,Cores:96",dnaseq-1,picard-validate-sam,Lotaru-G,Realtime,3565.6447715759277,311.22170263537095,484.0,0.35697995323270465
"CPU:Intel(R) Xeon(R) Gold 6240R,Memory:192002MiB,Cores:96",dnaseq-1,picard-validate-sam,Lotaru-G,Realtime,1729.362572669983,182.52463397551819,259.0,0.2952716834922078
"CPU:Intel(R) Xeon(R) Gold 6240R,Memory:192002MiB,Cores:96",dnaseq-1,picard-validate-sam,Lotaru-G,Realtime,812.8875761032104,118.29286958305968,88.0,0.34423715435295094
"CPU:Intel(R) Xeon(R) Gold 6240R,Memory:192002MiB,Cores:96",dnaseq-1,picard-validate-sam,Lotaru-G,Realtime,405.5044136047363,89.74114759491907,57.0,0.5744060981564749
"CPU:Intel(R) Xeon(R) Gold 6240R,Memory:192002MiB,Cores:96",dnaseq-1,picard-validate-sam,Lotaru-G,Realtime,203.0108642578125,75.54925146969111,45.0,0.6788722548820247
"CPU:Intel(R) Xeon(R) Gold 6240R,Memory:192002MiB,Cores:96",dnaseq-1,picard-validate-sam,Lotaru-G,Realtime,812.8875761032104,118.29286958305968,108.0,0.09530434799129336
"CPU:Intel(R) Xeon(R) Gold 6240R,Memory:192002MiB,Cores:96",dnaseq-1,picard-validate-sam,Lotaru-G,Realtime,3055.7511615753174,275.4854672274548,558.0,0.506298445828934
"CPU:Intel(R) Xeon(R) Gold 6240R,Memory:192002MiB,Cores:96",dnaseq-1,picard-validate-sam,Lotaru-G,Realtime,1474.3470220565796,164.65169818919009,138.0,0.19312824774775425
"CPU:Intel(R) Xeon(R) Gold 6240R,Memory:192002MiB,Cores:96",dnaseq-1,picard-validate-sam,Lotaru-G,Realtime,609.9719657897949,104.0713930321131,60.0,0.7345232172018848
"CPU:Intel(R) Xeon(R) Gold 6240R,Memory:192002MiB,Cores:96",dnaseq-1,picard-validate-sam,Lotaru-G,Realtime,1474.3470220565796,164.65169818919009,167.0,0.014061687489879727
"CPU:Intel(R) Xeon(R) Gold 6240R,Memory:192002MiB,Cores:96",dnaseq-1,picard-validate-sam,Lotaru-G,Realtime,203.0108642578125,75.54925146969111,37.0,1.041871661343003
"CPU:Intel(R) Xeon(R) Gold 6240R,Memory:192002MiB,Cores:96",dnaseq-1,picard-validate-sam,Lotaru-G,Realtime,609.9719657897949,104.0713930321131,98.0,0.06195299012360299
"CPU:Intel(R) Xeon(R) Gold 6240R,Memory:192002MiB,Cores:96",dnaseq-1,picard-validate-sam,Lotaru-G,Realtime,405.5044136047363,89.74114759491907,127.0,0.29337679059118843
"CPU:Intel(R) Xeon(R) Gold 6240R,Memory:192002MiB,Cores:96",dnaseq-1,picard-validate-sam,Lotaru-G,Realtime,4590.344056129456,383.0384387876132,904.0,0.5762849128455607
"CPU:Intel(R) Xeon(R) Gold 6240R,Memory:192002MiB,Cores:96",dnaseq-1,picard-validate-sam,Lotaru-G,Realtime,3055.7511615753174,275.4854672274548,554.0,0.5027338136688542
"CPU:Intel(R) Xeon(R) Gold 6240R,Memory:192002MiB,Cores:96",dnaseq-1,picard-validate-sam,Lotaru-A,Realtime,1729.362572669983,192.1364659316164,176.0,0.0916844655205478
"CPU:Intel(R) Xeon(R) Gold 6240R,Memory:192002MiB,Cores:96",dnaseq-1,picard-validate-sam,Lotaru-A,Realtime,812.8875761032104,124.52222700880594,152.0,0.18077482231048722
"CPU:Intel(R) Xeon(R) Gold 6240R,Memory:192002MiB,Cores:96",dnaseq-1,picard-validate-sam,Lotaru-A,Realtime,5613.892818450928,478.7231781987637,845.0,0.43346369443933286
"CPU:Intel(R) Xeon(R) Gold 6240R,Memory:192002MiB,Cores:96",dnaseq-1,picard-validate-sam,Lotaru-A,Realtime,609.9719657897949,109.55184090084238,85.0,0.28884518706873386
"CPU:Intel(R) Xeon(R) Gold 6240R,Memory:192002MiB,Cores:96",dnaseq-1,picard-validate-sam,Lotaru-A,Realtime,3565.6447715759277,327.61078197040024,341.0,0.03926456900175883
"CPU:Intel(R) Xeon(R) Gold 6240R,Memory:192002MiB,Cores:96",dnaseq-1,picard-validate-sam,Lotaru-A,Realtime,3565.6447715759277,327.61078197040024,484.0,0.323118219069421
"CPU:Intel(R) Xeon(R) Gold 6240R,Memory:192002MiB,Cores:96",dnaseq-1,picard-validate-sam,Lotaru-A,Realtime,1729.362572669983,192.1364659316164,259.0,0.25816036319839225
"CPU:Intel(R) Xeon(R) Gold 6240R,Memory:192002MiB,Cores:96",dnaseq-1,picard-validate-sam,Lotaru-A,Realtime,812.8875761032104,124.52222700880594,88.0,0.41502530691824935
"CPU:Intel(R) Xeon(R) Gold 6240R,Memory:192002MiB,Cores:96",dnaseq-1,picard-validate-sam,Lotaru-A,Realtime,405.5044136047363,94.46695808658929,57.0,0.6573150541506892
"CPU:Intel(R) Xeon(R) Gold 6240R,Memory:192002MiB,Cores:96",dnaseq-1,picard-validate-sam,Lotaru-A,Realtime,203.0108642578125,79.52771012329443,45.0,0.7672824471843206
"CPU:Intel(R) Xeon(R) Gold 6240R,Memory:192002MiB,Cores:96",dnaseq-1,picard-validate-sam,Lotaru-A,Realtime,812.8875761032104,124.52222700880594,108.0,0.15298358341486984
"CPU:Intel(R) Xeon(R) Gold 6240R,Memory:192002MiB,Cores:96",dnaseq-1,picard-validate-sam,Lotaru-A,Realtime,3055.7511615753174,289.99265981655304,558.0,0.4802998928018763
"CPU:Intel(R) Xeon(R) Gold 6240R,Memory:192002MiB,Cores:96",dnaseq-1,picard-validate-sam,Lotaru-A,Realtime,1474.3470220565796,173.32233304986852,138.0,0.2559589351439748
"CPU:Intel(R) Xeon(R) Gold 6240R,Memory:192002MiB,Cores:96",dnaseq-1,picard-validate-sam,Lotaru-A,Realtime,609.9719657897949,109.55184090084238,60.0,0.8258640150140396
"CPU:Intel(R) Xeon(R) Gold 6240R,Memory:192002MiB,Cores:96",dnaseq-1,picard-validate-sam,Lotaru-A,Realtime,1474.3470220565796,173.32233304986852,167.0,0.03785828173573963
"CPU:Intel(R) Xeon(R) Gold 6240R,Memory:192002MiB,Cores:96",dnaseq-1,picard-validate-sam,Lotaru-A,Realtime,203.0108642578125,79.52771012329443,37.0,1.1493975708998494
"CPU:Intel(R) Xeon(R) Gold 6240R,Memory:192002MiB,Cores:96",dnaseq-1,picard-validate-sam,Lotaru-A,Realtime,609.9719657897949,109.55184090084238,98.0,0.11787592755961611
"CPU:Intel(R) Xeon(R) Gold 6240R,Memory:192002MiB,Cores:96",dnaseq-1,picard-validate-sam,Lotaru-A,Realtime,405.5044136047363,94.46695808658929,127.0,0.25616568435756465
"CPU:Intel(R) Xeon(R) Gold 6240R,Memory:192002MiB,Cores:96",dnaseq-1,picard-validate-sam,Lotaru-A,Realtime,4590.344056129456,403.2094207869338,904.0,0.5539718796604715
"CPU:Intel(R) Xeon(R) Gold 6240R,Memory:192002MiB,Cores:96",dnaseq-1,picard-validate-sam,Lotaru-A,Realtime,3055.7511615753174,289.99265981655304,554.0,0.47654754545748546
"CPU:Intel(R) Xeon(R) Gold 6240R,Memory:192002MiB,Cores:96",dnaseq-1,picard-validate-sam,OnlineP,Realtime,1729.362572669983,195.62541265273538,176.0,0.11150802643599646
"CPU:Intel(R) Xeon(R) Gold 6240R,Memory:192002MiB,Cores:96",dnaseq-1,picard-validate-sam,OnlineP,Realtime,812.8875761032104,91.95380426786807,152.0,0.39504076139560484
"CPU:Intel(R) Xeon(R) Gold 6240R,Memory:192002MiB,Cores:96",dnaseq-1,picard-validate-sam,OnlineP,Realtime,5613.892818450928,418.8009701953419,845.0,0.5043775500646841
"CPU:Intel(R) Xeon(R) Gold 6240R,Memory:192002MiB,Cores:96",dnaseq-1,picard-validate-sam,OnlineP,Realtime,609.9719657897949,69.0,85.0,0.18823529411764706
"CPU:Intel(R) Xeon(R) Gold 6240R,Memory:192002MiB,Cores:96",dnaseq-1,picard-validate-sam,OnlineP,Realtime,3565.6447715759277,266.0,341.0,0.21994134897360704
"CPU:Intel(R) Xeon(R) Gold 6240R,Memory:192002MiB,Cores:96",dnaseq-1,picard-validate-sam,OnlineP,Realtime,3565.6447715759277,266.0,484.0,0.45041322314049587
"CPU:Intel(R) Xeon(R) Gold 6240R,Memory:192002MiB,Cores:96",dnaseq-1,picard-validate-sam,OnlineP,Realtime,1729.362572669983,195.62541265273538,259.0,0.24468952643731515
"CPU:Intel(R) Xeon(R) Gold 6240R,Memory:192002MiB,Cores:96",dnaseq-1,picard-validate-sam,OnlineP,Realtime,812.8875761032104,91.95380426786807,88.0,0.044929593953046194
"CPU:Intel(R) Xeon(R) Gold 6240R,Memory:192002MiB,Cores:96",dnaseq-1,picard-validate-sam,OnlineP,Realtime,405.5044136047363,110.0,57.0,0.9298245614035088
"CPU:Intel(R) Xeon(R) Gold 6240R,Memory:192002MiB,Cores:96",dnaseq-1,picard-validate-sam,OnlineP,Realtime,203.0108642578125,47.0,45.0,0.044444444444444446
"CPU:Intel(R) Xeon(R) Gold 6240R,Memory:192002MiB,Cores:96",dnaseq-1,picard-validate-sam,OnlineP,Realtime,812.8875761032104,91.95380426786807,108.0,0.14857588640862904
"CPU:Intel(R) Xeon(R) Gold 6240R,Memory:192002MiB,Cores:96",dnaseq-1,picard-validate-sam,OnlineP,Realtime,3055.7511615753174,227.96152198296062,558.0,0.5914668064821494
"CPU:Intel(R) Xeon(R) Gold 6240R,Memory:192002MiB,Cores:96",dnaseq-1,picard-validate-sam,OnlineP,Realtime,1474.3470220565796,166.7780655954959,138.0,0.20853670721373832
"CPU:Intel(R) Xeon(R) Gold 6240R,Memory:192002MiB,Cores:96",dnaseq-1,picard-validate-sam,OnlineP,Realtime,609.9719657897949,69.0,60.0,0.15
"CPU:Intel(R) Xeon(R) Gold 6240R,Memory:192002MiB,Cores:96",dnaseq-1,picard-validate-sam,OnlineP,Realtime,1474.3470220565796,166.7780655954959,167.0,0.0013289485299647376
"CPU:Intel(R) Xeon(R) Gold 6240R,Memory:192002MiB,Cores:96",dnaseq-1,picard-validate-sam,OnlineP,Realtime,203.0108642578125,47.0,37.0,0.2702702702702703
"CPU:Intel(R) Xeon(R) Gold 6240R,Memory:192002MiB,Cores:96",dnaseq-1,picard-validate-sam,OnlineP,Realtime,609.9719657897949,69.0,98.0,0.29591836734693877
"CPU:Intel(R) Xeon(R) Gold 6240R,Memory:192002MiB,Cores:96",dnaseq-1,picard-validate-sam,OnlineP,Realtime,405.5044136047363,110.0,127.0,0.13385826771653545
"CPU:Intel(R) Xeon(R) Gold 6240R,Memory:192002MiB,Cores:96",dnaseq-1,picard-validate-sam,OnlineP,Realtime,4590.344056129456,342.44340004480284,904.0,0.6211909291539791
"CPU:Intel(R) Xeon(R) Gold 6240R,Memory:192002MiB,Cores:96",dnaseq-1,picard-validate-sam,OnlineP,Realtime,3055.7511615753174,227.96152198296062,554.0,0.5885171083340061
"CPU:Intel(R) Xeon(R) Gold 6240R,Memory:192002MiB,Cores:96",dnaseq-1,picard-validate-sam,Naive,Realtime,1729.362572669983,326.2554400554307,176.0,0.8537240912240381
"CPU:Intel(R) Xeon(R) Gold 6240R,Memory:192002MiB,Cores:96",dnaseq-1,picard-validate-sam,Naive,Realtime,812.8875761032104,153.35650143491085,152.0,0.008924351545466143
"CPU:Intel(R) Xeon(R) Gold 6240R,Memory:192002MiB,Cores:96",dnaseq-1,picard-validate-sam,Naive,Realtime,5613.892818450928,1059.097207753235,845.0,0.2533694766310472
"CPU:Intel(R) Xeon(R) Gold 6240R,Memory:192002MiB,Cores:96",dnaseq-1,picard-validate-sam,Naive,Realtime,609.9719657897949,115.0751584804897,85.0,0.3538253938881142
"CPU:Intel(R) Xeon(R) Gold 6240R,Memory:192002MiB,Cores:96",dnaseq-1,picard-validate-sam,Naive,Realtime,3565.6447715759277,672.6819594781681,341.0,0.9726743679711675
"CPU:Intel(R) Xeon(R) Gold 6240R,Memory:192002MiB,Cores:96",dnaseq-1,picard-validate-sam,Naive,Realtime,3565.6447715759277,672.6819594781681,484.0,0.3898387592524134
"CPU:Intel(R) Xeon(R) Gold 6240R,Memory:192002MiB,Cores:96",dnaseq-1,picard-validate-sam,Naive,Realtime,1729.362572669983,326.2554400554307,259.0,0.2596735137275317
"CPU:Intel(R) Xeon(R) Gold 6240R,Memory:192002MiB,Cores:96",dnaseq-1,picard-validate-sam,Naive,Realtime,812.8875761032104,153.35650143491085,88.0,0.7426875163058052
"CPU:Intel(R) Xeon(R) Gold 6240R,Memory:192002MiB,Cores:96",dnaseq-1,picard-validate-sam,Naive,Realtime,405.5044136047363,76.50103164935285,57.0,0.3421233622693483
"CPU:Intel(R) Xeon(R) Gold 6240R,Memory:192002MiB,Cores:96",dnaseq-1,picard-validate-sam,Naive,Realtime,203.0108642578125,38.2993132274208,45.0,0.14890415050176006
"CPU:Intel(R) Xeon(R) Gold 6240R,Memory:192002MiB,Cores:96",dnaseq-1,picard-validate-sam,Naive,Realtime,812.8875761032104,153.35650143491085,108.0,0.4199676058788042
"CPU:Intel(R) Xeon(R) Gold 6240R,Memory:192002MiB,Cores:96",dnaseq-1,picard-validate-sam,Naive,Realtime,3055.7511615753174,576.4872304252762,558.0,0.033131237321283424
"CPU:Intel(R) Xeon(R) Gold 6240R,Memory:192002MiB,Cores:96",dnaseq-1,picard-validate-sam,Naive,Realtime,1474.3470220565796,278.1451062242202,138.0,1.015544248001596
"CPU:Intel(R) Xeon(R) Gold 6240R,Memory:192002MiB,Cores:96",dnaseq-1,picard-validate-sam,Naive,Realtime,609.9719657897949,115.0751584804897,60.0,0.9179193080081618
"CPU:Intel(R) Xeon(R) Gold 6240R,Memory:192002MiB,Cores:96",dnaseq-1,picard-validate-sam,Naive,Realtime,1474.3470220565796,278.1451062242202,167.0,0.6655395582288637
"CPU:Intel(R) Xeon(R) Gold 6240R,Memory:192002MiB,Cores:96",dnaseq-1,picard-validate-sam,Naive,Realtime,203.0108642578125,38.2993132274208,37.0,0.03511657371407558
"CPU:Intel(R) Xeon(R) Gold 6240R,Memory:192002MiB,Cores:96",dnaseq-1,picard-validate-sam,Naive,Realtime,609.9719657897949,115.0751584804897,98.0,0.17423631102540516
"CPU:Intel(R) Xeon(R) Gold 6240R,Memory:192002MiB,Cores:96",dnaseq-1,picard-validate-sam,Naive,Realtime,405.5044136047363,76.50103164935285,127.0,0.39762967205233973
"CPU:Intel(R) Xeon(R) Gold 6240R,Memory:192002MiB,Cores:96",dnaseq-1,picard-validate-sam,Naive,Realtime,4590.344056129456,865.9981103477602,904.0,0.042037488553362624
"CPU:Intel(R) Xeon(R) Gold 6240R,Memory:192002MiB,Cores:96",dnaseq-1,picard-validate-sam,Naive,Realtime,3055.7511615753174,576.4872304252762,554.0,0.040590668637682584
"CPU:Intel(R) Xeon(R) Gold 6240R,Memory:192002MiB,Cores:96",dnaseq-1,picard-validate-sam,Perfect,Realtime,1729.362572669983,176.0,176.0,0.0
"CPU:Intel(R) Xeon(R) Gold 6240R,Memory:192002MiB,Cores:96",dnaseq-1,picard-validate-sam,Perfect,Realtime,812.8875761032104,152.0,152.0,0.0
"CPU:Intel(R) Xeon(R) Gold 6240R,Memory:192002MiB,Cores:96",dnaseq-1,picard-validate-sam,Perfect,Realtime,5613.892818450928,845.0,845.0,0.0
"CPU:Intel(R) Xeon(R) Gold 6240R,Memory:192002MiB,Cores:96",dnaseq-1,picard-validate-sam,Perfect,Realtime,609.9719657897949,85.0,85.0,0.0
"CPU:Intel(R) Xeon(R) Gold 6240R,Memory:192002MiB,Cores:96",dnaseq-1,picard-validate-sam,Perfect,Realtime,3565.6447715759277,341.0,341.0,0.0
"CPU:Intel(R) Xeon(R) Gold 6240R,Memory:192002MiB,Cores:96",dnaseq-1,picard-validate-sam,Perfect,Realtime,3565.6447715759277,484.0,484.0,0.0
"CPU:Intel(R) Xeon(R) Gold 6240R,Memory:192002MiB,Cores:96",dnaseq-1,picard-validate-sam,Perfect,Realtime,1729.362572669983,259.0,259.0,0.0
"CPU:Intel(R) Xeon(R) Gold 6240R,Memory:192002MiB,Cores:96",dnaseq-1,picard-validate-sam,Perfect,Realtime,812.8875761032104,88.0,88.0,0.0
"CPU:Intel(R) Xeon(R) Gold 6240R,Memory:192002MiB,Cores:96",dnaseq-1,picard-validate-sam,Perfect,Realtime,405.5044136047363,57.0,57.0,0.0
"CPU:Intel(R) Xeon(R) Gold 6240R,Memory:192002MiB,Cores:96",dnaseq-1,picard-validate-sam,Perfect,Realtime,203.0108642578125,45.0,45.0,0.0
"CPU:Intel(R) Xeon(R) Gold 6240R,Memory:192002MiB,Cores:96",dnaseq-1,picard-validate-sam,Perfect,Realtime,812.8875761032104,108.0,108.0,0.0
"CPU:Intel(R) Xeon(R) Gold 6240R,Memory:192002MiB,Cores:96",dnaseq-1,picard-validate-sam,Perfect,Realtime,3055.7511615753174,558.0,558.0,0.0
"CPU:Intel(R) Xeon(R) Gold 6240R,Memory:192002MiB,Cores:96",dnaseq-1,picard-validate-sam,Perfect,Realtime,1474.3470220565796,138.0,138.0,0.0
"CPU:Intel(R) Xeon(R) Gold 6240R,Memory:192002MiB,Cores:96",dnaseq-1,picard-validate-sam,Perfect,Realtime,609.9719657897949,60.0,60.0,0.0
"CPU:Intel(R) Xeon(R) Gold 6240R,Memory:192002MiB,Cores:96",dnaseq-1,picard-validate-sam,Perfect,Realtime,1474.3470220565796,167.0,167.0,0.0
"CPU:Intel(R) Xeon(R) Gold 6240R,Memory:192002MiB,Cores:96",dnaseq-1,picard-validate-sam,Perfect,Realtime,203.0108642578125,37.0,37.0,0.0
"CPU:Intel(R) Xeon(R) Gold 6240R,Memory:192002MiB,Cores:96",dnaseq-1,picard-validate-sam,Perfect,Realtime,609.9719657897949,98.0,98.0,0.0
"CPU:Intel(R) Xeon(R) Gold 6240R,Memory:192002MiB,Cores:96",dnaseq-1,picard-validate-sam,Perfect,Realtime,405.5044136047363,127.0,127.0,0.0
"CPU:Intel(R) Xeon(R) Gold 6240R,Memory:192002MiB,Cores:96",dnaseq-1,picard-validate-sam,Perfect,Realtime,4590.344056129456,904.0,904.0,0.0
"CPU:Intel(R) Xeon(R) Gold 6240R,Memory:192002MiB,Cores:96",dnaseq-1,picard-validate-sam,Perfect,Realtime,3055.7511615753174,554.0,554.0,0.0
"CPU:Intel(R) Xeon(R) Gold 6240R,Memory:192002MiB,Cores:96",dnaseq-1,samtools-index-markduplicate,Lotaru-G,Realtime,1474.3470220565796,37.75494914155034,32.0,0.17984216067344816
"CPU:Intel(R) Xeon(R) Gold 6240R,Memory:192002MiB,Cores:96",dnaseq-1,samtools-index-markduplicate,Lotaru-G,Realtime,6639.323947906494,50.31636363785279,39.0,0.29016317020135357
"CPU:Intel(R) Xeon(R) Gold 6240R,Memory:192002MiB,Cores:96",dnaseq-1,samtools-index-markduplicate,Lotaru-G,Realtime,405.5044136047363,35.15548447233241,25.0,0.40621937889329646
"CPU:Intel(R) Xeon(R) Gold 6240R,Memory:192002MiB,Cores:96",dnaseq-1,samtools-index-markduplicate,Lotaru-G,Realtime,405.5044136047363,35.15548447233241,27.0,0.30205498045675594
"CPU:Intel(R) Xeon(R) Gold 6240R,Memory:192002MiB,Cores:96",dnaseq-1,samtools-index-markduplicate,Lotaru-G,Realtime,609.9719657897949,35.652757105088305,40.0,0.10868107237279237
"CPU:Intel(R) Xeon(R) Gold 6240R,Memory:192002MiB,Cores:96",dnaseq-1,samtools-index-markduplicate,Lotaru-G,Realtime,4590.344056129456,45.33316892378056,36.0,0.25925469232723786
"CPU:Intel(R) Xeon(R) Gold 6240R,Memory:192002MiB,Cores:96",dnaseq-1,samtools-index-markduplicate,Lotaru-G,Realtime,5102.182312011719,46.57797845139402,64.0,0.2722190866969685
"CPU:Intel(R) Xeon(R) Gold 6240R,Memory:192002MiB,Cores:96",dnaseq-1,samtools-index-markduplicate,Lotaru-G,Realtime,3565.6447715759277,42.841062447385546,33.0,0.2982140135571378
"CPU:Intel(R) Xeon(R) Gold 6240R,Memory:192002MiB,Cores:96",dnaseq-1,samtools-index-markduplicate,Lotaru-G,Realtime,2545.566870689392,40.36019534662005,37.0,0.09081609044919062
"CPU:Intel(R) Xeon(R) Gold 6240R,Memory:192002MiB,Cores:96",dnaseq-1,samtools-index-markduplicate,Lotaru-G,Realtime,405.5044136047363,35.15548447233241,27.0,0.30205498045675594
"CPU:Intel(R) Xeon(R) Gold 6240R,Memory:192002MiB,Cores:96",dnaseq-1,samtools-index-markduplicate,Lotaru-G,Realtime,203.0108642578125,34.6630126873291,30.0,0.15543375624430336
"CPU:Intel(R) Xeon(R) Gold 6240R,Memory:192002MiB,Cores:96",dnaseq-1,samtools-index-markduplicate,Lotaru-G,Realtime,812.8875761032104,36.146255357938216,29.0,0.24642259854959364
"CPU:Intel(R) Xeon(R) Gold 6240R,Memory:192002MiB,Cores:96",dnaseq-1,samtools-index-markduplicate,Lotaru-G,Realtime,5613.892818450928,47.822477287647395,40.0,0.19556193219118487
"CPU:Intel(R) Xeon(R) Gold 6240R,Memory:192002MiB,Cores:96",dnaseq-1,samtools-index-markduplicate,Lotaru-G,Realtime,1729.362572669983,38.37515637194966,30.0,0.2791718790649886
"CPU:Intel(R) Xeon(R) Gold 6240R,Memory:192002MiB,Cores:96",dnaseq-1,samtools-index-markduplicate,Lotaru-G,Realtime,1474.3470220565796,37.75494914155034,130.0,0.7095773142957666
"CPU:Intel(R) Xeon(R) Gold 6240R,Memory:192002MiB,Cores:96",dnaseq-1,samtools-index-markduplicate,Lotaru-G,Realtime,609.9719657897949,35.652757105088305,27.0,0.3204724853736409
"CPU:Intel(R) Xeon(R) Gold 6240R,Memory:192002MiB,Cores:96",dnaseq-1,samtools-index-markduplicate,Lotaru-G,Realtime,4590.344056129456,45.33316892378056,40.0,0.13332922309451406
"CPU:Intel(R) Xeon(R) Gold 6240R,Memory:192002MiB,Cores:96",dnaseq-1,samtools-index-markduplicate,Lotaru-G,Realtime,5613.892818450928,47.822477287647395,51.0,0.06230436690887461
"CPU:Intel(R) Xeon(R) Gold 6240R,Memory:192002MiB,Cores:96",dnaseq-1,samtools-index-markduplicate,Lotaru-G,Realtime,3055.7511615753174,41.60098237032311,33.0,0.2606358294037306
"CPU:Intel(R) Xeon(R) Gold 6240R,Memory:192002MiB,Cores:96",dnaseq-1,samtools-index-markduplicate,Lotaru-G,Realtime,3055.7511615753174,41.60098237032311,40.0,0.04002455925807773
"CPU:Intel(R) Xeon(R) Gold 6240R,Memory:192002MiB,Cores:96",dnaseq-1,samtools-index-markduplicate,Lotaru-G,Realtime,3055.7511615753174,41.60098237032311,40.0,0.04002455925807773
"CPU:Intel(R) Xeon(R) Gold 6240R,Memory:192002MiB,Cores:96",dnaseq-1,samtools-index-markduplicate,Lotaru-G,Realtime,5613.892818450928,47.822477287647395,108.0,0.5571992843736352
"CPU:Intel(R) Xeon(R) Gold 6240R,Memory:192002MiB,Cores:96",dnaseq-1,samtools-index-markduplicate,Lotaru-G,Realtime,203.0108642578125,34.6630126873291,32.0,0.08321914647903439
"CPU:Intel(R) Xeon(R) Gold 6240R,Memory:192002MiB,Cores:96",dnaseq-1,samtools-index-markduplicate,Lotaru-G,Realtime,1474.3470220565796,37.75494914155034,48.0,0.21343855955103455
"CPU:Intel(R) Xeon(R) Gold 6240R,Memory:192002MiB,Cores:96",dnaseq-1,samtools-index-markduplicate,Lotaru-G,Realtime,405.5044136047363,35.15548447233241,32.0,0.09860888976038784
"CPU:Intel(R) Xeon(R) Gold 6240R,Memory:192002MiB,Cores:96",dnaseq-1,samtools-index-markduplicate,Lotaru-G,Realtime,609.9719657897949,35.652757105088305,26.0,0.3712598886572425
"CPU:Intel(R) Xeon(R) Gold 6240R,Memory:192002MiB,Cores:96",dnaseq-1,samtools-index-markduplicate,Lotaru-G,Realtime,812.8875761032104,36.146255357938216,29.0,0.24642259854959364
"CPU:Intel(R) Xeon(R) Gold 6240R,Memory:192002MiB,Cores:96",dnaseq-1,samtools-index-markduplicate,Lotaru-G,Realtime,1729.362572669983,38.37515637194966,35.0,0.09643303919856164
"CPU:Intel(R) Xeon(R) Gold 6240R,Memory:192002MiB,Cores:96",dnaseq-1,samtools-index-markduplicate,Lotaru-G,Realtime,4590.344056129456,45.33316892378056,37.0,0.22522078172379897
"CPU:Intel(R) Xeon(R) Gold 6240R,Memory:192002MiB,Cores:96",dnaseq-1,samtools-index-markduplicate,Lotaru-A,Realtime,1474.3470220565796,43.37921700994687,32.0,0.3556005315608397
"CPU:Intel(R) Xeon(R) Gold 6240R,Memory:192002MiB,Cores:96",dnaseq-1,samtools-index-markduplicate,Lotaru-A,Realtime,6639.323947906494,57.811876509607394,39.0,0.4823558079386511
"CPU:Intel(R) Xeon(R) Gold 6240R,Memory:192002MiB,Cores:96",dnaseq-1,samtools-index-markduplicate,Lotaru-A,Realtime,405.5044136047363,40.39251607246379,25.0,0.6157006428985516
"CPU:Intel(R) Xeon(R) Gold 6240R,Memory:192002MiB,Cores:96",dnaseq-1,samtools-index-markduplicate,Lotaru-A,Realtime,405.5044136047363,40.39251607246379,27.0,0.4960191137949553
"CPU:Intel(R) Xeon(R) Gold 6240R,Memory:192002MiB,Cores:96",dnaseq-1,samtools-index-markduplicate,Lotaru-A,Realtime,609.9719657897949,40.963866264687624,40.0,0.024096656617190605
"CPU:Intel(R) Xeon(R) Gold 6240R,Memory:192002MiB,Cores:96",dnaseq-1,samtools-index-markduplicate,Lotaru-A,Realtime,4590.344056129456,52.086346749413345,36.0,0.4468429652614818
"CPU:Intel(R) Xeon(R) Gold 6240R,Memory:192002MiB,Cores:96",dnaseq-1,samtools-index-markduplicate,Lotaru-A,Realtime,5102.182312011719,53.516592687023845,64.0,0.16380323926525242
"CPU:Intel(R) Xeon(R) Gold 6240R,Memory:192002MiB,Cores:96",dnaseq-1,samtools-index-markduplicate,Lotaru-A,Realtime,3565.6447715759277,49.222996907618416,33.0,0.4916059668975278
"CPU:Intel(R) Xeon(R) Gold 6240R,Memory:192002MiB,Cores:96",dnaseq-1,samtools-index-markduplicate,Lotaru-A,Realtime,2545.566870689392,46.3725607453695,37.0,0.25331245257755397
"CPU:Intel(R) Xeon(R) Gold 6240R,Memory:192002MiB,Cores:96",dnaseq-1,samtools-index-markduplicate,Lotaru-A,Realtime,405.5044136047363,40.39251607246379,27.0,0.4960191137949553
"CPU:Intel(R) Xeon(R) Gold 6240R,Memory:192002MiB,Cores:96",dnaseq-1,samtools-index-markduplicate,Lotaru-A,Realtime,203.0108642578125,39.82668189923155,30.0,0.3275560633077184
"CPU:Intel(R) Xeon(R) Gold 6240R,Memory:192002MiB,Cores:96",dnaseq-1,samtools-index-markduplicate,Lotaru-A,Realtime,812.8875761032104,41.530879816318816,29.0,0.43209930401099367
"CPU:Intel(R) Xeon(R) Gold 6240R,Memory:192002MiB,Cores:96",dnaseq-1,samtools-index-markduplicate,Lotaru-A,Realtime,5613.892818450928,54.946481650297514,40.0,0.37366204125743785
"CPU:Intel(R) Xeon(R) Gold 6240R,Memory:192002MiB,Cores:96",dnaseq-1,samtools-index-markduplicate,Lotaru-A,Realtime,1729.362572669983,44.091815083851344,30.0,0.46972716946171145
"CPU:Intel(R) Xeon(R) Gold 6240R,Memory:192002MiB,Cores:96",dnaseq-1,samtools-index-markduplicate,Lotaru-A,Realtime,1474.3470220565796,43.37921700994687,130.0,0.666313715308101
"CPU:Intel(R) Xeon(R) Gold 6240R,Memory:192002MiB,Cores:96",dnaseq-1,samtools-index-markduplicate,Lotaru-A,Realtime,609.9719657897949,40.963866264687624,27.0,0.5171802320254676
"CPU:Intel(R) Xeon(R) Gold 6240R,Memory:192002MiB,Cores:96",dnaseq-1,samtools-index-markduplicate,Lotaru-A,Realtime,4590.344056129456,52.086346749413345,40.0,0.3021586687353336
"CPU:Intel(R) Xeon(R) Gold 6240R,Memory:192002MiB,Cores:96",dnaseq-1,samtools-index-markduplicate,Lotaru-A,Realtime,5613.892818450928,54.946481650297514,51.0,0.07738199314308851
"CPU:Intel(R) Xeon(R) Gold 6240R,Memory:192002MiB,Cores:96",dnaseq-1,samtools-index-markduplicate,Lotaru-A,Realtime,3055.7511615753174,47.79818495592116,33.0,0.448429847149126
"CPU:Intel(R) Xeon(R) Gold 6240R,Memory:192002MiB,Cores:96",dnaseq-1,samtools-index-markduplicate,Lotaru-A,Realtime,3055.7511615753174,47.79818495592116,40.0,0.19495462389802895
"CPU:Intel(R) Xeon(R) Gold 6240R,Memory:192002MiB,Cores:96",dnaseq-1,samtools-index-markduplicate,Lotaru-A,Realtime,3055.7511615753174,47.79818495592116,40.0,0.19495462389802895
"CPU:Intel(R) Xeon(R) Gold 6240R,Memory:192002MiB,Cores:96",dnaseq-1,samtools-index-markduplicate,Lotaru-A,Realtime,5613.892818450928,54.946481650297514,108.0,0.4912362810157638
"CPU:Intel(R) Xeon(R) Gold 6240R,Memory:192002MiB,Cores:96",dnaseq-1,samtools-index-markduplicate,Lotaru-A,Realtime,203.0108642578125,39.82668189923155,32.0,0.244583809350986
"CPU:Intel(R) Xeon(R) Gold 6240R,Memory:192002MiB,Cores:96",dnaseq-1,samtools-index-markduplicate,Lotaru-A,Realtime,1474.3470220565796,43.37921700994687,48.0,0.09626631229277353
"CPU:Intel(R) Xeon(R) Gold 6240R,Memory:192002MiB,Cores:96",dnaseq-1,samtools-index-markduplicate,Lotaru-A,Realtime,405.5044136047363,40.39251607246379,32.0,0.2622661272644935
"CPU:Intel(R) Xeon(R) Gold 6240R,Memory:192002MiB,Cores:96",dnaseq-1,samtools-index-markduplicate,Lotaru-A,Realtime,609.9719657897949,40.963866264687624,26.0,0.575533317872601
"CPU:Intel(R) Xeon(R) Gold 6240R,Memory:192002MiB,Cores:96",dnaseq-1,samtools-index-markduplicate,Lotaru-A,Realtime,812.8875761032104,41.530879816318816,29.0,0.43209930401099367
"CPU:Intel(R) Xeon(R) Gold 6240R,Memory:192002MiB,Cores:96",dnaseq-1,samtools-index-markduplicate,Lotaru-A,Realtime,1729.362572669983,44.091815083851344,35.0,0.25976614525289554
"CPU:Intel(R) Xeon(R) Gold 6240R,Memory:192002MiB,Cores:96",dnaseq-1,samtools-index-markduplicate,Lotaru-A,Realtime,4590.344056129456,52.086346749413345,37.0,0.4077391013354958
"CPU:Intel(R) Xeon(R) Gold 6240R,Memory:192002MiB,Cores:96",dnaseq-1,samtools-index-markduplicate,OnlineP,Realtime,1474.3470220565796,32.5,32.0,0.015625
"CPU:Intel(R) Xeon(R) Gold 6240R,Memory:192002MiB,Cores:96",dnaseq-1,samtools-index-markduplicate,OnlineP,Realtime,6639.323947906494,32.5,39.0,0.16666666666666666
"CPU:Intel(R) Xeon(R) Gold 6240R,Memory:192002MiB,Cores:96",dnaseq-1,samtools-index-markduplicate,OnlineP,Realtime,405.5044136047363,32.5,25.0,0.3
"CPU:Intel(R) Xeon(R) Gold 6240R,Memory:192002MiB,Cores:96",dnaseq-1,samtools-index-markduplicate,OnlineP,Realtime,405.5044136047363,32.5,27.0,0.2037037037037037
"CPU:Intel(R) Xeon(R) Gold 6240R,Memory:192002MiB,Cores:96",dnaseq-1,samtools-index-markduplicate,OnlineP,Realtime,609.9719657897949,32.5,40.0,0.1875
"CPU:Intel(R) Xeon(R) Gold 6240R,Memory:192002MiB,Cores:96",dnaseq-1,samtools-index-markduplicate,OnlineP,Realtime,4590.344056129456,32.5,36.0,0.09722222222222222
"CPU:Intel(R) Xeon(R) Gold 6240R,Memory:192002MiB,Cores:96",dnaseq-1,samtools-index-markduplicate,OnlineP,Realtime,5102.182312011719,32.5,64.0,0.4921875
"CPU:Intel(R) Xeon(R) Gold 6240R,Memory:192002MiB,Cores:96",dnaseq-1,samtools-index-markduplicate,OnlineP,Realtime,3565.6447715759277,32.5,33.0,0.015151515151515152
"CPU:Intel(R) Xeon(R) Gold 6240R,Memory:192002MiB,Cores:96",dnaseq-1,samtools-index-markduplicate,OnlineP,Realtime,2545.566870689392,32.5,37.0,0.12162162162162163
"CPU:Intel(R) Xeon(R) Gold 6240R,Memory:192002MiB,Cores:96",dnaseq-1,samtools-index-markduplicate,OnlineP,Realtime,405.5044136047363,32.5,27.0,0.2037037037037037
"CPU:Intel(R) Xeon(R) Gold 6240R,Memory:192002MiB,Cores:96",dnaseq-1,samtools-index-markduplicate,OnlineP,Realtime,203.0108642578125,32.5,30.0,0.08333333333333333
"CPU:Intel(R) Xeon(R) Gold 6240R,Memory:192002MiB,Cores:96",dnaseq-1,samtools-index-markduplicate,OnlineP,Realtime,812.8875761032104,32.5,29.0,0.1206896551724138
"CPU:Intel(R) Xeon(R) Gold 6240R,Memory:192002MiB,Cores:96",dnaseq-1,samtools-index-markduplicate,OnlineP,Realtime,5613.892818450928,32.5,40.0,0.1875
"CPU:Intel(R) Xeon(R) Gold 6240R,Memory:192002MiB,Cores:96",dnaseq-1,samtools-index-markduplicate,OnlineP,Realtime,1729.362572669983,32.5,30.0,0.08333333333333333
"CPU:Intel(R) Xeon(R) Gold 6240R,Memory:192002MiB,Cores:96",dnaseq-1,samtools-index-markduplicate,OnlineP,Realtime,1474.3470220565796,32.5,130.0,0.75
"CPU:Intel(R) Xeon(R) Gold 6240R,Memory:192002MiB,Cores:96",dnaseq-1,samtools-index-markduplicate,OnlineP,Realtime,609.9719657897949,32.5,27.0,0.2037037037037037
"CPU:Intel(R) Xeon(R) Gold 6240R,Memory:192002MiB,Cores:96",dnaseq-1,samtools-index-markduplicate,OnlineP,Realtime,4590.344056129456,32.5,40.0,0.1875
"CPU:Intel(R) Xeon(R) Gold 6240R,Memory:192002MiB,Cores:96",dnaseq-1,samtools-index-markduplicate,OnlineP,Realtime,5613.892818450928,32.5,51.0,0.3627450980392157
"CPU:Intel(R) Xeon(R) Gold 6240R,Memory:192002MiB,Cores:96",dnaseq-1,samtools-index-markduplicate,OnlineP,Realtime,3055.7511615753174,32.5,33.0,0.015151515151515152
"CPU:Intel(R) Xeon(R) Gold 6240R,Memory:192002MiB,Cores:96",dnaseq-1,samtools-index-markduplicate,OnlineP,Realtime,3055.7511615753174,32.5,40.0,0.1875
"CPU:Intel(R) Xeon(R) Gold 6240R,Memory:192002MiB,Cores:96",dnaseq-1,samtools-index-markduplicate,OnlineP,Realtime,3055.7511615753174,32.5,40.0,0.1875
"CPU:Intel(R) Xeon(R) Gold 6240R,Memory:192002MiB,Cores:96",dnaseq-1,samtools-index-markduplicate,OnlineP,Realtime,5613.892818450928,32.5,108.0,0.6990740740740741
"CPU:Intel(R) Xeon(R) Gold 6240R,Memory:192002MiB,Cores:96",dnaseq-1,samtools-index-markduplicate,OnlineP,Realtime,203.0108642578125,32.5,32.0,0.015625
"CPU:Intel(R) Xeon(R) Gold 6240R,Memory:192002MiB,Cores:96",dnaseq-1,samtools-index-markduplicate,OnlineP,Realtime,1474.3470220565796,32.5,48.0,0.3229166666666667
"CPU:Intel(R) Xeon(R) Gold 6240R,Memory:192002MiB,Cores:96",dnaseq-1,samtools-index-markduplicate,OnlineP,Realtime,405.5044136047363,32.5,32.0,0.015625
"CPU:Intel(R) Xeon(R) Gold 6240R,Memory:192002MiB,Cores:96",dnaseq-1,samtools-index-markduplicate,OnlineP,Realtime,609.9719657897949,32.5,26.0,0.25
"CPU:Intel(R) Xeon(R) Gold 6240R,Memory:192002MiB,Cores:96",dnaseq-1,samtools-index-markduplicate,OnlineP,Realtime,812.8875761032104,32.5,29.0,0.1206896551724138
"CPU:Intel(R) Xeon(R) Gold 6240R,Memory:192002MiB,Cores:96",dnaseq-1,samtools-index-markduplicate,OnlineP,Realtime,1729.362572669983,32.5,35.0,0.07142857142857142
"CPU:Intel(R) Xeon(R) Gold 6240R,Memory:192002MiB,Cores:96",dnaseq-1,samtools-index-markduplicate,OnlineP,Realtime,4590.344056129456,32.5,37.0,0.12162162162162163
"CPU:Intel(R) Xeon(R) Gold 6240R,Memory:192002MiB,Cores:96",dnaseq-1,samtools-index-markduplicate,Naive,Realtime,1474.3470220565796,73.40869093317606,32.0,1.294021591661752
"CPU:Intel(R) Xeon(R) Gold 6240R,Memory:192002MiB,Cores:96",dnaseq-1,samtools-index-markduplicate,Naive,Realtime,6639.323947906494,330.576229616041,39.0,7.476313579898488
"CPU:Intel(R) Xeon(R) Gold 6240R,Memory:192002MiB,Cores:96",dnaseq-1,samtools-index-markduplicate,Naive,Realtime,405.5044136047363,20.19032678536283,25.0,0.19238692858548676
"CPU:Intel(R) Xeon(R) Gold 6240R,Memory:192002MiB,Cores:96",dnaseq-1,samtools-index-markduplicate,Naive,Realtime,405.5044136047363,20.19032678536283,27.0,0.2522101190606359
"CPU:Intel(R) Xeon(R) Gold 6240R,Memory:192002MiB,Cores:96",dnaseq-1,samtools-index-markduplicate,Naive,Realtime,609.9719657897949,30.37089833308357,40.0,0.24072754167291074
"CPU:Intel(R) Xeon(R) Gold 6240R,Memory:192002MiB,Cores:96",dnaseq-1,samtools-index-markduplicate,Naive,Realtime,4590.344056129456,228.55619677876447,36.0,5.348783243854569
"CPU:Intel(R) Xeon(R) Gold 6240R,Memory:192002MiB,Cores:96",dnaseq-1,samtools-index-markduplicate,Naive,Realtime,5102.182312011719,254.04095428275122,64.0,2.9693899106679877
"CPU:Intel(R) Xeon(R) Gold 6240R,Memory:192002MiB,Cores:96",dnaseq-1,samtools-index-markduplicate,Naive,Realtime,3565.6447715759277,177.53575725272333,33.0,4.379871431900707
"CPU:Intel(R) Xeon(R) Gold 6240R,Memory:192002MiB,Cores:96",dnaseq-1,samtools-index-markduplicate,Naive,Realtime,2545.566870689392,126.74541940574322,37.0,2.425551875830898
"CPU:Intel(R) Xeon(R) Gold 6240R,Memory:192002MiB,Cores:96",dnaseq-1,samtools-index-markduplicate,Naive,Realtime,405.5044136047363,20.19032678536283,27.0,0.2522101190606359
"CPU:Intel(R) Xeon(R) Gold 6240R,Memory:192002MiB,Cores:96",dnaseq-1,samtools-index-markduplicate,Naive,Realtime,203.0108642578125,10.108042114529267,30.0,0.6630652628490243
"CPU:Intel(R) Xeon(R) Gold 6240R,Memory:192002MiB,Cores:96",dnaseq-1,samtools-index-markduplicate,Naive,Realtime,812.8875761032104,40.474197692169376,29.0,0.3956619893851509
"CPU:Intel(R) Xeon(R) Gold 6240R,Memory:192002MiB,Cores:96",dnaseq-1,samtools-index-markduplicate,Naive,Realtime,5613.892818450928,279.51935105941817,40.0,5.987983776485454
"CPU:Intel(R) Xeon(R) Gold 6240R,Memory:192002MiB,Cores:96",dnaseq-1,samtools-index-markduplicate,Naive,Realtime,1729.362572669983,86.10607998614125,30.0,1.8702026662047084
"CPU:Intel(R) Xeon(R) Gold 6240R,Memory:192002MiB,Cores:96",dnaseq-1,samtools-index-markduplicate,Naive,Realtime,1474.3470220565796,73.40869093317606,130.0,0.43531776205249184
"CPU:Intel(R) Xeon(R) Gold 6240R,Memory:192002MiB,Cores:96",dnaseq-1,samtools-index-markduplicate,Naive,Realtime,609.9719657897949,30.37089833308357,27.0,0.12484808641050259
"CPU:Intel(R) Xeon(R) Gold 6240R,Memory:192002MiB,Cores:96",dnaseq-1,samtools-index-markduplicate,Naive,Realtime,4590.344056129456,228.55619677876447,40.0,4.713904919469112
"CPU:Intel(R) Xeon(R) Gold 6240R,Memory:192002MiB,Cores:96",dnaseq-1,samtools-index-markduplicate,Naive,Realtime,5613.892818450928,279.51935105941817,51.0,4.480771589400356
"CPU:Intel(R) Xeon(R) Gold 6240R,Memory:192002MiB,Cores:96",dnaseq-1,samtools-index-markduplicate,Naive,Realtime,3055.7511615753174,152.1478249237904,33.0,3.61054014920577
"CPU:Intel(R) Xeon(R) Gold 6240R,Memory:192002MiB,Cores:96",dnaseq-1,samtools-index-markduplicate,Naive,Realtime,3055.7511615753174,152.1478249237904,40.0,2.80369562309476
"CPU:Intel(R) Xeon(R) Gold 6240R,Memory:192002MiB,Cores:96",dnaseq-1,samtools-index-markduplicate,Naive,Realtime,3055.7511615753174,152.1478249237904,40.0,2.80369562309476
"CPU:Intel(R) Xeon(R) Gold 6240R,Memory:192002MiB,Cores:96",dnaseq-1,samtools-index-markduplicate,Naive,Realtime,5613.892818450928,279.51935105941817,108.0,1.5881421394390571
"CPU:Intel(R) Xeon(R) Gold 6240R,Memory:192002MiB,Cores:96",dnaseq-1,samtools-index-markduplicate,Naive,Realtime,203.0108642578125,10.108042114529267,32.0,0.6841236839209603
"CPU:Intel(R) Xeon(R) Gold 6240R,Memory:192002MiB,Cores:96",dnaseq-1,samtools-index-markduplicate,Naive,Realtime,1474.3470220565796,73.40869093317606,48.0,0.5293477277745012
"CPU:Intel(R) Xeon(R) Gold 6240R,Memory:192002MiB,Cores:96",dnaseq-1,samtools-index-markduplicate,Naive,Realtime,405.5044136047363,20.19032678536283,32.0,0.3690522879574115
"CPU:Intel(R) Xeon(R) Gold 6240R,Memory:192002MiB,Cores:96",dnaseq-1,samtools-index-markduplicate,Naive,Realtime,609.9719657897949,30.37089833308357,26.0,0.16811147434936807
"CPU:Intel(R) Xeon(R) Gold 6240R,Memory:192002MiB,Cores:96",dnaseq-1,samtools-index-markduplicate,Naive,Realtime,812.8875761032104,40.474197692169376,29.0,0.3956619893851509
"CPU:Intel(R) Xeon(R) Gold 6240R,Memory:192002MiB,Cores:96",dnaseq-1,samtools-index-markduplicate,Naive,Realtime,1729.362572669983,86.10607998614125,35.0,1.4601737138897501
"CPU:Intel(R) Xeon(R) Gold 6240R,Memory:192002MiB,Cores:96",dnaseq-1,samtools-index-markduplicate,Naive,Realtime,4590.344056129456,228.55619677876447,37.0,5.177194507534175
"CPU:Intel(R) Xeon(R) Gold 6240R,Memory:192002MiB,Cores:96",dnaseq-1,samtools-index-markduplicate,Perfect,Realtime,1474.3470220565796,32.0,32.0,0.0
"CPU:Intel(R) Xeon(R) Gold 6240R,Memory:192002MiB,Cores:96",dnaseq-1,samtools-index-markduplicate,Perfect,Realtime,6639.323947906494,39.0,39.0,0.0
"CPU:Intel(R) Xeon(R) Gold 6240R,Memory:192002MiB,Cores:96",dnaseq-1,samtools-index-markduplicate,Perfect,Realtime,405.5044136047363,25.0,25.0,0.0
"CPU:Intel(R) Xeon(R) Gold 6240R,Memory:192002MiB,Cores:96",dnaseq-1,samtools-index-markduplicate,Perfect,Realtime,405.5044136047363,27.0,27.0,0.0
"CPU:Intel(R) Xeon(R) Gold 6240R,Memory:192002MiB,Cores:96",dnaseq-1,samtools-index-markduplicate,Perfect,Realtime,609.9719657897949,40.0,40.0,0.0
"CPU:Intel(R) Xeon(R) Gold 6240R,Memory:192002MiB,Cores:96",dnaseq-1,samtools-index-markduplicate,Perfect,Realtime,4590.344056129456,36.0,36.0,0.0
"CPU:Intel(R) Xeon(R) Gold 6240R,Memory:192002MiB,Cores:96",dnaseq-1,samtools-index-markduplicate,Perfect,Realtime,5102.182312011719,64.0,64.0,0.0
"CPU:Intel(R) Xeon(R) Gold 6240R,Memory:192002MiB,Cores:96",dnaseq-1,samtools-index-markduplicate,Perfect,Realtime,3565.6447715759277,33.0,33.0,0.0
"CPU:Intel(R) Xeon(R) Gold 6240R,Memory:192002MiB,Cores:96",dnaseq-1,samtools-index-markduplicate,Perfect,Realtime,2545.566870689392,37.0,37.0,0.0
"CPU:Intel(R) Xeon(R) Gold 6240R,Memory:192002MiB,Cores:96",dnaseq-1,samtools-index-markduplicate,Perfect,Realtime,405.5044136047363,27.0,27.0,0.0
"CPU:Intel(R) Xeon(R) Gold 6240R,Memory:192002MiB,Cores:96",dnaseq-1,samtools-index-markduplicate,Perfect,Realtime,203.0108642578125,30.0,30.0,0.0
"CPU:Intel(R) Xeon(R) Gold 6240R,Memory:192002MiB,Cores:96",dnaseq-1,samtools-index-markduplicate,Perfect,Realtime,812.8875761032104,29.0,29.0,0.0
"CPU:Intel(R) Xeon(R) Gold 6240R,Memory:192002MiB,Cores:96",dnaseq-1,samtools-index-markduplicate,Perfect,Realtime,5613.892818450928,40.0,40.0,0.0
"CPU:Intel(R) Xeon(R) Gold 6240R,Memory:192002MiB,Cores:96",dnaseq-1,samtools-index-markduplicate,Perfect,Realtime,1729.362572669983,30.0,30.0,0.0
"CPU:Intel(R) Xeon(R) Gold 6240R,Memory:192002MiB,Cores:96",dnaseq-1,samtools-index-markduplicate,Perfect,Realtime,1474.3470220565796,130.0,130.0,0.0
"CPU:Intel(R) Xeon(R) Gold 6240R,Memory:192002MiB,Cores:96",dnaseq-1,samtools-index-markduplicate,Perfect,Realtime,609.9719657897949,27.0,27.0,0.0
"CPU:Intel(R) Xeon(R) Gold 6240R,Memory:192002MiB,Cores:96",dnaseq-1,samtools-index-markduplicate,Perfect,Realtime,4590.344056129456,40.0,40.0,0.0
"CPU:Intel(R) Xeon(R) Gold 6240R,Memory:192002MiB,Cores:96",dnaseq-1,samtools-index-markduplicate,Perfect,Realtime,5613.892818450928,51.0,51.0,0.0
"CPU:Intel(R) Xeon(R) Gold 6240R,Memory:192002MiB,Cores:96",dnaseq-1,samtools-index-markduplicate,Perfect,Realtime,3055.7511615753174,33.0,33.0,0.0
"CPU:Intel(R) Xeon(R) Gold 6240R,Memory:192002MiB,Cores:96",dnaseq-1,samtools-index-markduplicate,Perfect,Realtime,3055.7511615753174,40.0,40.0,0.0
"CPU:Intel(R) Xeon(R) Gold 6240R,Memory:192002MiB,Cores:96",dnaseq-1,samtools-index-markduplicate,Perfect,Realtime,3055.7511615753174,40.0,40.0,0.0
"CPU:Intel(R) Xeon(R) Gold 6240R,Memory:192002MiB,Cores:96",dnaseq-1,samtools-index-markduplicate,Perfect,Realtime,5613.892818450928,108.0,108.0,0.0
"CPU:Intel(R) Xeon(R) Gold 6240R,Memory:192002MiB,Cores:96",dnaseq-1,samtools-index-markduplicate,Perfect,Realtime,203.0108642578125,32.0,32.0,0.0
"CPU:Intel(R) Xeon(R) Gold 6240R,Memory:192002MiB,Cores:96",dnaseq-1,samtools-index-markduplicate,Perfect,Realtime,1474.3470220565796,48.0,48.0,0.0
"CPU:Intel(R) Xeon(R) Gold 6240R,Memory:192002MiB,Cores:96",dnaseq-1,samtools-index-markduplicate,Perfect,Realtime,405.5044136047363,32.0,32.0,0.0
"CPU:Intel(R) Xeon(R) Gold 6240R,Memory:192002MiB,Cores:96",dnaseq-1,samtools-index-markduplicate,Perfect,Realtime,609.9719657897949,26.0,26.0,0.0
"CPU:Intel(R) Xeon(R) Gold 6240R,Memory:192002MiB,Cores:96",dnaseq-1,samtools-index-markduplicate,Perfect,Realtime,812.8875761032104,29.0,29.0,0.0
"CPU:Intel(R) Xeon(R) Gold 6240R,Memory:192002MiB,Cores:96",dnaseq-1,samtools-index-markduplicate,Perfect,Realtime,1729.362572669983,35.0,35.0,0.0
"CPU:Intel(R) Xeon(R) Gold 6240R,Memory:192002MiB,Cores:96",dnaseq-1,samtools-index-markduplicate,Perfect,Realtime,4590.344056129456,37.0,37.0,0.0
"CPU:Intel(R) Xeon(R) Gold 6240R,Memory:192002MiB,Cores:96",dnaseq-1,samtools-sort-markduplicate,Lotaru-G,Realtime,4590.344056129456,234.5952514870095,237.0,0.010146618198272127
"CPU:Intel(R) Xeon(R) Gold 6240R,Memory:192002MiB,Cores:96",dnaseq-1,samtools-sort-markduplicate,Lotaru-G,Realtime,609.9719657897949,77.14528648286517,44.0,0.753301965519663
"CPU:Intel(R) Xeon(R) Gold 6240R,Memory:192002MiB,Cores:96",dnaseq-1,samtools-sort-markduplicate,Lotaru-G,Realtime,405.5044136047363,69.05724641893404,36.0,0.9182568449703901
"CPU:Intel(R) Xeon(R) Gold 6240R,Memory:192002MiB,Cores:96",dnaseq-1,samtools-sort-markduplicate,Lotaru-G,Realtime,5102.182312011719,254.84182985892437,205.0,0.24313087736060668
"CPU:Intel(R) Xeon(R) Gold 6240R,Memory:192002MiB,Cores:96",dnaseq-1,samtools-sort-markduplicate,Lotaru-G,Realtime,3055.7511615753174,173.89198253143326,201.0,0.1348657585500833
"CPU:Intel(R) Xeon(R) Gold 6240R,Memory:192002MiB,Cores:96",dnaseq-1,samtools-sort-markduplicate,Lotaru-G,Realtime,3565.6447715759277,194.06163733463086,149.0,0.30242709620557623
"CPU:Intel(R) Xeon(R) Gold 6240R,Memory:192002MiB,Cores:96",dnaseq-1,samtools-sort-markduplicate,Lotaru-G,Realtime,1474.3470220565796,111.33702013760673,103.0,0.08094194308356047
"CPU:Intel(R) Xeon(R) Gold 6240R,Memory:192002MiB,Cores:96",dnaseq-1,samtools-sort-markduplicate,Lotaru-G,Realtime,1729.362572669983,121.42456688155112,100.0,0.21424566881551116
"CPU:Intel(R) Xeon(R) Gold 6240R,Memory:192002MiB,Cores:96",dnaseq-1,samtools-sort-markduplicate,Lotaru-G,Realtime,5613.892818450928,275.0833548979142,279.0,0.014038154487762706
"CPU:Intel(R) Xeon(R) Gold 6240R,Memory:192002MiB,Cores:96",dnaseq-1,samtools-sort-markduplicate,Lotaru-G,Realtime,609.9719657897949,77.14528648286517,55.0,0.40264157241573045
"CPU:Intel(R) Xeon(R) Gold 6240R,Memory:192002MiB,Cores:96",dnaseq-1,samtools-sort-markduplicate,Lotaru-G,Realtime,4590.344056129456,234.5952514870095,203.0,0.15564163294093353
"CPU:Intel(R) Xeon(R) Gold 6240R,Memory:192002MiB,Cores:96",dnaseq-1,samtools-sort-markduplicate,Lotaru-G,Realtime,4590.344056129456,234.5952514870095,213.0,0.10138615721600706
"CPU:Intel(R) Xeon(R) Gold 6240R,Memory:192002MiB,Cores:96",dnaseq-1,samtools-sort-markduplicate,Lotaru-G,Realtime,203.0108642578125,61.047291184945486,33.0,0.8499179146953177
"CPU:Intel(R) Xeon(R) Gold 6240R,Memory:192002MiB,Cores:96",dnaseq-1,samtools-sort-markduplicate,Lotaru-G,Realtime,5102.182312011719,254.84182985892437,235.0,0.08443331854861434
"CPU:Intel(R) Xeon(R) Gold 6240R,Memory:192002MiB,Cores:96",dnaseq-1,samtools-sort-markduplicate,Lotaru-G,Realtime,609.9719657897949,77.14528648286517,52.0,0.48356320159356103
"CPU:Intel(R) Xeon(R) Gold 6240R,Memory:192002MiB,Cores:96",dnaseq-1,samtools-sort-markduplicate,Lotaru-G,Realtime,3565.6447715759277,194.06163733463086,163.0,0.19056219223699913
"CPU:Intel(R) Xeon(R) Gold 6240R,Memory:192002MiB,Cores:96",dnaseq-1,samtools-sort-markduplicate,Lotaru-G,Realtime,2545.566870689392,153.71082938230688,198.0,0.22368267988733898
"CPU:Intel(R) Xeon(R) Gold 6240R,Memory:192002MiB,Cores:96",dnaseq-1,samtools-sort-markduplicate,Lotaru-G,Realtime,3565.6447715759277,194.06163733463086,159.0,0.22051344235616893
"CPU:Intel(R) Xeon(R) Gold 6240R,Memory:192002MiB,Cores:96",dnaseq-1,samtools-sort-markduplicate,Lotaru-G,Realtime,6639.323947906494,315.6459183423688,289.0,0.09220040948916546
"CPU:Intel(R) Xeon(R) Gold 6240R,Memory:192002MiB,Cores:96",dnaseq-1,samtools-sort-markduplicate,Lotaru-G,Realtime,1474.3470220565796,111.33702013760673,121.0,0.07985933770572952
"CPU:Intel(R) Xeon(R) Gold 6240R,Memory:192002MiB,Cores:96",dnaseq-1,samtools-sort-markduplicate,Lotaru-G,Realtime,609.9719657897949,77.14528648286517,59.0,0.30754722852313854
"CPU:Intel(R) Xeon(R) Gold 6240R,Memory:192002MiB,Cores:96",dnaseq-1,samtools-sort-markduplicate,Lotaru-G,Realtime,1474.3470220565796,111.33702013760673,95.0,0.17196863302743925
"CPU:Intel(R) Xeon(R) Gold 6240R,Memory:192002MiB,Cores:96",dnaseq-1,samtools-sort-markduplicate,Lotaru-A,Realtime,4590.344056129456,274.5338914024484,237.0,0.15837084979936022
"CPU:Intel(R) Xeon(R) Gold 6240R,Memory:192002MiB,Cores:96",dnaseq-1,samtools-sort-markduplicate,Lotaru-A,Realtime,609.9719657897949,90.27887635087296,44.0,1.0517926443380219
"CPU:Intel(R) Xeon(R) Gold 6240R,Memory:192002MiB,Cores:96",dnaseq-1,samtools-sort-markduplicate,Lotaru-A,Realtime,405.5044136047363,80.81388889483796,36.0,1.2448302470788322
"CPU:Intel(R) Xeon(R) Gold 6240R,Memory:192002MiB,Cores:96",dnaseq-1,samtools-sort-markduplicate,Lotaru-A,Realtime,5102.182312011719,298.22734603460333,205.0,0.45476754163221134
"CPU:Intel(R) Xeon(R) Gold 6240R,Memory:192002MiB,Cores:96",dnaseq-1,samtools-sort-markduplicate,Lotaru-A,Realtime,3055.7511615753174,203.49620184313267,201.0,0.01241891464245108
"CPU:Intel(R) Xeon(R) Gold 6240R,Memory:192002MiB,Cores:96",dnaseq-1,samtools-sort-markduplicate,Lotaru-A,Realtime,3565.6447715759277,227.0996370630162,149.0,0.52415863800682
"CPU:Intel(R) Xeon(R) Gold 6240R,Memory:192002MiB,Cores:96",dnaseq-1,samtools-sort-markduplicate,Lotaru-A,Realtime,1474.3470220565796,130.29157752249938,103.0,0.26496677206310076
"CPU:Intel(R) Xeon(R) Gold 6240R,Memory:192002MiB,Cores:96",dnaseq-1,samtools-sort-markduplicate,Lotaru-A,Realtime,1729.362572669983,142.09647742889197,100.0,0.4209647742889197
"CPU:Intel(R) Xeon(R) Gold 6240R,Memory:192002MiB,Cores:96",dnaseq-1,samtools-sort-markduplicate,Lotaru-A,Realtime,5613.892818450928,321.914887029787,279.0,0.15381679938991755
"CPU:Intel(R) Xeon(R) Gold 6240R,Memory:192002MiB,Cores:96",dnaseq-1,samtools-sort-markduplicate,Lotaru-A,Realtime,609.9719657897949,90.27887635087296,55.0,0.6414341154704175
"CPU:Intel(R) Xeon(R) Gold 6240R,Memory:192002MiB,Cores:96",dnaseq-1,samtools-sort-markduplicate,Lotaru-A,Realtime,4590.344056129456,274.5338914024484,203.0,0.35238370148989345
"CPU:Intel(R) Xeon(R) Gold 6240R,Memory:192002MiB,Cores:96",dnaseq-1,samtools-sort-markduplicate,Lotaru-A,Realtime,4590.344056129456,274.5338914024484,213.0,0.28889150893168253
"CPU:Intel(R) Xeon(R) Gold 6240R,Memory:192002MiB,Cores:96",dnaseq-1,samtools-sort-markduplicate,Lotaru-A,Realtime,203.0108642578125,71.440279811075,33.0,1.1648569639719697
"CPU:Intel(R) Xeon(R) Gold 6240R,Memory:192002MiB,Cores:96",dnaseq-1,samtools-sort-markduplicate,Lotaru-A,Realtime,5102.182312011719,298.22734603460333,235.0,0.26905253631746096
"CPU:Intel(R) Xeon(R) Gold 6240R,Memory:192002MiB,Cores:96",dnaseq-1,samtools-sort-markduplicate,Lotaru-A,Realtime,609.9719657897949,90.27887635087296,52.0,0.7361322375167878
"CPU:Intel(R) Xeon(R) Gold 6240R,Memory:192002MiB,Cores:96",dnaseq-1,samtools-sort-markduplicate,Lotaru-A,Realtime,3565.6447715759277,227.0996370630162,163.0,0.39324930713506867
"CPU:Intel(R) Xeon(R) Gold 6240R,Memory:192002MiB,Cores:96",dnaseq-1,samtools-sort-markduplicate,Lotaru-A,Realtime,2545.566870689392,179.87931074282307,198.0,0.09151863261200471
"CPU:Intel(R) Xeon(R) Gold 6240R,Memory:192002MiB,Cores:96",dnaseq-1,samtools-sort-markduplicate,Lotaru-A,Realtime,3565.6447715759277,227.0996370630162,159.0,0.42829960416991314
"CPU:Intel(R) Xeon(R) Gold 6240R,Memory:192002MiB,Cores:96",dnaseq-1,samtools-sort-markduplicate,Lotaru-A,Realtime,6639.323947906494,369.3830191299863,289.0,0.27814193470583487
"CPU:Intel(R) Xeon(R) Gold 6240R,Memory:192002MiB,Cores:96",dnaseq-1,samtools-sort-markduplicate,Lotaru-A,Realtime,1474.3470220565796,130.29157752249938,121.0,0.07678989688016018
"CPU:Intel(R) Xeon(R) Gold 6240R,Memory:192002MiB,Cores:96",dnaseq-1,samtools-sort-markduplicate,Lotaru-A,Realtime,609.9719657897949,90.27887635087296,59.0,0.5301504466249655
"CPU:Intel(R) Xeon(R) Gold 6240R,Memory:192002MiB,Cores:96",dnaseq-1,samtools-sort-markduplicate,Lotaru-A,Realtime,1474.3470220565796,130.29157752249938,95.0,0.3714902897105198
"CPU:Intel(R) Xeon(R) Gold 6240R,Memory:192002MiB,Cores:96",dnaseq-1,samtools-sort-markduplicate,OnlineP,Realtime,4590.344056129456,207.0,237.0,0.12658227848101267
"CPU:Intel(R) Xeon(R) Gold 6240R,Memory:192002MiB,Cores:96",dnaseq-1,samtools-sort-markduplicate,OnlineP,Realtime,609.9719657897949,43.52185352051216,44.0,0.010866965442905462
"CPU:Intel(R) Xeon(R) Gold 6240R,Memory:192002MiB,Cores:96",dnaseq-1,samtools-sort-markduplicate,OnlineP,Realtime,405.5044136047363,101.0,36.0,1.8055555555555556
"CPU:Intel(R) Xeon(R) Gold 6240R,Memory:192002MiB,Cores:96",dnaseq-1,samtools-sort-markduplicate,OnlineP,Realtime,5102.182312011719,230.08117162288818,205.0,0.12234717864823501
"CPU:Intel(R) Xeon(R) Gold 6240R,Memory:192002MiB,Cores:96",dnaseq-1,samtools-sort-markduplicate,OnlineP,Realtime,3055.7511615753174,137.11971247095374,201.0,0.3178123757663993
"CPU:Intel(R) Xeon(R) Gold 6240R,Memory:192002MiB,Cores:96",dnaseq-1,samtools-sort-markduplicate,OnlineP,Realtime,3565.6447715759277,160.0,149.0,0.0738255033557047
"CPU:Intel(R) Xeon(R) Gold 6240R,Memory:192002MiB,Cores:96",dnaseq-1,samtools-sort-markduplicate,OnlineP,Realtime,1474.3470220565796,105.19551509103681,103.0,0.021315680495503014
"CPU:Intel(R) Xeon(R) Gold 6240R,Memory:192002MiB,Cores:96",dnaseq-1,samtools-sort-markduplicate,OnlineP,Realtime,1729.362572669983,123.39102252698687,100.0,0.23391022526986874
"CPU:Intel(R) Xeon(R) Gold 6240R,Memory:192002MiB,Cores:96",dnaseq-1,samtools-sort-markduplicate,OnlineP,Realtime,5613.892818450928,253.15658242820166,279.0,0.09262873681648151
"CPU:Intel(R) Xeon(R) Gold 6240R,Memory:192002MiB,Cores:96",dnaseq-1,samtools-sort-markduplicate,OnlineP,Realtime,609.9719657897949,43.52185352051216,55.0,0.20869357235432437
"CPU:Intel(R) Xeon(R) Gold 6240R,Memory:192002MiB,Cores:96",dnaseq-1,samtools-sort-markduplicate,OnlineP,Realtime,4590.344056129456,207.0,203.0,0.019704433497536946
"CPU:Intel(R) Xeon(R) Gold 6240R,Memory:192002MiB,Cores:96",dnaseq-1,samtools-sort-markduplicate,OnlineP,Realtime,4590.344056129456,207.0,213.0,0.028169014084507043
"CPU:Intel(R) Xeon(R) Gold 6240R,Memory:192002MiB,Cores:96",dnaseq-1,samtools-sort-markduplicate,OnlineP,Realtime,203.0108642578125,38.0,33.0,0.15151515151515152
"CPU:Intel(R) Xeon(R) Gold 6240R,Memory:192002MiB,Cores:96",dnaseq-1,samtools-sort-markduplicate,OnlineP,Realtime,5102.182312011719,230.08117162288818,235.0,0.02093118458345456
"CPU:Intel(R) Xeon(R) Gold 6240R,Memory:192002MiB,Cores:96",dnaseq-1,samtools-sort-markduplicate,OnlineP,Realtime,609.9719657897949,43.52185352051216,52.0,0.16304127845168923
"CPU:Intel(R) Xeon(R) Gold 6240R,Memory:192002MiB,Cores:96",dnaseq-1,samtools-sort-markduplicate,OnlineP,Realtime,3565.6447715759277,160.0,163.0,0.018404907975460124
"CPU:Intel(R) Xeon(R) Gold 6240R,Memory:192002MiB,Cores:96",dnaseq-1,samtools-sort-markduplicate,OnlineP,Realtime,2545.566870689392,114.22638131456101,198.0,0.4230990842698939
"CPU:Intel(R) Xeon(R) Gold 6240R,Memory:192002MiB,Cores:96",dnaseq-1,samtools-sort-markduplicate,OnlineP,Realtime,3565.6447715759277,160.0,159.0,0.006289308176100629
"CPU:Intel(R) Xeon(R) Gold 6240R,Memory:192002MiB,Cores:96",dnaseq-1,samtools-sort-markduplicate,OnlineP,Realtime,6639.323947906494,299.39804956046754,289.0,0.035979410243832326
"CPU:Intel(R) Xeon(R) Gold 6240R,Memory:192002MiB,Cores:96",dnaseq-1,samtools-sort-markduplicate,OnlineP,Realtime,1474.3470220565796,105.19551509103681,121.0,0.13061557776002636
"CPU:Intel(R) Xeon(R) Gold 6240R,Memory:192002MiB,Cores:96",dnaseq-1,samtools-sort-markduplicate,OnlineP,Realtime,609.9719657897949,43.52185352051216,59.0,0.26234146575403117
"CPU:Intel(R) Xeon(R) Gold 6240R,Memory:192002MiB,Cores:96",dnaseq-1,samtools-sort-markduplicate,OnlineP,Realtime,1474.3470220565796,105.19551509103681,95.0,0.107321211484598
"CPU:Intel(R) Xeon(R) Gold 6240R,Memory:192002MiB,Cores:96",dnaseq-1,samtools-sort-markduplicate,Naive,Realtime,4590.344056129456,592.845172628999,237.0,1.5014564245949324
"CPU:Intel(R) Xeon(R) Gold 6240R,Memory:192002MiB,Cores:96",dnaseq-1,samtools-sort-markduplicate,Naive,Realtime,609.9719657897949,78.77817674137813,44.0,0.790413107758594
"CPU:Intel(R) Xeon(R) Gold 6240R,Memory:192002MiB,Cores:96",dnaseq-1,samtools-sort-markduplicate,Naive,Realtime,405.5044136047363,52.371092699318396,36.0,0.4547525749810666
"CPU:Intel(R) Xeon(R) Gold 6240R,Memory:192002MiB,Cores:96",dnaseq-1,samtools-sort-markduplicate,Naive,Realtime,5102.182312011719,658.9493328959105,205.0,2.214386989736149
"CPU:Intel(R) Xeon(R) Gold 6240R,Memory:192002MiB,Cores:96",dnaseq-1,samtools-sort-markduplicate,Naive,Realtime,3055.7511615753174,394.651752187591,201.0,0.9634415531720946
"CPU:Intel(R) Xeon(R) Gold 6240R,Memory:192002MiB,Cores:96",dnaseq-1,samtools-sort-markduplicate,Naive,Realtime,3565.6447715759277,460.50476049087763,149.0,2.0906359764488434
"CPU:Intel(R) Xeon(R) Gold 6240R,Memory:192002MiB,Cores:96",dnaseq-1,samtools-sort-markduplicate,Naive,Realtime,1474.3470220565796,190.41263663865408,103.0,0.8486663751325638
"CPU:Intel(R) Xeon(R) Gold 6240R,Memory:192002MiB,Cores:96",dnaseq-1,samtools-sort-markduplicate,Naive,Realtime,1729.362572669983,223.3480193197423,100.0,1.2334801931974229
"CPU:Intel(R) Xeon(R) Gold 6240R,Memory:192002MiB,Cores:96",dnaseq-1,samtools-sort-markduplicate,Naive,Realtime,5613.892818450928,725.036994259974,279.0,1.598698904157613
"CPU:Intel(R) Xeon(R) Gold 6240R,Memory:192002MiB,Cores:96",dnaseq-1,samtools-sort-markduplicate,Naive,Realtime,609.9719657897949,78.77817674137813,55.0,0.43233048620687514
"CPU:Intel(R) Xeon(R) Gold 6240R,Memory:192002MiB,Cores:96",dnaseq-1,samtools-sort-markduplicate,Naive,Realtime,4590.344056129456,592.845172628999,203.0,1.92041956960098
"CPU:Intel(R) Xeon(R) Gold 6240R,Memory:192002MiB,Cores:96",dnaseq-1,samtools-sort-markduplicate,Naive,Realtime,4590.344056129456,592.845172628999,213.0,1.7833106696197134
"CPU:Intel(R) Xeon(R) Gold 6240R,Memory:192002MiB,Cores:96",dnaseq-1,samtools-sort-markduplicate,Naive,Realtime,203.0108642578125,26.21895208612462,33.0,0.20548630042046606
"CPU:Intel(R) Xeon(R) Gold 6240R,Memory:192002MiB,Cores:96",dnaseq-1,samtools-sort-markduplicate,Naive,Realtime,5102.182312011719,658.9493328959105,235.0,1.804039714450683
"CPU:Intel(R) Xeon(R) Gold 6240R,Memory:192002MiB,Cores:96",dnaseq-1,samtools-sort-markduplicate,Naive,Realtime,609.9719657897949,78.77817674137813,52.0,0.5149649373341949
"CPU:Intel(R) Xeon(R) Gold 6240R,Memory:192002MiB,Cores:96",dnaseq-1,samtools-sort-markduplicate,Naive,Realtime,3565.6447715759277,460.50476049087763,163.0,1.8251825796986358
"CPU:Intel(R) Xeon(R) Gold 6240R,Memory:192002MiB,Cores:96",dnaseq-1,samtools-sort-markduplicate,Naive,Realtime,2545.566870689392,328.76120230625986,198.0,0.6604101126578781
"CPU:Intel(R) Xeon(R) Gold 6240R,Memory:192002MiB,Cores:96",dnaseq-1,samtools-sort-markduplicate,Naive,Realtime,3565.6447715759277,460.50476049087763,159.0,1.8962563552885385
"CPU:Intel(R) Xeon(R) Gold 6240R,Memory:192002MiB,Cores:96",dnaseq-1,samtools-sort-markduplicate,Naive,Realtime,6639.323947906494,857.471924523966,289.0,1.9670308807057646
"CPU:Intel(R) Xeon(R) Gold 6240R,Memory:192002MiB,Cores:96",dnaseq-1,samtools-sort-markduplicate,Naive,Realtime,1474.3470220565796,190.41263663865408,121.0,0.5736581540384634
"CPU:Intel(R) Xeon(R) Gold 6240R,Memory:192002MiB,Cores:96",dnaseq-1,samtools-sort-markduplicate,Naive,Realtime,609.9719657897949,78.77817674137813,59.0,0.3352233345996294
"CPU:Intel(R) Xeon(R) Gold 6240R,Memory:192002MiB,Cores:96",dnaseq-1,samtools-sort-markduplicate,Naive,Realtime,1474.3470220565796,190.41263663865408,95.0,1.0043435435647798
"CPU:Intel(R) Xeon(R) Gold 6240R,Memory:192002MiB,Cores:96",dnaseq-1,samtools-sort-markduplicate,Perfect,Realtime,4590.344056129456,237.0,237.0,0.0
"CPU:Intel(R) Xeon(R) Gold 6240R,Memory:192002MiB,Cores:96",dnaseq-1,samtools-sort-markduplicate,Perfect,Realtime,609.9719657897949,44.0,44.0,0.0
"CPU:Intel(R) Xeon(R) Gold 6240R,Memory:192002MiB,Cores:96",dnaseq-1,samtools-sort-markduplicate,Perfect,Realtime,405.5044136047363,36.0,36.0,0.0
"CPU:Intel(R) Xeon(R) Gold 6240R,Memory:192002MiB,Cores:96",dnaseq-1,samtools-sort-markduplicate,Perfect,Realtime,5102.182312011719,205.0,205.0,0.0
"CPU:Intel(R) Xeon(R) Gold 6240R,Memory:192002MiB,Cores:96",dnaseq-1,samtools-sort-markduplicate,Perfect,Realtime,3055.7511615753174,201.0,201.0,0.0
"CPU:Intel(R) Xeon(R) Gold 6240R,Memory:192002MiB,Cores:96",dnaseq-1,samtools-sort-markduplicate,Perfect,Realtime,3565.6447715759277,149.0,149.0,0.0
"CPU:Intel(R) Xeon(R) Gold 6240R,Memory:192002MiB,Cores:96",dnaseq-1,samtools-sort-markduplicate,Perfect,Realtime,1474.3470220565796,103.0,103.0,0.0
"CPU:Intel(R) Xeon(R) Gold 6240R,Memory:192002MiB,Cores:96",dnaseq-1,samtools-sort-markduplicate,Perfect,Realtime,1729.362572669983,100.0,100.0,0.0
"CPU:Intel(R) Xeon(R) Gold 6240R,Memory:192002MiB,Cores:96",dnaseq-1,samtools-sort-markduplicate,Perfect,Realtime,5613.892818450928,279.0,279.0,0.0
"CPU:Intel(R) Xeon(R) Gold 6240R,Memory:192002MiB,Cores:96",dnaseq-1,samtools-sort-markduplicate,Perfect,Realtime,609.9719657897949,55.0,55.0,0.0
"CPU:Intel(R) Xeon(R) Gold 6240R,Memory:192002MiB,Cores:96",dnaseq-1,samtools-sort-markduplicate,Perfect,Realtime,4590.344056129456,203.0,203.0,0.0
"CPU:Intel(R) Xeon(R) Gold 6240R,Memory:192002MiB,Cores:96",dnaseq-1,samtools-sort-markduplicate,Perfect,Realtime,4590.344056129456,213.0,213.0,0.0
"CPU:Intel(R) Xeon(R) Gold 6240R,Memory:192002MiB,Cores:96",dnaseq-1,samtools-sort-markduplicate,Perfect,Realtime,203.0108642578125,33.0,33.0,0.0
"CPU:Intel(R) Xeon(R) Gold 6240R,Memory:192002MiB,Cores:96",dnaseq-1,samtools-sort-markduplicate,Perfect,Realtime,5102.182312011719,235.0,235.0,0.0
"CPU:Intel(R) Xeon(R) Gold 6240R,Memory:192002MiB,Cores:96",dnaseq-1,samtools-sort-markduplicate,Perfect,Realtime,609.9719657897949,52.0,52.0,0.0
"CPU:Intel(R) Xeon(R) Gold 6240R,Memory:192002MiB,Cores:96",dnaseq-1,samtools-sort-markduplicate,Perfect,Realtime,3565.6447715759277,163.0,163.0,0.0
"CPU:Intel(R) Xeon(R) Gold 6240R,Memory:192002MiB,Cores:96",dnaseq-1,samtools-sort-markduplicate,Perfect,Realtime,2545.566870689392,198.0,198.0,0.0
"CPU:Intel(R) Xeon(R) Gold 6240R,Memory:192002MiB,Cores:96",dnaseq-1,samtools-sort-markduplicate,Perfect,Realtime,3565.6447715759277,159.0,159.0,0.0
"CPU:Intel(R) Xeon(R) Gold 6240R,Memory:192002MiB,Cores:96",dnaseq-1,samtools-sort-markduplicate,Perfect,Realtime,6639.323947906494,289.0,289.0,0.0
"CPU:Intel(R) Xeon(R) Gold 6240R,Memory:192002MiB,Cores:96",dnaseq-1,samtools-sort-markduplicate,Perfect,Realtime,1474.3470220565796,121.0,121.0,0.0
"CPU:Intel(R) Xeon(R) Gold 6240R,Memory:192002MiB,Cores:96",dnaseq-1,samtools-sort-markduplicate,Perfect,Realtime,609.9719657897949,59.0,59.0,0.0
"CPU:Intel(R) Xeon(R) Gold 6240R,Memory:192002MiB,Cores:96",dnaseq-1,samtools-sort-markduplicate,Perfect,Realtime,1474.3470220565796,95.0,95.0,0.0
"CPU:Intel(R) Xeon(R) Gold 6240R,Memory:192002MiB,Cores:96",pts-workflow,gatk-base-recalibrator,PTS-Hybrid,Realtime,4590.344056129456,3614.66,3930.00,0.0802
"CPU:Intel(R) Xeon(R) Gold 6240R,Memory:192002MiB,Cores:96",pts-workflow,gatk-apply-bqsr,PTS-Hybrid,Realtime,203.0108642578125,126.49,159.00,0.2045
"CPU:Intel(R) Xeon(R) Gold 6240R,Memory:192002MiB,Cores:96",pts-workflow,picard-collect-wgs-metrics,PTS-Hybrid,Realtime,812.8875761032104,679.31,1059.00,0.3585
"CPU:Intel(R) Xeon(R) Gold 6240R,Memory:192002MiB,Cores:96",pts-workflow,gatk-base-recalibrator,PTS-Hybrid,Realtime,3565.6447715759277,3298.03,4304.00,0.2337
"CPU:Intel(R) Xeon(R) Gold 6240R,Memory:192002MiB,Cores:96",pts-workflow,burrows-wheeler-aligner,PTS-Hybrid,Realtime,4590.344056129456,2184.01,1643.00,0.3293
"CPU:Intel(R) Xeon(R) Gold 6240R,Memory:192002MiB,Cores:96",pts-workflow,picard-collect-wgs-metrics,PTS-Hybrid,Realtime,1474.3470220565796,801.74,765.00,0.0480
"CPU:Intel(R) Xeon(R) Gold 6240R,Memory:192002MiB,Cores:96",pts-workflow,gatk-base-recalibrator,PTS-Hybrid,Realtime,5102.182312011719,3953.85,4192.00,0.0568
"CPU:Intel(R) Xeon(R) Gold 6240R,Memory:192002MiB,Cores:96",pts-workflow,fastqc,PTS-Hybrid,Realtime,2866.965470314026,376.60,397.00,0.0514
"CPU:Intel(R) Xeon(R) Gold 6240R,Memory:192002MiB,Cores:96",pts-workflow,burrows-wheeler-aligner,PTS-Hybrid,Realtime,6639.323947906494,3101.40,3081.00,0.0066
"CPU:Intel(R) Xeon(R) Gold 6240R,Memory:192002MiB,Cores:96",pts-workflow,fastqc,PTS-Hybrid,Realtime,2496.727758407593,338.22,352.00,0.0391
"CPU:Intel(R) Xeon(R) Gold 6240R,Memory:192002MiB,Cores:96",pts-workflow,fastqc,PTS-Hybrid,Realtime,2866.965470314026,376.60,356.00,0.0579
"CPU:Intel(R) Xeon(R) Gold 6240R,Memory:192002MiB,Cores:96",pts-workflow,fastqc,PTS-Hybrid,Realtime,1745.978126525879,238.25,245.00,0.0275
"CPU:Intel(R) Xeon(R) Gold 6240R,Memory:192002MiB,Cores:96",pts-workflow,fastq-cleaner,PTS-Hybrid,Realtime,203.0108642578125,85.58,136.00,0.3707
"CPU:Intel(R) Xeon(R) Gold 6240R,Memory:192002MiB,Cores:96",pts-workflow,samtools-sort-markduplicate,PTS-Hybrid,Realtime,812.8875761032104,82.70,60.00,0.3783
"CPU:Intel(R) Xeon(R) Gold 6240R,Memory:192002MiB,Cores:96",pts-workflow,picard-validate-sam,PTS-Hybrid,Realtime,1474.3470220565796,177.95,141.00,0.2620
"CPU:Intel(R) Xeon(R) Gold 6240R,Memory:192002MiB,Cores:96",pts-workflow,gatk-base-recalibrator,PTS-Hybrid,Realtime,4590.344056129456,3614.66,3339.00,0.0826
"CPU:Intel(R) Xeon(R) Gold 6240R,Memory:192002MiB,Cores:96",pts-workflow,picard-validate-sam,PTS-Hybrid,Realtime,1729.362572669983,191.25,158.00,0.2105
"CPU:Intel(R) Xeon(R) Gold 6240R,Memory:192002MiB,Cores:96",pts-workflow,samtools-sort-markduplicate,PTS-Hybrid,Realtime,4590.344056129456,225.93,213.00,0.0607
"CPU:Intel(R) Xeon(R) Gold 6240R,Memory:192002MiB,Cores:96",pts-workflow,samtools-index-markduplicate,PTS-Hybrid,Realtime,405.5044136047363,25.20,31.00,0.1871
"CPU:Intel(R) Xeon(R) Gold 6240R,Memory:192002MiB,Cores:96",pts-workflow,fastqc,PTS-Hybrid,Realtime,103.70779609680176,61.60,76.00,0.1894
"CPU:Intel(R) Xeon(R) Gold 6240R,Memory:192002MiB,Cores:96",pts-workflow,gatk-apply-bqsr,PTS-Hybrid,Realtime,812.8875761032104,357.14,505.00,0.2928
"CPU:Intel(R) Xeon(R) Gold 6240R,Memory:192002MiB,Cores:96",pts-workflow,samtools-index-markduplicate,PTS-Hybrid,Realtime,1474.3470220565796,36.45,130.00,0.7196
"CPU:Intel(R) Xeon(R) Gold 6240R,Memory:192002MiB,Cores:96",pts-workflow,picard-markduplicate,PTS-Hybrid,Realtime,5102.182312011719,2102.90,1521.00,0.3826
"CPU:Intel(R) Xeon(R) Gold 6240R,Memory:192002MiB,Cores:96",pts-workflow,samtools-index-markduplicate,PTS-Hybrid,Realtime,6639.323947906494,57.75,39.00,0.4808
"CPU:Intel(R) Xeon(R) Gold 6240R,Memory:192002MiB,Cores:96",pts-workflow,burrows-wheeler-aligner,PTS-Hybrid,Realtime,405.5044136047363,236.88,250.00,0.0525
"CPU:Intel(R) Xeon(R) Gold 6240R,Memory:192002MiB,Cores:96",pts-workflow,fastq-cleaner,PTS-Hybrid,Realtime,1474.3470220565796,452.87,424.00,0.0681
"CPU:Intel(R) Xeon(R) Gold 6240R,Memory:192002MiB,Cores:96",pts-workflow,gatk-base-recalibrator,PTS-Hybrid,Realtime,2545.566870689392,2976.55,3043.00,0.0218
"CPU:Intel(R) Xeon(R) Gold 6240R,Memory:192002MiB,Cores:96",pts-workflow,samtools-index-markduplicate,PTS-Hybrid,Realtime,1474.3470220565796,36.45,29.00,0.2570
"CPU:Intel(R) Xeon(R) Gold 6240R,Memory:192002MiB,Cores:96",pts-workflow,burrows-wheeler-aligner,PTS-Hybrid,Realtime,405.5044136047363,236.88,269.00,0.1194
"CPU:Intel(R) Xeon(R) Gold 6240R,Memory:192002MiB,Cores:96",pts-workflow,picard-markduplicate,PTS-Hybrid,Realtime,1474.3470220565796,787.68,2388.00,0.6702
"CPU:Intel(R) Xeon(R) Gold 6240R,Memory:192002MiB,Cores:96",pts-workflow,samtools-sort-markduplicate,PTS-Hybrid,Realtime,1474.3470220565796,115.31,86.00,0.3408
"CPU:Intel(R) Xeon(R) Gold 6240R,Memory:192002MiB,Cores:96",pts-workflow,gatk-base-recalibrator,PTS-Hybrid,Realtime,3055.7511615753174,2912.74,4090.00,0.2878
"CPU:Intel(R) Xeon(R) Gold 6240R,Memory:192002MiB,Cores:96",pts-workflow,burrows-wheeler-aligner,PTS-Hybrid,Realtime,5102.182312011719,2463.90,2651.00,0.0706
"CPU:Intel(R) Xeon(R) Gold 6240R,Memory:192002MiB,Cores:96",pts-workflow,fastqc,PTS-Hybrid,Realtime,207.1609992980957,85.16,53.00,0.6068
"CPU:Intel(R) Xeon(R) Gold 6240R,Memory:192002MiB,Cores:96",pts-workflow,picard-markduplicate,PTS-Hybrid,Realtime,1729.362572669983,859.59,860.00,0.0005
"CPU:Intel(R) Xeon(R) Gold 6240R,Memory:192002MiB,Cores:96",pts-workflow,picard-validate-sam,PTS-Hybrid,Realtime,2545.566870689392,311.87,159.00,0.9614
"CPU:Intel(R) Xeon(R) Gold 6240R,Memory:192002MiB,Cores:96",pts-workflow,gatk-apply-bqsr,PTS-Hybrid,Realtime,1474.3470220565796,597.40,532.00,0.1229
"CPU:Intel(R) Xeon(R) Gold 6240R,Memory:192002MiB,Cores:96",pts-workflow,fastqc,PTS-Hybrid,Realtime,397.61913776397705,97.13,100.00,0.0287
"CPU:Intel(R) Xeon(R) Gold 6240R,Memory:192002MiB,Cores:96",pts-workflow,picard-validate-sam,PTS-Hybrid,Realtime,203.0108642578125,51.92,47.00,0.1048
"CPU:Intel(R) Xeon(R) Gold 6240R,Memory:192002MiB,Cores:96",pts-workflow,burrows-wheeler-aligner,PTS-Hybrid,Realtime,203.0108642578125,146.63,139.00,0.0549
"CPU:Intel(R) Xeon(R) Gold 6240R,Memory:192002MiB,Cores:96",pts-workflow,burrows-wheeler-aligner,PTS-Hybrid,Realtime,405.5044136047363,236.88,240.00,0.0130
"CPU:Intel(R) Xeon(R) Gold 6240R,Memory:192002MiB,Cores:96",pts-workflow,burrows-wheeler-aligner,PTS-Hybrid,Realtime,609.9719657897949,330.20,342.00,0.0345
"CPU:Intel(R) Xeon(R) Gold 6240R,Memory:192002MiB,Cores:96",pts-workflow,fastqc,PTS-Hybrid,Realtime,397.61913776397705,97.13,75.00,0.2951
"CPU:Intel(R) Xeon(R) Gold 6240R,Memory:192002MiB,Cores:96",pts-workflow,samtools-index-markduplicate,PTS-Hybrid,Realtime,203.0108642578125,24.38,30.00,0.1872
"CPU:Intel(R) Xeon(R) Gold 6240R,Memory:192002MiB,Cores:96",pts-workflow,burrows-wheeler-aligner,PTS-Hybrid,Realtime,405.5044136047363,236.88,270.00,0.1227
"CPU:Intel(R) Xeon(R) Gold 6240R,Memory:192002MiB,Cores:96",pts-workflow,picard-collect-wgs-metrics,PTS-Hybrid,Realtime,609.9719657897949,601.72,889.00,0.3231
"CPU:Intel(R) Xeon(R) Gold 6240R,Memory:192002MiB,Cores:96",pts-workflow,samtools-sort-markduplicate,PTS-Hybrid,Realtime,2545.566870689392,175.28,261.00,0.3284
"CPU:Intel(R) Xeon(R) Gold 6240R,Memory:192002MiB,Cores:96",pts-workflow,fastq-cleaner,PTS-Hybrid,Realtime,812.8875761032104,258.45,236.00,0.0951
"CPU:Intel(R) Xeon(R) Gold 6240R,Memory:192002MiB,Cores:96",pts-workflow,gatk-apply-bqsr,PTS-Hybrid,Realtime,3565.6447715759277,1162.92,882.00,0.3185
"CPU:Intel(R) Xeon(R) Gold 6240R,Memory:192002MiB,Cores:96",pts-workflow,samtools-index-markduplicate,PTS-Hybrid,Realtime,4590.344056129456,48.93,39.00,0.2545
"CPU:Intel(R) Xeon(R) Gold 6240R,Memory:192002MiB,Cores:96",pts-workflow,gatk-base-recalibrator,PTS-Hybrid,Realtime,3055.7511615753174,2912.74,1941.00,0.5006
"CPU:Intel(R) Xeon(R) Gold 6240R,Memory:192002MiB,Cores:96",pts-workflow,fastqc,PTS-Hybrid,Realtime,207.1609992980957,85.16,58.00,0.4683
"CPU:Intel(R) Xeon(R) Gold 6240R,Memory:192002MiB,Cores:96",pts-workflow,burrows-wheeler-aligner,PTS-Hybrid,Realtime,203.0108642578125,146.63,143.00,0.0254
"CPU:Intel(R) Xeon(R) Gold 6240R,Memory:192002MiB,Cores:96",pts-workflow,picard-markduplicate,PTS-Hybrid,Realtime,609.9719657897949,309.73,412.00,0.2482
"CPU:Intel(R) Xeon(R) Gold 6240R,Memory:192002MiB,Cores:96",pts-workflow,samtools-index-markduplicate,PTS-Hybrid,Realtime,609.9719657897949,26.39,27.00,0.0227
"CPU:Intel(R) Xeon(R) Gold 6240R,Memory:192002MiB,Cores:96",pts-workflow,fastq-cleaner,PTS-Hybrid,Realtime,812.8875761032104,258.45,234.00,0.1045
"CPU:Intel(R) Xeon(R) Gold 6240R,Memory:192002MiB,Cores:96",pts-workflow,picard-collect-wgs-metrics,PTS-Hybrid,Realtime,812.8875761032104,679.31,546.00,0.2442
"CPU:Intel(R) Xeon(R) Gold 6240R,Memory:192002MiB,Cores:96",pts-workflow,picard-markduplicate,PTS-Hybrid,Realtime,2545.566870689392,1233.80,2247.00,0.4509
"CPU:Intel(R) Xeon(R) Gold 6240R,Memory:192002MiB,Cores:96",pts-workflow,picard-markduplicate,PTS-Hybrid,Realtime,5102.182312011719,2102.90,1633.00,0.2878
"CPU:Intel(R) Xeon(R) Gold 6240R,Memory:192002MiB,Cores:96",pts-workflow,samtools-sort-markduplicate,PTS-Hybrid,Realtime,609.9719657897949,50.05,52.00,0.0376
"CPU:Intel(R) Xeon(R) Gold 6240R,Memory:192002MiB,Cores:96",pts-workflow,fastqc,PTS-Hybrid,Realtime,752.9015731811523,141.29,198.00,0.2864
"CPU:Intel(R) Xeon(R) Gold 6240R,Memory:192002MiB,Cores:96",pts-workflow,picard-collect-wgs-metrics,PTS-Hybrid,Realtime,812.8875761032104,679.31,1221.00,0.4436
"CPU:Intel(R) Xeon(R) Gold 6240R,Memory:192002MiB,Cores:96",pts-workflow,featurecounts,PTS-Hybrid,Realtime,203.0108642578125,23.12,37.00,0.3750
"CPU:Intel(R) Xeon(R) Gold 6240R,Memory:192002MiB,Cores:96",pts-workflow,gatk-apply-bqsr,PTS-Hybrid,Realtime,3055.7511615753174,1002.13,286.00,2.5040
"CPU:Intel(R) Xeon(R) Gold 6240R,Memory:192002MiB,Cores:96",pts-workflow,fastq-cleaner,PTS-Hybrid,Realtime,1474.3470220565796,452.87,448.00,0.0109
"CPU:Intel(R) Xeon(R) Gold 6240R,Memory:192002MiB,Cores:96",pts-workflow,samtools-index-markduplicate,PTS-Hybrid,Realtime,5613.892818450928,56.08,40.00,0.4021
"CPU:Intel(R) Xeon(R) Gold 6240R,Memory:192002MiB,Cores:96",pts-workflow,picard-collect-wgs-metrics,PTS-Hybrid,Realtime,812.8875761032104,679.31,1100.00,0.3824
"CPU:Intel(R) Xeon(R) Gold 6240R,Memory:192002MiB,Cores:96",pts-workflow,fastqc,PTS-Hybrid,Realtime,883.0247402191162,152.44,131.00,0.1637
"CPU:Intel(R) Xeon(R) Gold 6240R,Memory:192002MiB,Cores:96",pts-workflow,picard-markduplicate,PTS-Hybrid,Realtime,5613.892818450928,2251.78,1892.00,0.1902
"CPU:Intel(R) Xeon(R) Gold 6240R,Memory:192002MiB,Cores:96",pts-workflow,burrows-wheeler-aligner,PTS-Hybrid,Realtime,5613.892818450928,2617.72,2225.00,0.1765
"CPU:Intel(R) Xeon(R) Gold 6240R,Memory:192002MiB,Cores:96",pts-workflow,burrows-wheeler-aligner,PTS-Hybrid,Realtime,812.8875761032104,418.10,465.00,0.1009
"CPU:Intel(R) Xeon(R) Gold 6240R,Memory:192002MiB,Cores:96",pts-workflow,samtools-sort-markduplicate,PTS-Hybrid,Realtime,6639.323947906494,335.91,312.00,0.0766
"CPU:Intel(R) Xeon(R) Gold 6240R,Memory:192002MiB,Cores:96",pts-workflow,picard-collect-wgs-metrics,PTS-Hybrid,Realtime,609.9719657897949,601.72,972.00,0.3809
"CPU:Intel(R) Xeon(R) Gold 6240R,Memory:192002MiB,Cores:96",pts-workflow,burrows-wheeler-aligner,PTS-Hybrid,Realtime,1474.3470220565796,774.93,838.00,0.0753
"CPU:Intel(R) Xeon(R) Gold 6240R,Memory:192002MiB,Cores:96",pts-workflow,samtools-sort-markduplicate,PTS-Hybrid,Realtime,3565.6447715759277,188.54,163.00,0.1567
"CPU:Intel(R) Xeon(R) Gold 6240R,Memory:192002MiB,Cores:96",pts-workflow,samtools-sort-markduplicate,PTS-Hybrid,Realtime,609.9719657897949,50.05,46.00,0.0880
"CPU:Intel(R) Xeon(R) Gold 6240R,Memory:192002MiB,Cores:96",pts-workflow,burrows-wheeler-aligner,PTS-Hybrid,Realtime,6639.323947906494,3101.40,3076.00,0.0083
"CPU:Intel(R) Xeon(R) Gold 6240R,Memory:192002MiB,Cores:96",pts-workflow,burrows-wheeler-aligner,PTS-Hybrid,Realtime,1729.362572669983,842.87,769.00,0.0961
"CPU:Intel(R) Xeon(R) Gold 6240R,Memory:192002MiB,Cores:96",pts-workflow,fastqc,PTS-Hybrid,Realtime,721.4454488754272,138.36,159.00,0.1298
"CPU:Intel(R) Xeon(R) Gold 6240R,Memory:192002MiB,Cores:96",pts-workflow,samtools-sort-markduplicate,PTS-Hybrid,Realtime,3565.6447715759277,188.54,153.00,0.2323
"CPU:Intel(R) Xeon(R) Gold 6240R,Memory:192002MiB,Cores:96",pts-workflow,fastqc,PTS-Hybrid,Realtime,207.1609992980957,85.16,96.00,0.1129
"CPU:Intel(R) Xeon(R) Gold 6240R,Memory:192002MiB,Cores:96",pts-workflow,fastqc,PTS-Hybrid,Realtime,721.4454488754272,138.36,211.00,0.3443
"CPU:Intel(R) Xeon(R) Gold 6240R,Memory:192002MiB,Cores:96",pts-workflow,fastqc,PTS-Hybrid,Realtime,752.9015731811523,141.29,145.00,0.0256
"CPU:Intel(R) Xeon(R) Gold 6240R,Memory:192002MiB,Cores:96",pts-workflow,fastqc,PTS-Hybrid,Realtime,846.3378324508667,153.89,182.00,0.1545
"CPU:Intel(R) Xeon(R) Gold 6240R,Memory:192002MiB,Cores:96",pts-workflow,burrows-wheeler-aligner,PTS-Hybrid,Realtime,3055.7511615753174,1498.31,1149.00,0.3040
"CPU:Intel(R) Xeon(R) Gold 6240R,Memory:192002MiB,Cores:96",pts-workflow,burrows-wheeler-aligner,PTS-Hybrid,Realtime,405.5044136047363,236.88,235.00,0.0080
"CPU:Intel(R) Xeon(R) Gold 6240R,Memory:192002MiB,Cores:96",pts-workflow,fastqc,PTS-Hybrid,Realtime,3247.4302740097046,434.31,508.00,0.1451
"CPU:Intel(R) Xeon(R) Gold 6240R,Memory:192002MiB,Cores:96",pts-workflow,picard-collect-wgs-metrics,PTS-Hybrid,Realtime,2545.566870689392,1183.40,899.00,0.3163
"CPU:Intel(R) Xeon(R) Gold 6240R,Memory:192002MiB,Cores:96",pts-workflow,picard-markduplicate,PTS-Hybrid,Realtime,1729.362572669983,859.59,539.00,0.5948
"CPU:Intel(R) Xeon(R) Gold 6240R,Memory:192002MiB,Cores:96",pts-workflow,fastqc,PTS-Hybrid,Realtime,846.3378324508667,153.89,179.00,0.1403
"CPU:Intel(R) Xeon(R) Gold 6240R,Memory:192002MiB,Cores:96",pts-workflow,samtools-index-markduplicate,PTS-Hybrid,Realtime,609.9719657897949,26.39,30.00,0.1205
"CPU:Intel(R) Xeon(R) Gold 6240R,Memory:192002MiB,Cores:96",pts-workflow,picard-markduplicate,PTS-Hybrid,Realtime,5102.182312011719,2102.90,1621.00,0.2973
"CPU:Intel(R) Xeon(R) Gold 6240R,Memory:192002MiB,Cores:96",pts-workflow,burrows-wheeler-aligner,PTS-Hybrid,Realtime,812.8875761032104,418.10,442.00,0.0541
"CPU:Intel(R) Xeon(R) Gold 6240R,Memory:192002MiB,Cores:96",pts-workflow,burrows-wheeler-aligner,PTS-Hybrid,Realtime,5102.182312011719,2463.90,2692.00,0.0847
"CPU:Intel(R) Xeon(R) Gold 6240R,Memory:192002MiB,Cores:96",pts-workflow,samtools-index-markduplicate,PTS-Hybrid,Realtime,5613.892818450928,56.08,67.00,0.1630
"CPU:Intel(R) Xeon(R) Gold 6240R,Memory:192002MiB,Cores:96",pts-workflow,gatk-apply-bqsr,PTS-Hybrid,Realtime,1474.3470220565796,597.40,426.00,0.4023
"CPU:Intel(R) Xeon(R) Gold 6240R,Memory:192002MiB,Cores:96",pts-workflow,gatk-apply-bqsr,PTS-Hybrid,Realtime,812.8875761032104,357.14,415.00,0.1394
"CPU:Intel(R) Xeon(R) Gold 6240R,Memory:192002MiB,Cores:96",pts-workflow,gatk-base-recalibrator,PTS-Hybrid,Realtime,405.5044136047363,1324.10,2177.00,0.3918
"CPU:Intel(R) Xeon(R) Gold 6240R,Memory:192002MiB,Cores:96",pts-workflow,fastq-cleaner,PTS-Hybrid,Realtime,405.5044136047363,142.22,120.00,0.1852
"CPU:Intel(R) Xeon(R) Gold 6240R,Memory:192002MiB,Cores:96",pts-workflow,picard-collect-wgs-metrics,PTS-Hybrid,Realtime,1729.362572669983,833.53,747.00,0.1158
"CPU:Intel(R) Xeon(R) Gold 6240R,Memory:192002MiB,Cores:96",pts-workflow,burrows-wheeler-aligner,PTS-Hybrid,Realtime,609.9719657897949,330.20,372.00,0.1124
"CPU:Intel(R) Xeon(R) Gold 6240R,Memory:192002MiB,Cores:96",pts-workflow,burrows-wheeler-aligner,PTS-Hybrid,Realtime,6639.323947906494,3101.40,3292.00,0.0579
"CPU:Intel(R) Xeon(R) Gold 6240R,Memory:192002MiB,Cores:96",pts-workflow,picard-collect-wgs-metrics,PTS-Hybrid,Realtime,812.8875761032104,679.31,890.00,0.2367
"CPU:Intel(R) Xeon(R) Gold 6240R,Memory:192002MiB,Cores:96",pts-workflow,gatk-apply-bqsr,PTS-Hybrid,Realtime,609.9719657897949,245.63,371.00,0.3379
"CPU:Intel(R) Xeon(R) Gold 6240R,Memory:192002MiB,Cores:96",pts-workflow,samtools-index-markduplicate,PTS-Hybrid,Realtime,1474.3470220565796,36.45,35.00,0.0415
"CPU:Intel(R) Xeon(R) Gold 6240R,Memory:192002MiB,Cores:96",pts-workflow,picard-markduplicate,PTS-Hybrid,Realtime,1474.3470220565796,787.68,616.00,0.2787
"CPU:Intel(R) Xeon(R) Gold 6240R,Memory:192002MiB,Cores:96",pts-workflow,picard-collect-wgs-metrics,PTS-Hybrid,Realtime,812.8875761032104,679.31,703.00,0.0337
"CPU:Intel(R) Xeon(R) Gold 6240R,Memory:192002MiB,Cores:96",pts-workflow,fastqc,PTS-Hybrid,Realtime,207.1609992980957,85.16,57.00,0.4940
"CPU:Intel(R) Xeon(R) Gold 6240R,Memory:192002MiB,Cores:96",pts-workflow,samtools-index-markduplicate,PTS-Hybrid,Realtime,203.0108642578125,24.38,30.00,0.1872
"CPU:Intel(R) Xeon(R) Gold 6240R,Memory:192002MiB,Cores:96",pts-workflow,samtools-index-markduplicate,PTS-Hybrid,Realtime,609.9719657897949,26.39,27.00,0.0227
"CPU:Intel(R) Xeon(R) Gold 6240R,Memory:192002MiB,Cores:96",pts-workflow,gatk-apply-bqsr,PTS-Hybrid,Realtime,812.8875761032104,357.14,547.00,0.3471
"CPU:Intel(R) Xeon(R) Gold 6240R,Memory:192002MiB,Cores:96",pts-workflow,gatk-base-recalibrator,PTS-Hybrid,Realtime,3565.6447715759277,3298.03,3448.00,0.0435
"CPU:Intel(R) Xeon(R) Gold 6240R,Memory:192002MiB,Cores:96",pts-workflow,fastqc,PTS-Hybrid,Realtime,207.1609992980957,85.16,59.00,0.4434
"CPU:Intel(R) Xeon(R) Gold 6240R,Memory:192002MiB,Cores:96",pts-workflow,picard-markduplicate,PTS-Hybrid,Realtime,3055.7511615753174,1338.45,1540.00,0.1309
"CPU:Intel(R) Xeon(R) Gold 6240R,Memory:192002MiB,Cores:96",pts-workflow,fastqc,PTS-Hybrid,Realtime,721.4454488754272,138.36,164.00,0.1563
"CPU:Intel(R) Xeon(R) Gold 6240R,Memory:192002MiB,Cores:96",pts-workflow,fastqc,PTS-Hybrid,Realtime,311.80230712890625,98.91,85.00,0.1636
"CPU:Intel(R) Xeon(R) Gold 6240R,Memory:192002MiB,Cores:96",pts-workflow,fastqc,PTS-Hybrid,Realtime,311.80230712890625,98.91,63.00,0.5700
"CPU:Intel(R) Xeon(R) Gold 6240R,Memory:192002MiB,Cores:96",pts-workflow,samtools-index-markduplicate,PTS-Hybrid,Realtime,1474.3470220565796,36.45,29.00,0.2570
"CPU:Intel(R) Xeon(R) Gold 6240R,Memory:192002MiB,Cores:96",pts-workflow,samtools-sort-markduplicate,PTS-Hybrid,Realtime,2545.566870689392,175.28,198.00,0.1147
"CPU:Intel(R) Xeon(R) Gold 6240R,Memory:192002MiB,Cores:96",pts-workflow,samtools-sort-markduplicate,PTS-Hybrid,Realtime,2545.566870689392,175.28,135.00,0.2984
"CPU:Intel(R) Xeon(R) Gold 6240R,Memory:192002MiB,Cores:96",pts-workflow,fastqc,PTS-Hybrid,Realtime,298.1696586608887,90.48,86.00,0.0521
"CPU:Intel(R) Xeon(R) Gold 6240R,Memory:192002MiB,Cores:96",pts-workflow,gatk-base-recalibrator,PTS-Hybrid,Realtime,405.5044136047363,1324.10,895.00,0.4794
"CPU:Intel(R) Xeon(R) Gold 6240R,Memory:192002MiB,Cores:96",pts-workflow,samtools-sort-markduplicate,PTS-Hybrid,Realtime,5102.182312011719,281.75,205.00,0.3744
"CPU:Intel(R) Xeon(R) Gold 6240R,Memory:192002MiB,Cores:96",pts-workflow,fastq-cleaner,PTS-Hybrid,Realtime,1729.362572669983,526.87,532.00,0.0096
"CPU:Intel(R) Xeon(R) Gold 6240R,Memory:192002MiB,Cores:96",pts-workflow,fastqc,PTS-Hybrid,Realtime,397.61913776397705,97.13,75.00,0.2951
"CPU:Intel(R) Xeon(R) Gold 6240R,Memory:192002MiB,Cores:96",pts-workflow,picard-validate-sam,PTS-Hybrid,Realtime,405.5044136047363,68.99,55.00,0.2544
"CPU:Intel(R) Xeon(R) Gold 6240R,Memory:192002MiB,Cores:96",pts-workflow,picard-validate-sam,PTS-Hybrid,Realtime,405.5044136047363,68.99,127.00,0.4568
"CPU:Intel(R) Xeon(R) Gold 6240R,Memory:192002MiB,Cores:96",pts-workflow,picard-collect-wgs-metrics,PTS-Hybrid,Realtime,2545.566870689392,1183.40,1056.00,0.1206
"CPU:Intel(R) Xeon(R) Gold 6240R,Memory:192002MiB,Cores:96",pts-workflow,picard-collect-wgs-metrics,PTS-Hybrid,Realtime,2545.566870689392,1183.40,907.00,0.3047
"CPU:Intel(R) Xeon(R) Gold 6240R,Memory:192002MiB,Cores:96",pts-workflow,gatk-base-recalibrator,PTS-Hybrid,Realtime,1729.362572669983,2254.07,2912.00,0.2259
"CPU:Intel(R) Xeon(R) Gold 6240R,Memory:192002MiB,Cores:96",pts-workflow,samtools-sort-markduplicate,PTS-Hybrid,Realtime,6639.323947906494,335.91,308.00,0.0906
"CPU:Intel(R) Xeon(R) Gold 6240R,Memory:192002MiB,Cores:96",pts-workflow,fastqc,PTS-Hybrid,Realtime,198.34341430664062,94.79,59.00,0.6067
"CPU:Intel(R) Xeon(R) Gold 6240R,Memory:192002MiB,Cores:96",pts-workflow,picard-markduplicate,PTS-Hybrid,Realtime,405.5044136047363,213.30,155.00,0.3761
"CPU:Intel(R) Xeon(R) Gold 6240R,Memory:192002MiB,Cores:96",pts-workflow,picard-validate-sam,PTS-Hybrid,Realtime,405.5044136047363,68.99,68.00,0.0146
"CPU:Intel(R) Xeon(R) Gold 6240R,Memory:192002MiB,Cores:96",pts-workflow,fastqc,PTS-Hybrid,Realtime,2866.965470314026,376.60,397.00,0.0514
"CPU:Intel(R) Xeon(R) Gold 6240R,Memory:192002MiB,Cores:96",pts-workflow,fastqc,PTS-Hybrid,Realtime,752.9015731811523,141.29,160.00,0.1169
"CPU:Intel(R) Xeon(R) Gold 6240R,Memory:192002MiB,Cores:96",pts-workflow,burrows-wheeler-aligner,PTS-Hybrid,Realtime,203.0108642578125,146.63,116.00,0.2641
"CPU:Intel(R) Xeon(R) Gold 6240R,Memory:192002MiB,Cores:96",pts-workflow,samtools-sort-markduplicate,PTS-Hybrid,Realtime,405.5044136047363,43.95,41.00,0.0719
"CPU:Intel(R) Xeon(R) Gold 6240R,Memory:192002MiB,Cores:96",pts-workflow,gatk-base-recalibrator,PTS-Hybrid,Realtime,5613.892818450928,4181.64,3443.00,0.2145
"CPU:Intel(R) Xeon(R) Gold 6240R,Memory:192002MiB,Cores:96",pts-workflow,picard-markduplicate,PTS-Hybrid,Realtime,1729.362572669983,859.59,2527.00,0.6598
"CPU:Intel(R) Xeon(R) Gold 6240R,Memory:192002MiB,Cores:96",pts-workflow,burrows-wheeler-aligner,PTS-Hybrid,Realtime,1474.3470220565796,774.93,709.00,0.0930
"CPU:Intel(R) Xeon(R) Gold 6240R,Memory:192002MiB,Cores:96",pts-workflow,gatk-apply-bqsr,PTS-Hybrid,Realtime,203.0108642578125,126.49,124.00,0.0200
"CPU:Intel(R) Xeon(R) Gold 6240R,Memory:192002MiB,Cores:96",pts-workflow,samtools-index-markduplicate,PTS-Hybrid,Realtime,203.0108642578125,24.38,27.00,0.0969
"CPU:Intel(R) Xeon(R) Gold 6240R,Memory:192002MiB,Cores:96",pts-workflow,samtools-sort-markduplicate,PTS-Hybrid,Realtime,1729.362572669983,124.42,94.00,0.3236
"CPU:Intel(R) Xeon(R) Gold 6240R,Memory:192002MiB,Cores:96",pts-workflow,picard-validate-sam,PTS-Hybrid,Realtime,1474.3470220565796,177.95,168.00,0.0592
"CPU:Intel(R) Xeon(R) Gold 6240R,Memory:192002MiB,Cores:96",pts-workflow,fastq-cleaner,PTS-Hybrid,Realtime,5613.892818450928,1799.15,1863.00,0.0343
"CPU:Intel(R) Xeon(R) Gold 6240R,Memory:192002MiB,Cores:96",pts-workflow,samtools-sort-markduplicate,PTS-Hybrid,Realtime,5613.892818450928,279.09,243.00,0.1485
"CPU:Intel(R) Xeon(R) Gold 6240R,Memory:192002MiB,Cores:96",pts-workflow,fastqc,PTS-Hybrid,Realtime,2246.5365028381348,308.60,427.00,0.2773
"CPU:Intel(R) Xeon(R) Gold 6240R,Memory:192002MiB,Cores:96",pts-workflow,fastqc,PTS-Hybrid,Realtime,3247.4302740097046,434.31,688.00,0.3687
"CPU:Intel(R) Xeon(R) Gold 6240R,Memory:192002MiB,Cores:96",pts-workflow,samtools-sort-markduplicate,PTS-Hybrid,Realtime,5613.892818450928,279.09,293.00,0.0475
"CPU:Intel(R) Xeon(R) Gold 6240R,Memory:192002MiB,Cores:96",pts-workflow,burrows-wheeler-aligner,PTS-Hybrid,Realtime,203.0108642578125,146.63,239.00,0.3865
"CPU:Intel(R) Xeon(R) Gold 6240R,Memory:192002MiB,Cores:96",pts-workflow,picard-markduplicate,PTS-Hybrid,Realtime,6639.323947906494,2475.78,2779.00,0.1091
"CPU:Intel(R) Xeon(R) Gold 6240R,Memory:192002MiB,Cores:96",pts-workflow,burrows-wheeler-aligner,PTS-Hybrid,Realtime,1729.362572669983,842.87,960.00,0.1220
"CPU:Intel(R) Xeon(R) Gold 6240R,Memory:192002MiB,Cores:96",pts-workflow,fastqc,PTS-Hybrid,Realtime,2343.807553291321,310.58,486.00,0.3609
"CPU:Intel(R) Xeon(R) Gold 6240R,Memory:192002MiB,Cores:96",pts-workflow,picard-collect-wgs-metrics,PTS-Hybrid,Realtime,812.8875761032104,679.31,931.00,0.2703
"CPU:Intel(R) Xeon(R) Gold 6240R,Memory:192002MiB,Cores:96",pts-workflow,picard-collect-wgs-metrics,PTS-Hybrid,Realtime,405.5044136047363,571.70,675.00,0.1530
"CPU:Intel(R) Xeon(R) Gold 6240R,Memory:192002MiB,Cores:96",pts-workflow,fastqc,PTS-Hybrid,Realtime,2605.454553604126,341.95,312.00,0.0960
"CPU:Intel(R) Xeon(R) Gold 6240R,Memory:192002MiB,Cores:96",pts-workflow,picard-validate-sam,PTS-Hybrid,Realtime,1729.362572669983,191.25,259.00,0.2616
"CPU:Intel(R) Xeon(R) Gold 6240R,Memory:192002MiB,Cores:96",pts-workflow,picard-validate-sam,PTS-Hybrid,Realtime,2545.566870689392,311.87,264.00,0.1813
"CPU:Intel(R) Xeon(R) Gold 6240R,Memory:192002MiB,Cores:96",pts-workflow,gatk-base-recalibrator,PTS-Hybrid,Realtime,609.9719657897949,1333.37,1786.00,0.2534
"CPU:Intel(R) Xeon(R) Gold 6240R,Memory:192002MiB,Cores:96",pts-workflow,fastqc,PTS-Hybrid,Realtime,721.4454488754272,138.36,174.00,0.2048
"CPU:Intel(R) Xeon(R) Gold 6240R,Memory:192002MiB,Cores:96",pts-workflow,picard-markduplicate,PTS-Hybrid,Realtime,4590.344056129456,1749.68,1545.00,0.1325
"CPU:Intel(R) Xeon(R) Gold 6240R,Memory:192002MiB,Cores:96",pts-workflow,picard-collect-wgs-metrics,PTS-Hybrid,Realtime,5613.892818450928,1604.40,1237.00,0.2970
"CPU:Intel(R) Xeon(R) Gold 6240R,Memory:192002MiB,Cores:96",pts-workflow,fastqc,PTS-Hybrid,Realtime,415.2684383392334,99.76,103.00,0.0315
"CPU:Intel(R) Xeon(R) Gold 6240R,Memory:192002MiB,Cores:96",pts-workflow,gatk-base-recalibrator,PTS-Hybrid,Realtime,3055.7511615753174,2912.74,3410.00,0.1458
"CPU:Intel(R) Xeon(R) Gold 6240R,Memory:192002MiB,Cores:96",pts-workflow,burrows-wheeler-aligner,PTS-Hybrid,Realtime,2545.566870689392,1366.66,1850.00,0.2613
"CPU:Intel(R) Xeon(R) Gold 6240R,Memory:192002MiB,Cores:96",pts-workflow,fastqc,PTS-Hybrid,Realtime,883.0247402191162,152.44,202.00,0.2453
"CPU:Intel(R) Xeon(R) Gold 6240R,Memory:192002MiB,Cores:96",pts-workflow,picard-markduplicate,PTS-Hybrid,Realtime,2545.566870689392,1233.80,1028.00,0.2002
"CPU:Intel(R) Xeon(R) Gold 6240R,Memory:192002MiB,Cores:96",pts-workflow,picard-markduplicate,PTS-Hybrid,Realtime,6639.323947906494,2475.78,2326.00,0.0644
"CPU:Intel(R) Xeon(R) Gold 6240R,Memory:192002MiB,Cores:96",pts-workflow,burrows-wheeler-aligner,PTS-Hybrid,Realtime,812.8875761032104,418.10,411.00,0.0173
"CPU:Intel(R) Xeon(R) Gold 6240R,Memory:192002MiB,Cores:96",pts-workflow,samtools-index-markduplicate,PTS-Hybrid,Realtime,3055.7511615753174,40.58,43.00,0.0563
"CPU:Intel(R) Xeon(R) Gold 6240R,Memory:192002MiB,Cores:96",pts-workflow,gatk-base-recalibrator,PTS-Hybrid,Realtime,609.9719657897949,1333.37,1856.00,0.2816
"CPU:Intel(R) Xeon(R) Gold 6240R,Memory:192002MiB,Cores:96",pts-workflow,burrows-wheeler-aligner,PTS-Hybrid,Realtime,405.5044136047363,236.88,252.00,0.0600
"CPU:Intel(R) Xeon(R) Gold 6240R,Memory:192002MiB,Cores:96",pts-workflow,fastqc,PTS-Hybrid,Realtime,2246.5365028381348,308.60,447.00,0.3096
"CPU:Intel(R) Xeon(R) Gold 6240R,Memory:192002MiB,Cores:96",pts-workflow,fastqc,PTS-Hybrid,Realtime,1559.6764736175537,213.38,227.00,0.0600
"CPU:Intel(R) Xeon(R) Gold 6240R,Memory:192002MiB,Cores:96",pts-workflow,burrows-wheeler-aligner,PTS-Hybrid,Realtime,609.9719657897949,330.20,375.00,0.1195
"CPU:Intel(R) Xeon(R) Gold 6240R,Memory:192002MiB,Cores:96",pts-workflow,samtools-index-markduplicate,PTS-Hybrid,Realtime,5613.892818450928,56.08,43.00,0.3042
"CPU:Intel(R) Xeon(R) Gold 6240R,Memory:192002MiB,Cores:96",pts-workflow,samtools-sort-markduplicate,PTS-Hybrid,Realtime,812.8875761032104,82.70,62.00,0.3338
"CPU:Intel(R) Xeon(R) Gold 6240R,Memory:192002MiB,Cores:96",pts-workflow,gatk-apply-bqsr,PTS-Hybrid,Realtime,1474.3470220565796,597.40,583.00,0.0247
"CPU:Intel(R) Xeon(R) Gold 6240R,Memory:192002MiB,Cores:96",pts-workflow,samtools-sort-markduplicate,PTS-Hybrid,Realtime,3055.7511615753174,183.97,185.00,0.0056
"CPU:Intel(R) Xeon(R) Gold 6240R,Memory:192002MiB,Cores:96",pts-workflow,picard-markduplicate,PTS-Hybrid,Realtime,6639.323947906494,2475.78,2778.00,0.1088
"CPU:Intel(R) Xeon(R) Gold 6240R,Memory:192002MiB,Cores:96",pts-workflow,picard-markduplicate,PTS-Hybrid,Realtime,609.9719657897949,309.73,266.00,0.1644
"CPU:Intel(R) Xeon(R) Gold 6240R,Memory:192002MiB,Cores:96",pts-workflow,fastqc,PTS-Hybrid,Realtime,203.0108642578125,40.42,43.00,0.0601
"CPU:Intel(R) Xeon(R) Gold 6240R,Memory:192002MiB,Cores:96",pts-workflow,picard-markduplicate,PTS-Hybrid,Realtime,405.5044136047363,213.30,289.00,0.2619
"CPU:Intel(R) Xeon(R) Gold 6240R,Memory:192002MiB,Cores:96",pts-workflow,fastqc,PTS-Hybrid,Realtime,99.30306816101074,61.57,74.00,0.1679
"CPU:Intel(R) Xeon(R) Gold 6240R,Memory:192002MiB,Cores:96",pts-workflow,burrows-wheeler-aligner,PTS-Hybrid,Realtime,405.5044136047363,236.88,262.00,0.0959
"CPU:Intel(R) Xeon(R) Gold 6240R,Memory:192002MiB,Cores:96",pts-workflow,samtools-index-markduplicate,PTS-Hybrid,Realtime,2545.566870689392,43.60,105.00,0.5848
"CPU:Intel(R) Xeon(R) Gold 6240R,Memory:192002MiB,Cores:96",pts-workflow,burrows-wheeler-aligner,PTS-Hybrid,Realtime,1729.362572669983,842.87,706.00,0.1939
"CPU:Intel(R) Xeon(R) Gold 6240R,Memory:192002MiB,Cores:96",pts-workflow,fastqc,PTS-Hybrid,Realtime,752.9015731811523,141.29,178.00,0.2062
"CPU:Intel(R) Xeon(R) Gold 6240R,Memory:192002MiB,Cores:96",pts-workflow,burrows-wheeler-aligner,PTS-Hybrid,Realtime,609.9719657897949,330.20,361.00,0.0853
"CPU:Intel(R) Xeon(R) Gold 6240R,Memory:192002MiB,Cores:96",pts-workflow,picard-markduplicate,PTS-Hybrid,Realtime,4590.344056129456,1749.68,1701.00,0.0286
"CPU:Intel(R) Xeon(R) Gold 6240R,Memory:192002MiB,Cores:96",pts-workflow,fastq-cleaner,PTS-Hybrid,Realtime,203.0108642578125,85.58,94.00,0.0896
"CPU:Intel(R) Xeon(R) Gold 6240R,Memory:192002MiB,Cores:96",pts-workflow,picard-collect-wgs-metrics,PTS-Hybrid,Realtime,1474.3470220565796,801.74,696.00,0.1519
"CPU:Intel(R) Xeon(R) Gold 6240R,Memory:192002MiB,Cores:96",pts-workflow,burrows-wheeler-aligner,PTS-Hybrid,Realtime,1729.362572669983,842.87,965.00,0.1266
"CPU:Intel(R) Xeon(R) Gold 6240R,Memory:192002MiB,Cores:96",pts-workflow,fastqc,PTS-Hybrid,Realtime,311.80230712890625,98.91,78.00,0.2680
"CPU:Intel(R) Xeon(R) Gold 6240R,Memory:192002MiB,Cores:96",pts-workflow,gatk-apply-bqsr,PTS-Hybrid,Realtime,203.0108642578125,126.49,269.00,0.5298
"CPU:Intel(R) Xeon(R) Gold 6240R,Memory:192002MiB,Cores:96",pts-workflow,samtools-index-markduplicate,PTS-Hybrid,Realtime,609.9719657897949,26.39,29.00,0.0901
"CPU:Intel(R) Xeon(R) Gold 6240R,Memory:192002MiB,Cores:96",pts-workflow,fastqc,PTS-Hybrid,Realtime,2605.454553604126,341.95,511.00,0.3308
"CPU:Intel(R) Xeon(R) Gold 6240R,Memory:192002MiB,Cores:96",pts-workflow,fastqc,PTS-Hybrid,Realtime,3391.8936738967896,435.46,415.00,0.0493
"CPU:Intel(R) Xeon(R) Gold 6240R,Memory:192002MiB,Cores:96",pts-workflow,gatk-apply-bqsr,PTS-Hybrid,Realtime,812.8875761032104,357.14,569.00,0.3723
"CPU:Intel(R) Xeon(R) Gold 6240R,Memory:192002MiB,Cores:96",pts-workflow,samtools-index-markduplicate,PTS-Hybrid,Realtime,203.0108642578125,24.38,31.00,0.2134
"CPU:Intel(R) Xeon(R) Gold 6240R,Memory:192002MiB,Cores:96",pts-workflow,samtools-index-markduplicate,PTS-Hybrid,Realtime,3565.6447715759277,44.84,53.00,0.1540
"CPU:Intel(R) Xeon(R) Gold 6240R,Memory:192002MiB,Cores:96",pts-workflow,picard-validate-sam,PTS-Hybrid,Realtime,1474.3470220565796,177.95,151.00,0.1784
"CPU:Intel(R) Xeon(R) Gold 6240R,Memory:192002MiB,Cores:96",pts-workflow,burrows-wheeler-aligner,PTS-Hybrid,Realtime,812.8875761032104,418.10,444.00,0.0583
"CPU:Intel(R) Xeon(R) Gold 6240R,Memory:192002MiB,Cores:96",pts-workflow,fastq-cleaner,PTS-Hybrid,Realtime,3055.7511615753174,926.99,1019.00,0.0903
"CPU:Intel(R) Xeon(R) Gold 6240R,Memory:192002MiB,Cores:96",pts-workflow,picard-collect-wgs-metrics,PTS-Hybrid,Realtime,405.5044136047363,571.70,486.00,0.1763
"CPU:Intel(R) Xeon(R) Gold 6240R,Memory:192002MiB,Cores:96",pts-workflow,gatk-base-recalibrator,PTS-Hybrid,Realtime,609.9719657897949,1333.37,1126.00,0.1842
"CPU:Intel(R) Xeon(R) Gold 6240R,Memory:192002MiB,Cores:96",pts-workflow,burrows-wheeler-aligner,PTS-Hybrid,Realtime,812.8875761032104,418.10,447.00,0.0647
"CPU:Intel(R) Xeon(R) Gold 6240R,Memory:192002MiB,Cores:96",pts-workflow,fastqc,PTS-Hybrid,Realtime,1745.978126525879,238.25,245.00,0.0275
"CPU:Intel(R) Xeon(R) Gold 6240R,Memory:192002MiB,Cores:96",pts-workflow,fastqc,PTS-Hybrid,Realtime,2746.927348136902,376.51,424.00,0.1120
"CPU:Intel(R) Xeon(R) Gold 6240R,Memory:192002MiB,Cores:96",pts-workflow,picard-validate-sam,PTS-Hybrid,Realtime,1729.362572669983,191.25,189.00,0.0119
"CPU:Intel(R) Xeon(R) Gold 6240R,Memory:192002MiB,Cores:96",pts-workflow,fastqc,PTS-Hybrid,Realtime,846.3378324508667,153.89,132.00,0.1658
"CPU:Intel(R) Xeon(R) Gold 6240R,Memory:192002MiB,Cores:96",pts-workflow,samtools-index-markduplicate,PTS-Hybrid,Realtime,203.0108642578125,24.38,26.00,0.0622
"CPU:Intel(R) Xeon(R) Gold 6240R,Memory:192002MiB,Cores:96",pts-workflow,samtools-index-markduplicate,PTS-Hybrid,Realtime,1729.362572669983,37.67,35.00,0.0763
"CPU:Intel(R) Xeon(R) Gold 6240R,Memory:192002MiB,Cores:96",pts-workflow,burrows-wheeler-aligner,PTS-Hybrid,Realtime,812.8875761032104,418.10,471.00,0.1123
"CPU:Intel(R) Xeon(R) Gold 6240R,Memory:192002MiB,Cores:96",pts-workflow,samtools-index-markduplicate,PTS-Hybrid,Realtime,1474.3470220565796,36.45,30.00,0.2151
"CPU:Intel(R) Xeon(R) Gold 6240R,Memory:192002MiB,Cores:96",pts-workflow,fastqc,PTS-Hybrid,Realtime,405.5044136047363,53.57,54.00,0.0080
"CPU:Intel(R) Xeon(R) Gold 6240R,Memory:192002MiB,Cores:96",pts-workflow,fastqc,PTS-Hybrid,Realtime,311.80230712890625,98.91,77.00,0.2845
"CPU:Intel(R) Xeon(R) Gold 6240R,Memory:192002MiB,Cores:96",pts-workflow,gatk-base-recalibrator,PTS-Hybrid,Realtime,3055.7511615753174,2912.74,2696.00,0.0804
"CPU:Intel(R) Xeon(R) Gold 6240R,Memory:192002MiB,Cores:96",pts-workflow,burrows-wheeler-aligner,PTS-Hybrid,Realtime,5613.892818450928,2617.72,1998.00,0.3102
"CPU:Intel(R) Xeon(R) Gold 6240R,Memory:192002MiB,Cores:96",pts-workflow,samtools-index-markduplicate,PTS-Hybrid,Realtime,1474.3470220565796,36.45,48.00,0.2406
"CPU:Intel(R) Xeon(R) Gold 6240R,Memory:192002MiB,Cores:96",pts-workflow,fastqc,PTS-Hybrid,Realtime,1745.978126525879,238.25,249.00,0.0432
"CPU:Intel(R) Xeon(R) Gold 6240R,Memory:192002MiB,Cores:96",pts-workflow,samtools-sort-markduplicate,PTS-Hybrid,Realtime,1474.3470220565796,115.31,110.00,0.0483
"CPU:Intel(R) Xeon(R) Gold 6240R,Memory:192002MiB,Cores:96",pts-workflow,burrows-wheeler-aligner,PTS-Hybrid,Realtime,203.0108642578125,146.63,247.00,0.4064
"CPU:Intel(R) Xeon(R) Gold 6240R,Memory:192002MiB,Cores:96",pts-workflow,fastqc,PTS-Hybrid,Realtime,883.0247402191162,152.44,178.00,0.1436
"CPU:Intel(R) Xeon(R) Gold 6240R,Memory:192002MiB,Cores:96",pts-workflow,picard-collect-wgs-metrics,PTS-Hybrid,Realtime,3565.6447715759277,1180.35,983.00,0.2008
"CPU:Intel(R) Xeon(R) Gold 6240R,Memory:192002MiB,Cores:96",pts-workflow,burrows-wheeler-aligner,PTS-Hybrid,Realtime,5613.892818450928,2617.72,2259.00,0.1588
"CPU:Intel(R) Xeon(R) Gold 6240R,Memory:192002MiB,Cores:96",pts-workflow,samtools-index-markduplicate,PTS-Hybrid,Realtime,6639.323947906494,57.75,40.00,0.4438
"CPU:Intel(R) Xeon(R) Gold 6240R,Memory:192002MiB,Cores:96",pts-workflow,gatk-apply-bqsr,PTS-Hybrid,Realtime,4590.344056129456,1564.20,1232.00,0.2696
"CPU:Intel(R) Xeon(R) Gold 6240R,Memory:192002MiB,Cores:96",pts-workflow,fastqc,PTS-Hybrid,Realtime,397.61913776397705,97.13,77.00,0.2615
"CPU:Intel(R) Xeon(R) Gold 6240R,Memory:192002MiB,Cores:96",pts-workflow,burrows-wheeler-aligner,PTS-Hybrid,Realtime,1474.3470220565796,774.93,614.00,0.2621
"CPU:Intel(R) Xeon(R) Gold 6240R,Memory:192002MiB,Cores:96",pts-workflow,samtools-sort-markduplicate,PTS-Hybrid,Realtime,3055.7511615753174,183.97,169.00,0.0886
"CPU:Intel(R) Xeon(R) Gold 6240R,Memory:192002MiB,Cores:96",pts-workflow,samtools-index-markduplicate,PTS-Hybrid,Realtime,405.5044136047363,25.20,26.00,0.0308
"CPU:Intel(R) Xeon(R) Gold 6240R,Memory:192002MiB,Cores:96",pts-workflow,fastqc,PTS-Hybrid,Realtime,415.2684383392334,99.76,76.00,0.3126
"CPU:Intel(R) Xeon(R) Gold 6240R,Memory:192002MiB,Cores:96",pts-workflow,featurecounts,PTS-Hybrid,Realtime,203.0108642578125,23.12,37.00,0.3750
"CPU:Intel(R) Xeon(R) Gold 6240R,Memory:192002MiB,Cores:96",pts-workflow,samtools-index-markduplicate,PTS-Hybrid,Realtime,812.8875761032104,33.77,30.00,0.1255
"CPU:Intel(R) Xeon(R) Gold 6240R,Memory:192002MiB,Cores:96",pts-workflow,fastqc,PTS-Hybrid,Realtime,752.9015731811523,141.29,112.00,0.2615
"CPU:Intel(R) Xeon(R) Gold 6240R,Memory:192002MiB,Cores:96",pts-workflow,gatk-base-recalibrator,PTS-Hybrid,Realtime,1729.362572669983,2254.07,2319.00,0.0280
"CPU:Intel(R) Xeon(R) Gold 6240R,Memory:192002MiB,Cores:96",pts-workflow,picard-markduplicate,PTS-Hybrid,Realtime,6639.323947906494,2475.78,2418.00,0.0239
"CPU:Intel(R) Xeon(R) Gold 6240R,Memory:192002MiB,Cores:96",pts-workflow,fastq-cleaner,PTS-Hybrid,Realtime,609.9719657897949,201.07,220.00,0.0860
"CPU:Intel(R) Xeon(R) Gold 6240R,Memory:192002MiB,Cores:96",pts-workflow,samtools-index-markduplicate,PTS-Hybrid,Realtime,4590.344056129456,48.93,37.00,0.3224
"CPU:Intel(R) Xeon(R) Gold 6240R,Memory:192002MiB,Cores:96",pts-workflow,samtools-sort-markduplicate,PTS-Hybrid,Realtime,1474.3470220565796,115.31,121.00,0.0470
"CPU:Intel(R) Xeon(R) Gold 6240R,Memory:192002MiB,Cores:96",pts-workflow,picard-collect-wgs-metrics,PTS-Hybrid,Realtime,5102.182312011719,1568.27,2441.00,0.3575
"CPU:Intel(R) Xeon(R) Gold 6240R,Memory:192002MiB,Cores:96",pts-workflow,burrows-wheeler-aligner,PTS-Hybrid,Realtime,5102.182312011719,2463.90,2598.00,0.0516
"CPU:Intel(R) Xeon(R) Gold 6240R,Memory:192002MiB,Cores:96",pts-workflow,picard-validate-sam,PTS-Hybrid,Realtime,1474.3470220565796,177.95,129.00,0.3794
"CPU:Intel(R) Xeon(R) Gold 6240R,Memory:192002MiB,Cores:96",pts-workflow,picard-collect-wgs-metrics,PTS-Hybrid,Realtime,812.8875761032104,679.31,889.00,0.2359
"CPU:Intel(R) Xeon(R) Gold 6240R,Memory:192002MiB,Cores:96",pts-workflow,picard-markduplicate,PTS-Hybrid,Realtime,5613.892818450928,2251.78,2067.00,0.0894
"CPU:Intel(R) Xeon(R) Gold 6240R,Memory:192002MiB,Cores:96",pts-workflow,burrows-wheeler-aligner,PTS-Hybrid,Realtime,5102.182312011719,2463.90,2765.00,0.1089
"CPU:Intel(R) Xeon(R) Gold 6240R,Memory:192002MiB,Cores:96",pts-workflow,picard-collect-wgs-metrics,PTS-Hybrid,Realtime,812.8875761032104,679.31,838.00,0.1894
"CPU:Intel(R) Xeon(R) Gold 6240R,Memory:192002MiB,Cores:96",pts-workflow,samtools-sort-markduplicate,PTS-Hybrid,Realtime,1474.3470220565796,115.31,103.00,0.1195
"CPU:Intel(R) Xeon(R) Gold 6240R,Memory:192002MiB,Cores:96",pts-workflow,samtools-index-markduplicate,PTS-Hybrid,Realtime,4590.344056129456,48.93,36.00,0.3591
"CPU:Intel(R) Xeon(R) Gold 6240R,Memory:192002MiB,Cores:96",pts-workflow,samtools-sort-markduplicate,PTS-Hybrid,Realtime,3565.6447715759277,188.54,159.00,0.1858
"CPU:Intel(R) Xeon(R) Gold 6240R,Memory:192002MiB,Cores:96",pts-workflow,picard-validate-sam,PTS-Hybrid,Realtime,812.8875761032104,111.16,100.00,0.1116
"CPU:Intel(R) Xeon(R) Gold 6240R,Memory:192002MiB,Cores:96",pts-workflow,fastqc,PTS-Hybrid,Realtime,3391.8936738967896,435.46,665.00,0.3452
"CPU:Intel(R) Xeon(R) Gold 6240R,Memory:192002MiB,Cores:96",pts-workflow,fastqc,PTS-Hybrid,Realtime,846.3378324508667,153.89,170.00,0.0948
"CPU:Intel(R) Xeon(R) Gold 6240R,Memory:192002MiB,Cores:96",pts-workflow,picard-collect-wgs-metrics,PTS-Hybrid,Realtime,1474.3470220565796,801.74,1251.00,0.3591
"CPU:Intel(R) Xeon(R) Gold 6240R,Memory:192002MiB,Cores:96",pts-workflow,gatk-apply-bqsr,PTS-Hybrid,Realtime,4590.344056129456,1564.20,1584.00,0.0125
"CPU:Intel(R) Xeon(R) Gold 6240R,Memory:192002MiB,Cores:96",pts-workflow,burrows-wheeler-aligner,PTS-Hybrid,Realtime,203.0108642578125,146.63,141.00,0.0399
"CPU:Intel(R) Xeon(R) Gold 6240R,Memory:192002MiB,Cores:96",pts-workflow,samtools-index-markduplicate,PTS-Hybrid,Realtime,609.9719657897949,26.39,29.00,0.0901
"CPU:Intel(R) Xeon(R) Gold 6240R,Memory:192002MiB,Cores:96",pts-workflow,burrows-wheeler-aligner,PTS-Hybrid,Realtime,5613.892818450928,2617.72,2733.00,0.0422
"CPU:Intel(R) Xeon(R) Gold 6240R,Memory:192002MiB,Cores:96",pts-workflow,picard-markduplicate,PTS-Hybrid,Realtime,5613.892818450928,2251.78,2500.00,0.0993
