Machine,Workflow,TaskName,Estimator,Feature,SizeInput,Predicted,Real,Deviation
"CPU:Intel(R) Xeon(R) Gold 6126,Memory:191889MiB,Cores:48",dnaseq-0,burrows-wheeler-aligner,Lotaru-G,Realtime,203.0108642578125,205.55018278053836,135.0,0.5225939465225063
"CPU:Intel(R) Xeon(R) Gold 6126,Memory:191889MiB,Cores:48",dnaseq-0,burrows-wheeler-aligner,Lotaru-G,Realtime,203.0108642578125,205.55018278053836,134.0,0.5339565879144654
"CPU:Intel(R) Xeon(R) Gold 6126,Memory:191889MiB,Cores:48",dnaseq-0,burrows-wheeler-aligner,Lotaru-G,Realtime,3565.6447715759277,1988.309500607474,1851.0,0.07418125370474019
"CPU:Intel(R) Xeon(R) Gold 6126,Memory:191889MiB,Cores:48",dnaseq-0,burrows-wheeler-aligner,Lotaru-G,Realtime,609.9719657897949,421.3077453776193,341.0,0.23550658468510063
"CPU:Intel(R) Xeon(R) Gold 6126,Memory:191889MiB,Cores:48",dnaseq-0,burrows-wheeler-aligner,Lotaru-G,Realtime,812.8875761032104,528.8870135909992,376.0,0.4066143978484022
"CPU:Intel(R) Xeon(R) Gold 6126,Memory:191889MiB,Cores:48",dnaseq-0,burrows-wheeler-aligner,Lotaru-G,Realtime,6639.323947906494,3617.874402004737,2404.0,0.5049394351101235
"CPU:Intel(R) Xeon(R) Gold 6126,Memory:191889MiB,Cores:48",dnaseq-0,burrows-wheeler-aligner,Lotaru-G,Realtime,4590.344056129456,2531.571790782072,1972.0,0.28375851459537127
"CPU:Intel(R) Xeon(R) Gold 6126,Memory:191889MiB,Cores:48",dnaseq-0,burrows-wheeler-aligner,Lotaru-G,Realtime,1729.362572669983,1014.772300160274,785.0,0.29270356708315154
"CPU:Intel(R) Xeon(R) Gold 6126,Memory:191889MiB,Cores:48",dnaseq-0,burrows-wheeler-aligner,Lotaru-G,Realtime,5613.892818450928,3074.224111425018,2278.0,0.34952770475198325
"CPU:Intel(R) Xeon(R) Gold 6126,Memory:191889MiB,Cores:48",dnaseq-0,burrows-wheeler-aligner,Lotaru-G,Realtime,609.9719657897949,421.3077453776193,400.0,0.053269363444048284
"CPU:Intel(R) Xeon(R) Gold 6126,Memory:191889MiB,Cores:48",dnaseq-0,burrows-wheeler-aligner,Lotaru-G,Realtime,6639.323947906494,3617.874402004737,2957.0,0.2234948941510778
"CPU:Intel(R) Xeon(R) Gold 6126,Memory:191889MiB,Cores:48",dnaseq-0,burrows-wheeler-aligner,Lotaru-G,Realtime,203.0108642578125,205.55018278053836,167.0,0.23083941784753512
"CPU:Intel(R) Xeon(R) Gold 6126,Memory:191889MiB,Cores:48",dnaseq-0,burrows-wheeler-aligner,Lotaru-A,Realtime,203.0108642578125,213.4273000375591,135.0,0.5809429632411784
"CPU:Intel(R) Xeon(R) Gold 6126,Memory:191889MiB,Cores:48",dnaseq-0,burrows-wheeler-aligner,Lotaru-A,Realtime,203.0108642578125,213.4273000375591,134.0,0.5927410450564111
"CPU:Intel(R) Xeon(R) Gold 6126,Memory:191889MiB,Cores:48",dnaseq-0,burrows-wheeler-aligner,Lotaru-A,Realtime,3565.6447715759277,2064.505721246477,1851.0,0.11534614870150035
"CPU:Intel(R) Xeon(R) Gold 6126,Memory:191889MiB,Cores:48",dnaseq-0,burrows-wheeler-aligner,Lotaru-A,Realtime,609.9719657897949,437.4531482507164,341.0,0.28285380718685166
"CPU:Intel(R) Xeon(R) Gold 6126,Memory:191889MiB,Cores:48",dnaseq-0,burrows-wheeler-aligner,Lotaru-A,Realtime,812.8875761032104,549.1550812979488,376.0,0.46051883323922543
"CPU:Intel(R) Xeon(R) Gold 6126,Memory:191889MiB,Cores:48",dnaseq-0,burrows-wheeler-aligner,Lotaru-A,Realtime,6639.323947906494,3756.5189923439834,2404.0,0.5626118936539033
"CPU:Intel(R) Xeon(R) Gold 6126,Memory:191889MiB,Cores:48",dnaseq-0,burrows-wheeler-aligner,Lotaru-A,Realtime,4590.344056129456,2628.5869700964463,1972.0,0.3329548529900843
"CPU:Intel(R) Xeon(R) Gold 6126,Memory:191889MiB,Cores:48",dnaseq-0,burrows-wheeler-aligner,Lotaru-A,Realtime,1729.362572669983,1053.6605185476717,785.0,0.34224269878684294
"CPU:Intel(R) Xeon(R) Gold 6126,Memory:191889MiB,Cores:48",dnaseq-0,burrows-wheeler-aligner,Lotaru-A,Realtime,5613.892818450928,3192.0348740936656,2278.0,0.4012444574599059
"CPU:Intel(R) Xeon(R) Gold 6126,Memory:191889MiB,Cores:48",dnaseq-0,burrows-wheeler-aligner,Lotaru-A,Realtime,609.9719657897949,437.4531482507164,400.0,0.09363287062679106
"CPU:Intel(R) Xeon(R) Gold 6126,Memory:191889MiB,Cores:48",dnaseq-0,burrows-wheeler-aligner,Lotaru-A,Realtime,6639.323947906494,3756.5189923439834,2957.0,0.27038180329522604
"CPU:Intel(R) Xeon(R) Gold 6126,Memory:191889MiB,Cores:48",dnaseq-0,burrows-wheeler-aligner,Lotaru-A,Realtime,203.0108642578125,213.4273000375591,167.0,0.2780077846560425
"CPU:Intel(R) Xeon(R) Gold 6126,Memory:191889MiB,Cores:48",dnaseq-0,burrows-wheeler-aligner,OnlineP,Realtime,203.0108642578125,177.72644241000108,135.0,0.316492166000008
"CPU:Intel(R) Xeon(R) Gold 6126,Memory:191889MiB,Cores:48",dnaseq-0,burrows-wheeler-aligner,OnlineP,Realtime,203.0108642578125,177.72644241000108,134.0,0.3263167344029932
"CPU:Intel(R) Xeon(R) Gold 6126,Memory:191889MiB,Cores:48",dnaseq-0,burrows-wheeler-aligner,OnlineP,Realtime,3565.6447715759277,1796.9699291208422,1851.0,0.029189665520884846
"CPU:Intel(R) Xeon(R) Gold 6126,Memory:191889MiB,Cores:48",dnaseq-0,burrows-wheeler-aligner,OnlineP,Realtime,609.9719657897949,366.0,341.0,0.07331378299120235
"CPU:Intel(R) Xeon(R) Gold 6126,Memory:191889MiB,Cores:48",dnaseq-0,burrows-wheeler-aligner,OnlineP,Realtime,812.8875761032104,487.75496176869154,376.0,0.2972206430018392
"CPU:Intel(R) Xeon(R) Gold 6126,Memory:191889MiB,Cores:48",dnaseq-0,burrows-wheeler-aligner,OnlineP,Realtime,6639.323947906494,3346.005070159241,2404.0,0.3918490308482699
"CPU:Intel(R) Xeon(R) Gold 6126,Memory:191889MiB,Cores:48",dnaseq-0,burrows-wheeler-aligner,OnlineP,Realtime,4590.344056129456,2313.3853094225924,1972.0,0.1731162826686574
"CPU:Intel(R) Xeon(R) Gold 6126,Memory:191889MiB,Cores:48",dnaseq-0,burrows-wheeler-aligner,OnlineP,Realtime,1729.362572669983,910.0000000000001,785.0,0.15923566878980905
"CPU:Intel(R) Xeon(R) Gold 6126,Memory:191889MiB,Cores:48",dnaseq-0,burrows-wheeler-aligner,OnlineP,Realtime,5613.892818450928,2829.2208636378323,2278.0,0.24197579615356993
"CPU:Intel(R) Xeon(R) Gold 6126,Memory:191889MiB,Cores:48",dnaseq-0,burrows-wheeler-aligner,OnlineP,Realtime,609.9719657897949,366.0,400.0,0.085
"CPU:Intel(R) Xeon(R) Gold 6126,Memory:191889MiB,Cores:48",dnaseq-0,burrows-wheeler-aligner,OnlineP,Realtime,6639.323947906494,3346.005070159241,2957.0,0.13155396353034862
"CPU:Intel(R) Xeon(R) Gold 6126,Memory:191889MiB,Cores:48",dnaseq-0,burrows-wheeler-aligner,OnlineP,Realtime,203.0108642578125,177.72644241000108,167.0,0.06423019407186278
"CPU:Intel(R) Xeon(R) Gold 6126,Memory:191889MiB,Cores:48",dnaseq-0,burrows-wheeler-aligner,Naive,Realtime,203.0108642578125,127.17606996727152,135.0,0.05795503727947025
"CPU:Intel(R) Xeon(R) Gold 6126,Memory:191889MiB,Cores:48",dnaseq-0,burrows-wheeler-aligner,Naive,Realtime,203.0108642578125,127.17606996727152,134.0,0.05092485099051107
"CPU:Intel(R) Xeon(R) Gold 6126,Memory:191889MiB,Cores:48",dnaseq-0,burrows-wheeler-aligner,Naive,Realtime,3565.6447715759277,2233.6966575961233,1851.0,0.20675130070022865
"CPU:Intel(R) Xeon(R) Gold 6126,Memory:191889MiB,Cores:48",dnaseq-0,burrows-wheeler-aligner,Naive,Realtime,609.9719657897949,382.116679730217,341.0,0.12057677340239593
"CPU:Intel(R) Xeon(R) Gold 6126,Memory:191889MiB,Cores:48",dnaseq-0,burrows-wheeler-aligner,Naive,Realtime,812.8875761032104,509.23307790434797,376.0,0.3543432922987978
"CPU:Intel(R) Xeon(R) Gold 6126,Memory:191889MiB,Cores:48",dnaseq-0,burrows-wheeler-aligner,Naive,Realtime,6639.323947906494,4159.201676330205,2404.0,0.7301171698544947
"CPU:Intel(R) Xeon(R) Gold 6126,Memory:191889MiB,Cores:48",dnaseq-0,burrows-wheeler-aligner,Naive,Realtime,4590.344056129456,2875.6190905861963,1972.0,0.458224690966631
"CPU:Intel(R) Xeon(R) Gold 6126,Memory:191889MiB,Cores:48",dnaseq-0,burrows-wheeler-aligner,Naive,Realtime,1729.362572669983,1083.3584515031425,785.0,0.38007446051355737
"CPU:Intel(R) Xeon(R) Gold 6126,Memory:191889MiB,Cores:48",dnaseq-0,burrows-wheeler-aligner,Naive,Realtime,5613.892818450928,3516.8207794110854,2278.0,0.5438194817432332
"CPU:Intel(R) Xeon(R) Gold 6126,Memory:191889MiB,Cores:48",dnaseq-0,burrows-wheeler-aligner,Naive,Realtime,609.9719657897949,382.116679730217,400.0,0.04470830067445746
"CPU:Intel(R) Xeon(R) Gold 6126,Memory:191889MiB,Cores:48",dnaseq-0,burrows-wheeler-aligner,Naive,Realtime,6639.323947906494,4159.201676330205,2957.0,0.4065612703179592
"CPU:Intel(R) Xeon(R) Gold 6126,Memory:191889MiB,Cores:48",dnaseq-0,burrows-wheeler-aligner,Naive,Realtime,203.0108642578125,127.17606996727152,167.0,0.23846664690256578
"CPU:Intel(R) Xeon(R) Gold 6126,Memory:191889MiB,Cores:48",dnaseq-0,burrows-wheeler-aligner,Perfect,Realtime,203.0108642578125,135.0,135.0,0.0
"CPU:Intel(R) Xeon(R) Gold 6126,Memory:191889MiB,Cores:48",dnaseq-0,burrows-wheeler-aligner,Perfect,Realtime,203.0108642578125,134.0,134.0,0.0
"CPU:Intel(R) Xeon(R) Gold 6126,Memory:191889MiB,Cores:48",dnaseq-0,burrows-wheeler-aligner,Perfect,Realtime,3565.6447715759277,1851.0,1851.0,0.0
"CPU:Intel(R) Xeon(R) Gold 6126,Memory:191889MiB,Cores:48",dnaseq-0,burrows-wheeler-aligner,Perfect,Realtime,609.9719657897949,341.0,341.0,0.0
"CPU:Intel(R) Xeon(R) Gold 6126,Memory:191889MiB,Cores:48",dnaseq-0,burrows-wheeler-aligner,Perfect,Realtime,812.8875761032104,376.0,376.0,0.0
"CPU:Intel(R) Xeon(R) Gold 6126,Memory:191889MiB,Cores:48",dnaseq-0,burrows-wheeler-aligner,Perfect,Realtime,6639.323947906494,2404.0,2404.0,0.0
"CPU:Intel(R) Xeon(R) Gold 6126,Memory:191889MiB,Cores:48",dnaseq-0,burrows-wheeler-aligner,Perfect,Realtime,4590.344056129456,1972.0,1972.0,0.0
"CPU:Intel(R) Xeon(R) Gold 6126,Memory:191889MiB,Cores:48",dnaseq-0,burrows-wheeler-aligner,Perfect,Realtime,1729.362572669983,785.0,785.0,0.0
"CPU:Intel(R) Xeon(R) Gold 6126,Memory:191889MiB,Cores:48",dnaseq-0,burrows-wheeler-aligner,Perfect,Realtime,5613.892818450928,2278.0,2278.0,0.0
"CPU:Intel(R) Xeon(R) Gold 6126,Memory:191889MiB,Cores:48",dnaseq-0,burrows-wheeler-aligner,Perfect,Realtime,609.9719657897949,400.0,400.0,0.0
"CPU:Intel(R) Xeon(R) Gold 6126,Memory:191889MiB,Cores:48",dnaseq-0,burrows-wheeler-aligner,Perfect,Realtime,6639.323947906494,2957.0,2957.0,0.0
"CPU:Intel(R) Xeon(R) Gold 6126,Memory:191889MiB,Cores:48",dnaseq-0,burrows-wheeler-aligner,Perfect,Realtime,203.0108642578125,167.0,167.0,0.0
"CPU:Intel(R) Xeon(R) Gold 6126,Memory:191889MiB,Cores:48",dnaseq-0,fastq-cleaner,Lotaru-G,Realtime,5102.182312011719,1366.6541833738931,1196.0,0.1426874442925528
"CPU:Intel(R) Xeon(R) Gold 6126,Memory:191889MiB,Cores:48",dnaseq-0,fastq-cleaner,Lotaru-G,Realtime,1729.362572669983,500.223015763963,606.0,0.17454947893735476
"CPU:Intel(R) Xeon(R) Gold 6126,Memory:191889MiB,Cores:48",dnaseq-0,fastq-cleaner,Lotaru-G,Realtime,1729.362572669983,500.223015763963,534.0,0.06325277946823404
"CPU:Intel(R) Xeon(R) Gold 6126,Memory:191889MiB,Cores:48",dnaseq-0,fastq-cleaner,Lotaru-G,Realtime,6639.323947906494,1761.524803595678,2609.0,0.3248275954021932
"CPU:Intel(R) Xeon(R) Gold 6126,Memory:191889MiB,Cores:48",dnaseq-0,fastq-cleaner,Lotaru-G,Realtime,4590.344056129456,1235.1699500190296,1073.0,0.151136952487446
"CPU:Intel(R) Xeon(R) Gold 6126,Memory:191889MiB,Cores:48",dnaseq-0,fastq-cleaner,Lotaru-G,Realtime,5613.892818450928,1498.105599647602,1993.0,0.2483163072515795
"CPU:Intel(R) Xeon(R) Gold 6126,Memory:191889MiB,Cores:48",dnaseq-0,fastq-cleaner,Lotaru-G,Realtime,609.9719657897949,212.6669097504001,206.0,0.032363639565049
"CPU:Intel(R) Xeon(R) Gold 6126,Memory:191889MiB,Cores:48",dnaseq-0,fastq-cleaner,Lotaru-G,Realtime,609.9719657897949,212.6669097504001,192.0,0.1076401549500005
"CPU:Intel(R) Xeon(R) Gold 6126,Memory:191889MiB,Cores:48",dnaseq-0,fastq-cleaner,Lotaru-G,Realtime,609.9719657897949,212.6669097504001,218.0,0.02446371674128397
"CPU:Intel(R) Xeon(R) Gold 6126,Memory:191889MiB,Cores:48",dnaseq-0,fastq-cleaner,Lotaru-G,Realtime,609.9719657897949,212.6669097504001,191.0,0.11343931806492195
"CPU:Intel(R) Xeon(R) Gold 6126,Memory:191889MiB,Cores:48",dnaseq-0,fastq-cleaner,Lotaru-A,Realtime,5102.182312011719,1113.802527759714,1196.0,0.06872698347850005
"CPU:Intel(R) Xeon(R) Gold 6126,Memory:191889MiB,Cores:48",dnaseq-0,fastq-cleaner,Lotaru-A,Realtime,1729.362572669983,407.67420623265497,606.0,0.3272702867447938
"CPU:Intel(R) Xeon(R) Gold 6126,Memory:191889MiB,Cores:48",dnaseq-0,fastq-cleaner,Lotaru-A,Realtime,1729.362572669983,407.67420623265497,534.0,0.23656515686768734
"CPU:Intel(R) Xeon(R) Gold 6126,Memory:191889MiB,Cores:48",dnaseq-0,fastq-cleaner,Lotaru-A,Realtime,6639.323947906494,1435.6161220775573,2609.0,0.44974468299058745
"CPU:Intel(R) Xeon(R) Gold 6126,Memory:191889MiB,Cores:48",dnaseq-0,fastq-cleaner,Lotaru-A,Realtime,4590.344056129456,1006.6448625267603,1073.0,0.061840761857632494
"CPU:Intel(R) Xeon(R) Gold 6126,Memory:191889MiB,Cores:48",dnaseq-0,fastq-cleaner,Lotaru-A,Realtime,5613.892818450928,1220.9334475669493,1993.0,0.38738913820022614
"CPU:Intel(R) Xeon(R) Gold 6126,Memory:191889MiB,Cores:48",dnaseq-0,fastq-cleaner,Lotaru-A,Realtime,609.9719657897949,173.3203209213309,206.0,0.15863921882849075
"CPU:Intel(R) Xeon(R) Gold 6126,Memory:191889MiB,Cores:48",dnaseq-0,fastq-cleaner,Lotaru-A,Realtime,609.9719657897949,173.3203209213309,192.0,0.09728999520140154
"CPU:Intel(R) Xeon(R) Gold 6126,Memory:191889MiB,Cores:48",dnaseq-0,fastq-cleaner,Lotaru-A,Realtime,609.9719657897949,173.3203209213309,218.0,0.20495265632417017
"CPU:Intel(R) Xeon(R) Gold 6126,Memory:191889MiB,Cores:48",dnaseq-0,fastq-cleaner,Lotaru-A,Realtime,609.9719657897949,173.3203209213309,191.0,0.09256376480978584
"CPU:Intel(R) Xeon(R) Gold 6126,Memory:191889MiB,Cores:48",dnaseq-0,fastq-cleaner,OnlineP,Realtime,5102.182312011719,1303.3407119561361,1196.0,0.08974975916064895
"CPU:Intel(R) Xeon(R) Gold 6126,Memory:191889MiB,Cores:48",dnaseq-0,fastq-cleaner,OnlineP,Realtime,1729.362572669983,562.0,606.0,0.07260726072607261
"CPU:Intel(R) Xeon(R) Gold 6126,Memory:191889MiB,Cores:48",dnaseq-0,fastq-cleaner,OnlineP,Realtime,1729.362572669983,562.0,534.0,0.052434456928838954
"CPU:Intel(R) Xeon(R) Gold 6126,Memory:191889MiB,Cores:48",dnaseq-0,fastq-cleaner,OnlineP,Realtime,6639.323947906494,1695.9999999999998,2609.0,0.3499425067075509
"CPU:Intel(R) Xeon(R) Gold 6126,Memory:191889MiB,Cores:48",dnaseq-0,fastq-cleaner,OnlineP,Realtime,4590.344056129456,1172.5928091896142,1073.0,0.09281715674707751
"CPU:Intel(R) Xeon(R) Gold 6126,Memory:191889MiB,Cores:48",dnaseq-0,fastq-cleaner,OnlineP,Realtime,5613.892818450928,1434.05598142187,1993.0,0.2804535968781385
"CPU:Intel(R) Xeon(R) Gold 6126,Memory:191889MiB,Cores:48",dnaseq-0,fastq-cleaner,OnlineP,Realtime,609.9719657897949,192.0,206.0,0.06796116504854369
"CPU:Intel(R) Xeon(R) Gold 6126,Memory:191889MiB,Cores:48",dnaseq-0,fastq-cleaner,OnlineP,Realtime,609.9719657897949,192.0,192.0,0.0
"CPU:Intel(R) Xeon(R) Gold 6126,Memory:191889MiB,Cores:48",dnaseq-0,fastq-cleaner,OnlineP,Realtime,609.9719657897949,192.0,218.0,0.11926605504587157
"CPU:Intel(R) Xeon(R) Gold 6126,Memory:191889MiB,Cores:48",dnaseq-0,fastq-cleaner,OnlineP,Realtime,609.9719657897949,192.0,191.0,0.005235602094240838
"CPU:Intel(R) Xeon(R) Gold 6126,Memory:191889MiB,Cores:48",dnaseq-0,fastq-cleaner,Naive,Realtime,5102.182312011719,1492.2009690954908,1196.0,0.24765967315676488
"CPU:Intel(R) Xeon(R) Gold 6126,Memory:191889MiB,Cores:48",dnaseq-0,fastq-cleaner,Naive,Realtime,1729.362572669983,505.7750486062389,606.0,0.16538770857056287
"CPU:Intel(R) Xeon(R) Gold 6126,Memory:191889MiB,Cores:48",dnaseq-0,fastq-cleaner,Naive,Realtime,1729.362572669983,505.7750486062389,534.0,0.05285571422052641
"CPU:Intel(R) Xeon(R) Gold 6126,Memory:191889MiB,Cores:48",dnaseq-0,fastq-cleaner,Naive,Realtime,6639.323947906494,1941.758452237411,2609.0,0.25574608959853934
"CPU:Intel(R) Xeon(R) Gold 6126,Memory:191889MiB,Cores:48",dnaseq-0,fastq-cleaner,Naive,Realtime,4590.344056129456,1342.507074455627,1073.0,0.2511715512168005
"CPU:Intel(R) Xeon(R) Gold 6126,Memory:191889MiB,Cores:48",dnaseq-0,fastq-cleaner,Naive,Realtime,5613.892818450928,1641.8575017143467,1993.0,0.17618790681668506
"CPU:Intel(R) Xeon(R) Gold 6126,Memory:191889MiB,Cores:48",dnaseq-0,fastq-cleaner,Naive,Realtime,609.9719657897949,178.39440122117747,206.0,0.13400776106224527
"CPU:Intel(R) Xeon(R) Gold 6126,Memory:191889MiB,Cores:48",dnaseq-0,fastq-cleaner,Naive,Realtime,609.9719657897949,178.39440122117747,192.0,0.07086249363970065
"CPU:Intel(R) Xeon(R) Gold 6126,Memory:191889MiB,Cores:48",dnaseq-0,fastq-cleaner,Naive,Realtime,609.9719657897949,178.39440122117747,218.0,0.18167705861845196
"CPU:Intel(R) Xeon(R) Gold 6126,Memory:191889MiB,Cores:48",dnaseq-0,fastq-cleaner,Naive,Realtime,609.9719657897949,178.39440122117747,191.0,0.06599789936556295
"CPU:Intel(R) Xeon(R) Gold 6126,Memory:191889MiB,Cores:48",dnaseq-0,fastq-cleaner,Perfect,Realtime,5102.182312011719,1196.0,1196.0,0.0
"CPU:Intel(R) Xeon(R) Gold 6126,Memory:191889MiB,Cores:48",dnaseq-0,fastq-cleaner,Perfect,Realtime,1729.362572669983,606.0,606.0,0.0
"CPU:Intel(R) Xeon(R) Gold 6126,Memory:191889MiB,Cores:48",dnaseq-0,fastq-cleaner,Perfect,Realtime,1729.362572669983,534.0,534.0,0.0
"CPU:Intel(R) Xeon(R) Gold 6126,Memory:191889MiB,Cores:48",dnaseq-0,fastq-cleaner,Perfect,Realtime,6639.323947906494,2609.0,2609.0,0.0
"CPU:Intel(R) Xeon(R) Gold 6126,Memory:191889MiB,Cores:48",dnaseq-0,fastq-cleaner,Perfect,Realtime,4590.344056129456,1073.0,1073.0,0.0
"CPU:Intel(R) Xeon(R) Gold 6126,Memory:191889MiB,Cores:48",dnaseq-0,fastq-cleaner,Perfect,Realtime,5613.892818450928,1993.0,1993.0,0.0
"CPU:Intel(R) Xeon(R) Gold 6126,Memory:191889MiB,Cores:48",dnaseq-0,fastq-cleaner,Perfect,Realtime,609.9719657897949,206.0,206.0,0.0
"CPU:Intel(R) Xeon(R) Gold 6126,Memory:191889MiB,Cores:48",dnaseq-0,fastq-cleaner,Perfect,Realtime,609.9719657897949,192.0,192.0,0.0
"CPU:Intel(R) Xeon(R) Gold 6126,Memory:191889MiB,Cores:48",dnaseq-0,fastq-cleaner,Perfect,Realtime,609.9719657897949,218.0,218.0,0.0
"CPU:Intel(R) Xeon(R) Gold 6126,Memory:191889MiB,Cores:48",dnaseq-0,fastq-cleaner,Perfect,Realtime,609.9719657897949,191.0,191.0,0.0
"CPU:Intel(R) Xeon(R) Gold 6126,Memory:191889MiB,Cores:48",dnaseq-0,fastqc,Lotaru-G,Realtime,883.0247402191162,157.7262777350782,115.0,0.3715328498702453
"CPU:Intel(R) Xeon(R) Gold 6126,Memory:191889MiB,Cores:48",dnaseq-0,fastqc,Lotaru-G,Realtime,198.34341430664062,87.04829554684778,68.0,0.2801219933359968
"CPU:Intel(R) Xeon(R) Gold 6126,Memory:191889MiB,Cores:48",dnaseq-0,fastqc,Lotaru-G,Realtime,99.30306816101074,76.82460233969314,52.0,0.47739619884025275
"CPU:Intel(R) Xeon(R) Gold 6126,Memory:191889MiB,Cores:48",dnaseq-0,fastqc,Lotaru-G,Realtime,1559.6764736175537,227.57538468572332,251.0,0.09332516061464813
"CPU:Intel(R) Xeon(R) Gold 6126,Memory:191889MiB,Cores:48",dnaseq-0,fastqc,Lotaru-G,Realtime,721.4454488754272,141.04684185247024,103.0,0.3693868141016528
"CPU:Intel(R) Xeon(R) Gold 6126,Memory:191889MiB,Cores:48",dnaseq-0,fastqc,Lotaru-G,Realtime,752.9015731811523,144.29398079032262,223.0,0.3529417901779255
"CPU:Intel(R) Xeon(R) Gold 6126,Memory:191889MiB,Cores:48",dnaseq-0,fastqc,Lotaru-G,Realtime,311.80230712890625,98.76038013642155,79.0,0.2501313941319183
"CPU:Intel(R) Xeon(R) Gold 6126,Memory:191889MiB,Cores:48",dnaseq-0,fastqc,Lotaru-G,Realtime,397.61913776397705,107.61904211174648,105.0,0.02494325820710934
"CPU:Intel(R) Xeon(R) Gold 6126,Memory:191889MiB,Cores:48",dnaseq-0,fastqc,Lotaru-G,Realtime,2343.807553291321,308.51932223004155,414.0,0.25478424582115566
"CPU:Intel(R) Xeon(R) Gold 6126,Memory:191889MiB,Cores:48",dnaseq-0,fastqc,Lotaru-G,Realtime,198.34341430664062,87.04829554684778,58.0,0.5008326818422032
"CPU:Intel(R) Xeon(R) Gold 6126,Memory:191889MiB,Cores:48",dnaseq-0,fastqc,Lotaru-G,Realtime,1299.3983907699585,200.7075134480014,230.0,0.12735863718260257
"CPU:Intel(R) Xeon(R) Gold 6126,Memory:191889MiB,Cores:48",dnaseq-0,fastqc,Lotaru-G,Realtime,1299.3983907699585,200.7075134480014,231.0,0.13113630541990734
"CPU:Intel(R) Xeon(R) Gold 6126,Memory:191889MiB,Cores:48",dnaseq-0,fastqc,Lotaru-G,Realtime,99.30306816101074,76.82460233969314,53.0,0.4495207988621348
"CPU:Intel(R) Xeon(R) Gold 6126,Memory:191889MiB,Cores:48",dnaseq-0,fastqc,Lotaru-G,Realtime,1299.3983907699585,200.7075134480014,219.0,0.08352733585387485
"CPU:Intel(R) Xeon(R) Gold 6126,Memory:191889MiB,Cores:48",dnaseq-0,fastqc,Lotaru-G,Realtime,298.1696586608887,97.35311510795466,78.0,0.24811686035839314
"CPU:Intel(R) Xeon(R) Gold 6126,Memory:191889MiB,Cores:48",dnaseq-0,fastqc,Lotaru-G,Realtime,846.3378324508667,153.93917778704042,138.0,0.11550128831188711
"CPU:Intel(R) Xeon(R) Gold 6126,Memory:191889MiB,Cores:48",dnaseq-0,fastqc,Lotaru-G,Realtime,415.2684383392334,109.44093633389468,73.0,0.4991909086834888
"CPU:Intel(R) Xeon(R) Gold 6126,Memory:191889MiB,Cores:48",dnaseq-0,fastqc,Lotaru-G,Realtime,846.3378324508667,153.93917778704042,132.0,0.1662058923260638
"CPU:Intel(R) Xeon(R) Gold 6126,Memory:191889MiB,Cores:48",dnaseq-0,fastqc,Lotaru-G,Realtime,3247.4302740097046,401.7980902389392,581.0,0.30843702196396006
"CPU:Intel(R) Xeon(R) Gold 6126,Memory:191889MiB,Cores:48",dnaseq-0,fastqc,Lotaru-G,Realtime,397.61913776397705,107.61904211174648,101.0,0.0655350704133315
"CPU:Intel(R) Xeon(R) Gold 6126,Memory:191889MiB,Cores:48",dnaseq-0,fastqc,Lotaru-G,Realtime,198.34341430664062,87.04829554684778,70.0,0.2435470792406826
"CPU:Intel(R) Xeon(R) Gold 6126,Memory:191889MiB,Cores:48",dnaseq-0,fastqc,Lotaru-G,Realtime,311.80230712890625,98.76038013642155,171.0,0.4224539173308682
"CPU:Intel(R) Xeon(R) Gold 6126,Memory:191889MiB,Cores:48",dnaseq-0,fastqc,Lotaru-G,Realtime,721.4454488754272,141.04684185247024,106.0,0.33063058351387015
"CPU:Intel(R) Xeon(R) Gold 6126,Memory:191889MiB,Cores:48",dnaseq-0,fastqc,Lotaru-A,Realtime,883.0247402191162,195.15870734802482,115.0,0.6970322378089114
"CPU:Intel(R) Xeon(R) Gold 6126,Memory:191889MiB,Cores:48",dnaseq-0,fastqc,Lotaru-A,Realtime,198.34341430664062,107.70705477691918,68.0,0.5839272761311644
"CPU:Intel(R) Xeon(R) Gold 6126,Memory:191889MiB,Cores:48",dnaseq-0,fastqc,Lotaru-A,Realtime,99.30306816101074,95.05702093802803,52.0,0.828019633423616
"CPU:Intel(R) Xeon(R) Gold 6126,Memory:191889MiB,Cores:48",dnaseq-0,fastqc,Lotaru-A,Realtime,1559.6764736175537,281.5847716516406,251.0,0.12185167988701437
"CPU:Intel(R) Xeon(R) Gold 6126,Memory:191889MiB,Cores:48",dnaseq-0,fastqc,Lotaru-A,Realtime,721.4454488754272,174.52082003535102,103.0,0.6943768935470973
"CPU:Intel(R) Xeon(R) Gold 6126,Memory:191889MiB,Cores:48",dnaseq-0,fastqc,Lotaru-A,Realtime,752.9015731811523,178.53858706054578,223.0,0.19937853336078126
"CPU:Intel(R) Xeon(R) Gold 6126,Memory:191889MiB,Cores:48",dnaseq-0,fastqc,Lotaru-A,Realtime,311.80230712890625,122.19871286759631,79.0,0.5468191502227382
"CPU:Intel(R) Xeon(R) Gold 6126,Memory:191889MiB,Cores:48",dnaseq-0,fastqc,Lotaru-A,Realtime,397.61913776397705,133.15975908490032,105.0,0.2681881817609554
"CPU:Intel(R) Xeon(R) Gold 6126,Memory:191889MiB,Cores:48",dnaseq-0,fastqc,Lotaru-A,Realtime,2343.807553291321,381.73875008598475,414.0,0.07792572442998853
"CPU:Intel(R) Xeon(R) Gold 6126,Memory:191889MiB,Cores:48",dnaseq-0,fastqc,Lotaru-A,Realtime,198.34341430664062,107.70705477691918,58.0,0.8570181858089514
"CPU:Intel(R) Xeon(R) Gold 6126,Memory:191889MiB,Cores:48",dnaseq-0,fastqc,Lotaru-A,Realtime,1299.3983907699585,248.340475930961,230.0,0.0797411996998304
"CPU:Intel(R) Xeon(R) Gold 6126,Memory:191889MiB,Cores:48",dnaseq-0,fastqc,Lotaru-A,Realtime,1299.3983907699585,248.340475930961,231.0,0.07506699537212551
"CPU:Intel(R) Xeon(R) Gold 6126,Memory:191889MiB,Cores:48",dnaseq-0,fastqc,Lotaru-A,Realtime,99.30306816101074,95.05702093802803,53.0,0.7935286969439251
"CPU:Intel(R) Xeon(R) Gold 6126,Memory:191889MiB,Cores:48",dnaseq-0,fastqc,Lotaru-A,Realtime,1299.3983907699585,248.340475930961,219.0,0.13397477594046114
"CPU:Intel(R) Xeon(R) Gold 6126,Memory:191889MiB,Cores:48",dnaseq-0,fastqc,Lotaru-A,Realtime,298.1696586608887,120.45746830267373,78.0,0.5443265167009452
"CPU:Intel(R) Xeon(R) Gold 6126,Memory:191889MiB,Cores:48",dnaseq-0,fastqc,Lotaru-A,Realtime,846.3378324508667,190.4728329264004,138.0,0.38023791975652466
"CPU:Intel(R) Xeon(R) Gold 6126,Memory:191889MiB,Cores:48",dnaseq-0,fastqc,Lotaru-A,Realtime,415.2684383392334,135.41403482401643,73.0,0.8549867784111839
"CPU:Intel(R) Xeon(R) Gold 6126,Memory:191889MiB,Cores:48",dnaseq-0,fastqc,Lotaru-A,Realtime,846.3378324508667,190.4728329264004,132.0,0.44297600701818485
"CPU:Intel(R) Xeon(R) Gold 6126,Memory:191889MiB,Cores:48",dnaseq-0,fastqc,Lotaru-A,Realtime,3247.4302740097046,497.1549258116873,581.0,0.14431165953237987
"CPU:Intel(R) Xeon(R) Gold 6126,Memory:191889MiB,Cores:48",dnaseq-0,fastqc,Lotaru-A,Realtime,397.61913776397705,133.15975908490032,101.0,0.31841345628614176
"CPU:Intel(R) Xeon(R) Gold 6126,Memory:191889MiB,Cores:48",dnaseq-0,fastqc,Lotaru-A,Realtime,198.34341430664062,107.70705477691918,70.0,0.5386722110988454
"CPU:Intel(R) Xeon(R) Gold 6126,Memory:191889MiB,Cores:48",dnaseq-0,fastqc,Lotaru-A,Realtime,311.80230712890625,122.19871286759631,171.0,0.28538764404914435
"CPU:Intel(R) Xeon(R) Gold 6126,Memory:191889MiB,Cores:48",dnaseq-0,fastqc,Lotaru-A,Realtime,721.4454488754272,174.52082003535102,106.0,0.6464228305221794
"CPU:Intel(R) Xeon(R) Gold 6126,Memory:191889MiB,Cores:48",dnaseq-0,fastqc,OnlineP,Realtime,883.0247402191162,150.1837073022612,115.0,0.30594528088922796
"CPU:Intel(R) Xeon(R) Gold 6126,Memory:191889MiB,Cores:48",dnaseq-0,fastqc,OnlineP,Realtime,198.34341430664062,37.12633691407131,68.0,0.45402445714601014
"CPU:Intel(R) Xeon(R) Gold 6126,Memory:191889MiB,Cores:48",dnaseq-0,fastqc,OnlineP,Realtime,99.30306816101074,18.58775688638147,52.0,0.6425431368003564
"CPU:Intel(R) Xeon(R) Gold 6126,Memory:191889MiB,Cores:48",dnaseq-0,fastqc,OnlineP,Realtime,1559.6764736175537,265.2677601557088,251.0,0.0568436659589992
"CPU:Intel(R) Xeon(R) Gold 6126,Memory:191889MiB,Cores:48",dnaseq-0,fastqc,OnlineP,Realtime,721.4454488754272,231.3791246506605,103.0,1.2463992684530145
"CPU:Intel(R) Xeon(R) Gold 6126,Memory:191889MiB,Cores:48",dnaseq-0,fastqc,OnlineP,Realtime,752.9015731811523,241.4676081501493,223.0,0.08281438632353941
"CPU:Intel(R) Xeon(R) Gold 6126,Memory:191889MiB,Cores:48",dnaseq-0,fastqc,OnlineP,Realtime,311.80230712890625,100.0,79.0,0.26582278481012656
"CPU:Intel(R) Xeon(R) Gold 6126,Memory:191889MiB,Cores:48",dnaseq-0,fastqc,OnlineP,Realtime,397.61913776397705,127.52283375491258,105.0,0.21450317861821508
"CPU:Intel(R) Xeon(R) Gold 6126,Memory:191889MiB,Cores:48",dnaseq-0,fastqc,OnlineP,Realtime,2343.807553291321,334.19562311586816,414.0,0.19276419537229914
"CPU:Intel(R) Xeon(R) Gold 6126,Memory:191889MiB,Cores:48",dnaseq-0,fastqc,OnlineP,Realtime,198.34341430664062,37.12633691407131,58.0,0.3598907428608395
"CPU:Intel(R) Xeon(R) Gold 6126,Memory:191889MiB,Cores:48",dnaseq-0,fastqc,OnlineP,Realtime,1299.3983907699585,221.0,230.0,0.0391304347826087
"CPU:Intel(R) Xeon(R) Gold 6126,Memory:191889MiB,Cores:48",dnaseq-0,fastqc,OnlineP,Realtime,1299.3983907699585,221.0,231.0,0.04329004329004329
"CPU:Intel(R) Xeon(R) Gold 6126,Memory:191889MiB,Cores:48",dnaseq-0,fastqc,OnlineP,Realtime,99.30306816101074,18.58775688638147,53.0,0.6492876059173307
"CPU:Intel(R) Xeon(R) Gold 6126,Memory:191889MiB,Cores:48",dnaseq-0,fastqc,OnlineP,Realtime,1299.3983907699585,221.0,219.0,0.0091324200913242
"CPU:Intel(R) Xeon(R) Gold 6126,Memory:191889MiB,Cores:48",dnaseq-0,fastqc,OnlineP,Realtime,298.1696586608887,95.62779102132123,78.0,0.2259973207861696
"CPU:Intel(R) Xeon(R) Gold 6126,Memory:191889MiB,Cores:48",dnaseq-0,fastqc,OnlineP,Realtime,846.3378324508667,143.94404541382463,138.0,0.04307279285380163
"CPU:Intel(R) Xeon(R) Gold 6126,Memory:191889MiB,Cores:48",dnaseq-0,fastqc,OnlineP,Realtime,415.2684383392334,133.18324747595656,73.0,0.8244280476158433
"CPU:Intel(R) Xeon(R) Gold 6126,Memory:191889MiB,Cores:48",dnaseq-0,fastqc,OnlineP,Realtime,846.3378324508667,143.94404541382463,132.0,0.09048519252897444
"CPU:Intel(R) Xeon(R) Gold 6126,Memory:191889MiB,Cores:48",dnaseq-0,fastqc,OnlineP,Realtime,3247.4302740097046,342.7525004814906,581.0,0.4100645430611177
"CPU:Intel(R) Xeon(R) Gold 6126,Memory:191889MiB,Cores:48",dnaseq-0,fastqc,OnlineP,Realtime,397.61913776397705,127.52283375491258,101.0,0.2626023144050751
"CPU:Intel(R) Xeon(R) Gold 6126,Memory:191889MiB,Cores:48",dnaseq-0,fastqc,OnlineP,Realtime,198.34341430664062,37.12633691407131,70.0,0.46962375837040987
"CPU:Intel(R) Xeon(R) Gold 6126,Memory:191889MiB,Cores:48",dnaseq-0,fastqc,OnlineP,Realtime,311.80230712890625,100.0,171.0,0.4152046783625731
"CPU:Intel(R) Xeon(R) Gold 6126,Memory:191889MiB,Cores:48",dnaseq-0,fastqc,OnlineP,Realtime,721.4454488754272,231.3791246506605,106.0,1.1828219306666083
"CPU:Intel(R) Xeon(R) Gold 6126,Memory:191889MiB,Cores:48",dnaseq-0,fastqc,Naive,Realtime,883.0247402191162,153.2799829090955,115.0,0.3328694166008305
"CPU:Intel(R) Xeon(R) Gold 6126,Memory:191889MiB,Cores:48",dnaseq-0,fastqc,Naive,Realtime,198.34341430664062,34.42947153157846,68.0,0.49368424218266976
"CPU:Intel(R) Xeon(R) Gold 6126,Memory:191889MiB,Cores:48",dnaseq-0,fastqc,Naive,Realtime,99.30306816101074,17.237538086150845,52.0,0.6685088829586375
"CPU:Intel(R) Xeon(R) Gold 6126,Memory:191889MiB,Cores:48",dnaseq-0,fastqc,Naive,Realtime,1559.6764736175537,270.7366762572181,251.0,0.07863217632357812
"CPU:Intel(R) Xeon(R) Gold 6126,Memory:191889MiB,Cores:48",dnaseq-0,fastqc,Naive,Realtime,721.4454488754272,125.23221721514827,103.0,0.2158467690791094
"CPU:Intel(R) Xeon(R) Gold 6126,Memory:191889MiB,Cores:48",dnaseq-0,fastqc,Naive,Realtime,752.9015731811523,130.692533304108,223.0,0.41393482823269956
"CPU:Intel(R) Xeon(R) Gold 6126,Memory:191889MiB,Cores:48",dnaseq-0,fastqc,Naive,Realtime,311.80230712890625,54.124250579746835,79.0,0.3148829040538375
"CPU:Intel(R) Xeon(R) Gold 6126,Memory:191889MiB,Cores:48",dnaseq-0,fastqc,Naive,Realtime,397.61913776397705,69.02077808790287,105.0,0.34265925630568694
"CPU:Intel(R) Xeon(R) Gold 6126,Memory:191889MiB,Cores:48",dnaseq-0,fastqc,Naive,Realtime,2343.807553291321,406.85018816296713,414.0,0.017270076901045584
"CPU:Intel(R) Xeon(R) Gold 6126,Memory:191889MiB,Cores:48",dnaseq-0,fastqc,Naive,Realtime,198.34341430664062,34.42947153157846,58.0,0.40638842186933694
"CPU:Intel(R) Xeon(R) Gold 6126,Memory:191889MiB,Cores:48",dnaseq-0,fastqc,Naive,Realtime,1299.3983907699585,225.55626593191764,230.0,0.01932058290470593
"CPU:Intel(R) Xeon(R) Gold 6126,Memory:191889MiB,Cores:48",dnaseq-0,fastqc,Naive,Realtime,1299.3983907699585,225.55626593191764,231.0,0.0235659483466769
"CPU:Intel(R) Xeon(R) Gold 6126,Memory:191889MiB,Cores:48",dnaseq-0,fastqc,Naive,Realtime,99.30306816101074,17.237538086150845,53.0,0.6747634323367764
"CPU:Intel(R) Xeon(R) Gold 6126,Memory:191889MiB,Cores:48",dnaseq-0,fastqc,Naive,Realtime,1299.3983907699585,225.55626593191764,219.0,0.029937287360354503
"CPU:Intel(R) Xeon(R) Gold 6126,Memory:191889MiB,Cores:48",dnaseq-0,fastqc,Naive,Realtime,298.1696586608887,51.75782523625655,78.0,0.3364381379967109
"CPU:Intel(R) Xeon(R) Gold 6126,Memory:191889MiB,Cores:48",dnaseq-0,fastqc,Naive,Realtime,846.3378324508667,146.91168048269978,138.0,0.06457739480217231
"CPU:Intel(R) Xeon(R) Gold 6126,Memory:191889MiB,Cores:48",dnaseq-0,fastqc,Naive,Realtime,415.2684383392334,72.0844345941311,73.0,0.01254199186121786
"CPU:Intel(R) Xeon(R) Gold 6126,Memory:191889MiB,Cores:48",dnaseq-0,fastqc,Naive,Realtime,846.3378324508667,146.91168048269978,132.0,0.11296727638408924
"CPU:Intel(R) Xeon(R) Gold 6126,Memory:191889MiB,Cores:48",dnaseq-0,fastqc,Naive,Realtime,3247.4302740097046,563.7056746282893,581.0,0.029766480846317847
"CPU:Intel(R) Xeon(R) Gold 6126,Memory:191889MiB,Cores:48",dnaseq-0,fastqc,Naive,Realtime,397.61913776397705,69.02077808790287,101.0,0.31662595952571415
"CPU:Intel(R) Xeon(R) Gold 6126,Memory:191889MiB,Cores:48",dnaseq-0,fastqc,Naive,Realtime,198.34341430664062,34.42947153157846,70.0,0.5081504066917363
"CPU:Intel(R) Xeon(R) Gold 6126,Memory:191889MiB,Cores:48",dnaseq-0,fastqc,Naive,Realtime,311.80230712890625,54.124250579746835,171.0,0.6834839147383226
"CPU:Intel(R) Xeon(R) Gold 6126,Memory:191889MiB,Cores:48",dnaseq-0,fastqc,Naive,Realtime,721.4454488754272,125.23221721514827,106.0,0.1814360114636629
"CPU:Intel(R) Xeon(R) Gold 6126,Memory:191889MiB,Cores:48",dnaseq-0,fastqc,Perfect,Realtime,883.0247402191162,115.0,115.0,0.0
"CPU:Intel(R) Xeon(R) Gold 6126,Memory:191889MiB,Cores:48",dnaseq-0,fastqc,Perfect,Realtime,198.34341430664062,68.0,68.0,0.0
"CPU:Intel(R) Xeon(R) Gold 6126,Memory:191889MiB,Cores:48",dnaseq-0,fastqc,Perfect,Realtime,99.30306816101074,52.0,52.0,0.0
"CPU:Intel(R) Xeon(R) Gold 6126,Memory:191889MiB,Cores:48",dnaseq-0,fastqc,Perfect,Realtime,1559.6764736175537,251.0,251.0,0.0
"CPU:Intel(R) Xeon(R) Gold 6126,Memory:191889MiB,Cores:48",dnaseq-0,fastqc,Perfect,Realtime,721.4454488754272,103.0,103.0,0.0
"CPU:Intel(R) Xeon(R) Gold 6126,Memory:191889MiB,Cores:48",dnaseq-0,fastqc,Perfect,Realtime,752.9015731811523,223.0,223.0,0.0
"CPU:Intel(R) Xeon(R) Gold 6126,Memory:191889MiB,Cores:48",dnaseq-0,fastqc,Perfect,Realtime,311.80230712890625,79.0,79.0,0.0
"CPU:Intel(R) Xeon(R) Gold 6126,Memory:191889MiB,Cores:48",dnaseq-0,fastqc,Perfect,Realtime,397.61913776397705,105.0,105.0,0.0
"CPU:Intel(R) Xeon(R) Gold 6126,Memory:191889MiB,Cores:48",dnaseq-0,fastqc,Perfect,Realtime,2343.807553291321,414.0,414.0,0.0
"CPU:Intel(R) Xeon(R) Gold 6126,Memory:191889MiB,Cores:48",dnaseq-0,fastqc,Perfect,Realtime,198.34341430664062,58.0,58.0,0.0
"CPU:Intel(R) Xeon(R) Gold 6126,Memory:191889MiB,Cores:48",dnaseq-0,fastqc,Perfect,Realtime,1299.3983907699585,230.0,230.0,0.0
"CPU:Intel(R) Xeon(R) Gold 6126,Memory:191889MiB,Cores:48",dnaseq-0,fastqc,Perfect,Realtime,1299.3983907699585,231.0,231.0,0.0
"CPU:Intel(R) Xeon(R) Gold 6126,Memory:191889MiB,Cores:48",dnaseq-0,fastqc,Perfect,Realtime,99.30306816101074,53.0,53.0,0.0
"CPU:Intel(R) Xeon(R) Gold 6126,Memory:191889MiB,Cores:48",dnaseq-0,fastqc,Perfect,Realtime,1299.3983907699585,219.0,219.0,0.0
"CPU:Intel(R) Xeon(R) Gold 6126,Memory:191889MiB,Cores:48",dnaseq-0,fastqc,Perfect,Realtime,298.1696586608887,78.0,78.0,0.0
"CPU:Intel(R) Xeon(R) Gold 6126,Memory:191889MiB,Cores:48",dnaseq-0,fastqc,Perfect,Realtime,846.3378324508667,138.0,138.0,0.0
"CPU:Intel(R) Xeon(R) Gold 6126,Memory:191889MiB,Cores:48",dnaseq-0,fastqc,Perfect,Realtime,415.2684383392334,73.0,73.0,0.0
"CPU:Intel(R) Xeon(R) Gold 6126,Memory:191889MiB,Cores:48",dnaseq-0,fastqc,Perfect,Realtime,846.3378324508667,132.0,132.0,0.0
"CPU:Intel(R) Xeon(R) Gold 6126,Memory:191889MiB,Cores:48",dnaseq-0,fastqc,Perfect,Realtime,3247.4302740097046,581.0,581.0,0.0
"CPU:Intel(R) Xeon(R) Gold 6126,Memory:191889MiB,Cores:48",dnaseq-0,fastqc,Perfect,Realtime,397.61913776397705,101.0,101.0,0.0
"CPU:Intel(R) Xeon(R) Gold 6126,Memory:191889MiB,Cores:48",dnaseq-0,fastqc,Perfect,Realtime,198.34341430664062,70.0,70.0,0.0
"CPU:Intel(R) Xeon(R) Gold 6126,Memory:191889MiB,Cores:48",dnaseq-0,fastqc,Perfect,Realtime,311.80230712890625,171.0,171.0,0.0
"CPU:Intel(R) Xeon(R) Gold 6126,Memory:191889MiB,Cores:48",dnaseq-0,fastqc,Perfect,Realtime,721.4454488754272,106.0,106.0,0.0
"CPU:Intel(R) Xeon(R) Gold 6126,Memory:191889MiB,Cores:48",dnaseq-0,gatk-apply-bqsr,Lotaru-G,Realtime,6639.323947906494,2531.660375373753,2447.0,0.03459761968686274
"CPU:Intel(R) Xeon(R) Gold 6126,Memory:191889MiB,Cores:48",dnaseq-0,gatk-apply-bqsr,Lotaru-G,Realtime,4590.344056129456,1788.0464464205709,1161.0,0.5400916851167707
"CPU:Intel(R) Xeon(R) Gold 6126,Memory:191889MiB,Cores:48",dnaseq-0,gatk-apply-bqsr,Lotaru-G,Realtime,203.0108642578125,195.79945291547966,122.0,0.6049135484875382
"CPU:Intel(R) Xeon(R) Gold 6126,Memory:191889MiB,Cores:48",dnaseq-0,gatk-apply-bqsr,Lotaru-G,Realtime,3055.7511615753174,1231.1133812193566,756.0,0.6284568534647574
"CPU:Intel(R) Xeon(R) Gold 6126,Memory:191889MiB,Cores:48",dnaseq-0,gatk-apply-bqsr,Lotaru-G,Realtime,203.0108642578125,195.79945291547966,219.0,0.10593857116219332
"CPU:Intel(R) Xeon(R) Gold 6126,Memory:191889MiB,Cores:48",dnaseq-0,gatk-apply-bqsr,Lotaru-G,Realtime,1729.362572669983,749.7416342964784,565.0,0.3269763438875724
"CPU:Intel(R) Xeon(R) Gold 6126,Memory:191889MiB,Cores:48",dnaseq-0,gatk-apply-bqsr,Lotaru-G,Realtime,405.5044136047363,269.2882286823071,207.0,0.3009093173058313
"CPU:Intel(R) Xeon(R) Gold 6126,Memory:191889MiB,Cores:48",dnaseq-0,gatk-apply-bqsr,Lotaru-G,Realtime,405.5044136047363,269.2882286823071,153.0,0.7600537822373011
"CPU:Intel(R) Xeon(R) Gold 6126,Memory:191889MiB,Cores:48",dnaseq-0,gatk-apply-bqsr,Lotaru-G,Realtime,609.9719657897949,343.493407773599,208.0,0.6514106142961491
"CPU:Intel(R) Xeon(R) Gold 6126,Memory:191889MiB,Cores:48",dnaseq-0,gatk-apply-bqsr,Lotaru-G,Realtime,5613.892818450928,2159.511837408341,1398.0,0.5447151912792138
"CPU:Intel(R) Xeon(R) Gold 6126,Memory:191889MiB,Cores:48",dnaseq-0,gatk-apply-bqsr,Lotaru-G,Realtime,3565.6447715759277,1416.1635089450288,1517.0,0.06647098948910432
"CPU:Intel(R) Xeon(R) Gold 6126,Memory:191889MiB,Cores:48",dnaseq-0,gatk-apply-bqsr,Lotaru-G,Realtime,405.5044136047363,269.2882286823071,190.0,0.41730646674898464
"CPU:Intel(R) Xeon(R) Gold 6126,Memory:191889MiB,Cores:48",dnaseq-0,gatk-apply-bqsr,Lotaru-G,Realtime,1729.362572669983,749.7416342964784,828.0,0.09451493442454297
"CPU:Intel(R) Xeon(R) Gold 6126,Memory:191889MiB,Cores:48",dnaseq-0,gatk-apply-bqsr,Lotaru-A,Realtime,6639.323947906494,2628.678949436827,2447.0,0.07424558620221791
"CPU:Intel(R) Xeon(R) Gold 6126,Memory:191889MiB,Cores:48",dnaseq-0,gatk-apply-bqsr,Lotaru-A,Realtime,4590.344056129456,1856.5681637400437,1161.0,0.5991112521447405
"CPU:Intel(R) Xeon(R) Gold 6126,Memory:191889MiB,Cores:48",dnaseq-0,gatk-apply-bqsr,Lotaru-A,Realtime,203.0108642578125,203.30290160432105,122.0,0.6664172262649266
"CPU:Intel(R) Xeon(R) Gold 6126,Memory:191889MiB,Cores:48",dnaseq-0,gatk-apply-bqsr,Lotaru-A,Realtime,3055.7511615753174,1278.292246883057,756.0,0.6908627604273241
"CPU:Intel(R) Xeon(R) Gold 6126,Memory:191889MiB,Cores:48",dnaseq-0,gatk-apply-bqsr,Lotaru-A,Realtime,203.0108642578125,203.30290160432105,219.0,0.07167624838209566
"CPU:Intel(R) Xeon(R) Gold 6126,Memory:191889MiB,Cores:48",dnaseq-0,gatk-apply-bqsr,Lotaru-A,Realtime,1729.362572669983,778.4733176544505,565.0,0.3778288808043372
"CPU:Intel(R) Xeon(R) Gold 6126,Memory:191889MiB,Cores:48",dnaseq-0,gatk-apply-bqsr,Lotaru-A,Realtime,405.5044136047363,279.6079225136218,207.0,0.3507629106938252
"CPU:Intel(R) Xeon(R) Gold 6126,Memory:191889MiB,Cores:48",dnaseq-0,gatk-apply-bqsr,Lotaru-A,Realtime,405.5044136047363,279.6079225136218,153.0,0.82750276152694
"CPU:Intel(R) Xeon(R) Gold 6126,Memory:191889MiB,Cores:48",dnaseq-0,gatk-apply-bqsr,Lotaru-A,Realtime,609.9719657897949,356.6568008362806,208.0,0.7146961578667336
"CPU:Intel(R) Xeon(R) Gold 6126,Memory:191889MiB,Cores:48",dnaseq-0,gatk-apply-bqsr,Lotaru-A,Realtime,5613.892818450928,2242.2688932819024,1398.0,0.6039119408311175
"CPU:Intel(R) Xeon(R) Gold 6126,Memory:191889MiB,Cores:48",dnaseq-0,gatk-apply-bqsr,Lotaru-A,Realtime,3565.6447715759277,1470.4338864468778,1517.0,0.030696185598630354
"CPU:Intel(R) Xeon(R) Gold 6126,Memory:191889MiB,Cores:48",dnaseq-0,gatk-apply-bqsr,Lotaru-A,Realtime,405.5044136047363,279.6079225136218,190.0,0.4716206448085359
"CPU:Intel(R) Xeon(R) Gold 6126,Memory:191889MiB,Cores:48",dnaseq-0,gatk-apply-bqsr,Lotaru-A,Realtime,1729.362572669983,778.4733176544505,828.0,0.05981483375066363
"CPU:Intel(R) Xeon(R) Gold 6126,Memory:191889MiB,Cores:48",dnaseq-0,gatk-apply-bqsr,OnlineP,Realtime,6639.323947906494,2263.0,2447.0,0.07519411524315488
"CPU:Intel(R) Xeon(R) Gold 6126,Memory:191889MiB,Cores:48",dnaseq-0,gatk-apply-bqsr,OnlineP,Realtime,4590.344056129456,1847.9478220707388,1161.0,0.5916863239196717
"CPU:Intel(R) Xeon(R) Gold 6126,Memory:191889MiB,Cores:48",dnaseq-0,gatk-apply-bqsr,OnlineP,Realtime,203.0108642578125,134.0,122.0,0.09836065573770492
"CPU:Intel(R) Xeon(R) Gold 6126,Memory:191889MiB,Cores:48",dnaseq-0,gatk-apply-bqsr,OnlineP,Realtime,3055.7511615753174,1230.162409347729,756.0,0.6271989541636627
"CPU:Intel(R) Xeon(R) Gold 6126,Memory:191889MiB,Cores:48",dnaseq-0,gatk-apply-bqsr,OnlineP,Realtime,203.0108642578125,134.0,219.0,0.3881278538812785
"CPU:Intel(R) Xeon(R) Gold 6126,Memory:191889MiB,Cores:48",dnaseq-0,gatk-apply-bqsr,OnlineP,Realtime,1729.362572669983,1403.0927095235418,565.0,1.483349928360251
"CPU:Intel(R) Xeon(R) Gold 6126,Memory:191889MiB,Cores:48",dnaseq-0,gatk-apply-bqsr,OnlineP,Realtime,405.5044136047363,329.0,207.0,0.5893719806763285
"CPU:Intel(R) Xeon(R) Gold 6126,Memory:191889MiB,Cores:48",dnaseq-0,gatk-apply-bqsr,OnlineP,Realtime,405.5044136047363,329.0,153.0,1.1503267973856208
"CPU:Intel(R) Xeon(R) Gold 6126,Memory:191889MiB,Cores:48",dnaseq-0,gatk-apply-bqsr,OnlineP,Realtime,609.9719657897949,494.8917200700441,208.0,1.3792871157213658
"CPU:Intel(R) Xeon(R) Gold 6126,Memory:191889MiB,Cores:48",dnaseq-0,gatk-apply-bqsr,OnlineP,Realtime,5613.892818450928,1996.0000000000002,1398.0,0.4277539341917026
"CPU:Intel(R) Xeon(R) Gold 6126,Memory:191889MiB,Cores:48",dnaseq-0,gatk-apply-bqsr,OnlineP,Realtime,3565.6447715759277,1435.4317256705926,1517.0,0.05376946231338652
"CPU:Intel(R) Xeon(R) Gold 6126,Memory:191889MiB,Cores:48",dnaseq-0,gatk-apply-bqsr,OnlineP,Realtime,405.5044136047363,329.0,190.0,0.7315789473684211
"CPU:Intel(R) Xeon(R) Gold 6126,Memory:191889MiB,Cores:48",dnaseq-0,gatk-apply-bqsr,OnlineP,Realtime,1729.362572669983,1403.0927095235418,828.0,0.6945564124680457
"CPU:Intel(R) Xeon(R) Gold 6126,Memory:191889MiB,Cores:48",dnaseq-0,gatk-apply-bqsr,Naive,Realtime,6639.323947906494,3460.1789987274938,2447.0,0.4140494477840187
"CPU:Intel(R) Xeon(R) Gold 6126,Memory:191889MiB,Cores:48",dnaseq-0,gatk-apply-bqsr,Naive,Realtime,4590.344056129456,2392.323710151403,1161.0,1.060571671103706
"CPU:Intel(R) Xeon(R) Gold 6126,Memory:191889MiB,Cores:48",dnaseq-0,gatk-apply-bqsr,Naive,Realtime,203.0108642578125,105.80202661144406,122.0,0.132770273676688
"CPU:Intel(R) Xeon(R) Gold 6126,Memory:191889MiB,Cores:48",dnaseq-0,gatk-apply-bqsr,Naive,Realtime,3055.7511615753174,1592.5485904259976,756.0,1.106545754531743
"CPU:Intel(R) Xeon(R) Gold 6126,Memory:191889MiB,Cores:48",dnaseq-0,gatk-apply-bqsr,Naive,Realtime,203.0108642578125,105.80202661144406,219.0,0.5168857232354153
"CPU:Intel(R) Xeon(R) Gold 6126,Memory:191889MiB,Cores:48",dnaseq-0,gatk-apply-bqsr,Naive,Realtime,1729.362572669983,901.2821338571472,565.0,0.5951896174462782
"CPU:Intel(R) Xeon(R) Gold 6126,Memory:191889MiB,Cores:48",dnaseq-0,gatk-apply-bqsr,Naive,Realtime,405.5044136047363,211.33444712979338,207.0,0.02093935811494384
"CPU:Intel(R) Xeon(R) Gold 6126,Memory:191889MiB,Cores:48",dnaseq-0,gatk-apply-bqsr,Naive,Realtime,405.5044136047363,211.33444712979338,153.0,0.3812708962731593
"CPU:Intel(R) Xeon(R) Gold 6126,Memory:191889MiB,Cores:48",dnaseq-0,gatk-apply-bqsr,Naive,Realtime,609.9719657897949,317.89564756873926,208.0,0.5283444594650926
"CPU:Intel(R) Xeon(R) Gold 6126,Memory:191889MiB,Cores:48",dnaseq-0,gatk-apply-bqsr,Naive,Realtime,5613.892818450928,2925.7608431105546,1398.0,1.0928189149574783
"CPU:Intel(R) Xeon(R) Gold 6126,Memory:191889MiB,Cores:48",dnaseq-0,gatk-apply-bqsr,Naive,Realtime,3565.6447715759277,1858.2869660125336,1517.0,0.224974928155922
"CPU:Intel(R) Xeon(R) Gold 6126,Memory:191889MiB,Cores:48",dnaseq-0,gatk-apply-bqsr,Naive,Realtime,405.5044136047363,211.33444712979338,190.0,0.11228656384101776
"CPU:Intel(R) Xeon(R) Gold 6126,Memory:191889MiB,Cores:48",dnaseq-0,gatk-apply-bqsr,Naive,Realtime,1729.362572669983,901.2821338571472,828.0,0.08850499258109563
"CPU:Intel(R) Xeon(R) Gold 6126,Memory:191889MiB,Cores:48",dnaseq-0,gatk-apply-bqsr,Perfect,Realtime,6639.323947906494,2447.0,2447.0,0.0
"CPU:Intel(R) Xeon(R) Gold 6126,Memory:191889MiB,Cores:48",dnaseq-0,gatk-apply-bqsr,Perfect,Realtime,4590.344056129456,1161.0,1161.0,0.0
"CPU:Intel(R) Xeon(R) Gold 6126,Memory:191889MiB,Cores:48",dnaseq-0,gatk-apply-bqsr,Perfect,Realtime,203.0108642578125,122.0,122.0,0.0
"CPU:Intel(R) Xeon(R) Gold 6126,Memory:191889MiB,Cores:48",dnaseq-0,gatk-apply-bqsr,Perfect,Realtime,3055.7511615753174,756.0,756.0,0.0
"CPU:Intel(R) Xeon(R) Gold 6126,Memory:191889MiB,Cores:48",dnaseq-0,gatk-apply-bqsr,Perfect,Realtime,203.0108642578125,219.0,219.0,0.0
"CPU:Intel(R) Xeon(R) Gold 6126,Memory:191889MiB,Cores:48",dnaseq-0,gatk-apply-bqsr,Perfect,Realtime,1729.362572669983,565.0,565.0,0.0
"CPU:Intel(R) Xeon(R) Gold 6126,Memory:191889MiB,Cores:48",dnaseq-0,gatk-apply-bqsr,Perfect,Realtime,405.5044136047363,207.0,207.0,0.0
"CPU:Intel(R) Xeon(R) Gold 6126,Memory:191889MiB,Cores:48",dnaseq-0,gatk-apply-bqsr,Perfect,Realtime,405.5044136047363,153.0,153.0,0.0
"CPU:Intel(R) Xeon(R) Gold 6126,Memory:191889MiB,Cores:48",dnaseq-0,gatk-apply-bqsr,Perfect,Realtime,609.9719657897949,208.0,208.0,0.0
"CPU:Intel(R) Xeon(R) Gold 6126,Memory:191889MiB,Cores:48",dnaseq-0,gatk-apply-bqsr,Perfect,Realtime,5613.892818450928,1398.0,1398.0,0.0
"CPU:Intel(R) Xeon(R) Gold 6126,Memory:191889MiB,Cores:48",dnaseq-0,gatk-apply-bqsr,Perfect,Realtime,3565.6447715759277,1517.0,1517.0,0.0
"CPU:Intel(R) Xeon(R) Gold 6126,Memory:191889MiB,Cores:48",dnaseq-0,gatk-apply-bqsr,Perfect,Realtime,405.5044136047363,190.0,190.0,0.0
"CPU:Intel(R) Xeon(R) Gold 6126,Memory:191889MiB,Cores:48",dnaseq-0,gatk-apply-bqsr,Perfect,Realtime,1729.362572669983,828.0,828.0,0.0
"CPU:Intel(R) Xeon(R) Gold 6126,Memory:191889MiB,Cores:48",dnaseq-0,gatk-base-recalibrator,Lotaru-G,Realtime,3565.6447715759277,3166.228353310709,3092.0,0.024006582571380605
"CPU:Intel(R) Xeon(R) Gold 6126,Memory:191889MiB,Cores:48",dnaseq-0,gatk-base-recalibrator,Lotaru-G,Realtime,1729.362572669983,1958.9568238415745,2013.0,0.02684708204591429
"CPU:Intel(R) Xeon(R) Gold 6126,Memory:191889MiB,Cores:48",dnaseq-0,gatk-base-recalibrator,Lotaru-G,Realtime,6639.323947906494,5187.0317802114905,4011.0,0.2932016405413838
"CPU:Intel(R) Xeon(R) Gold 6126,Memory:191889MiB,Cores:48",dnaseq-0,gatk-base-recalibrator,Lotaru-G,Realtime,405.5044136047363,1088.5806553816649,1225.0,0.11136273030068172
"CPU:Intel(R) Xeon(R) Gold 6126,Memory:191889MiB,Cores:48",dnaseq-0,gatk-base-recalibrator,Lotaru-G,Realtime,5613.892818450928,4512.857729643082,3652.0,0.23572226989131495
"CPU:Intel(R) Xeon(R) Gold 6126,Memory:191889MiB,Cores:48",dnaseq-0,gatk-base-recalibrator,Lotaru-G,Realtime,5613.892818450928,4512.857729643082,3857.0,0.17004348707365366
"CPU:Intel(R) Xeon(R) Gold 6126,Memory:191889MiB,Cores:48",dnaseq-0,gatk-base-recalibrator,Lotaru-G,Realtime,4590.344056129456,3839.921249340482,3281.0,0.17035088367585555
"CPU:Intel(R) Xeon(R) Gold 6126,Memory:191889MiB,Cores:48",dnaseq-0,gatk-base-recalibrator,Lotaru-G,Realtime,1729.362572669983,1958.9568238415745,2100.0,0.06716341721829784
"CPU:Intel(R) Xeon(R) Gold 6126,Memory:191889MiB,Cores:48",dnaseq-0,gatk-base-recalibrator,Lotaru-G,Realtime,203.0108642578125,955.4504114717984,1127.0,0.15221791351215763
"CPU:Intel(R) Xeon(R) Gold 6126,Memory:191889MiB,Cores:48",dnaseq-0,gatk-base-recalibrator,Lotaru-G,Realtime,203.0108642578125,955.4504114717984,888.0,0.0759576705763495
"CPU:Intel(R) Xeon(R) Gold 6126,Memory:191889MiB,Cores:48",dnaseq-0,gatk-base-recalibrator,Lotaru-G,Realtime,812.8875761032104,1356.4164455246685,1496.0,0.09330451502361733
"CPU:Intel(R) Xeon(R) Gold 6126,Memory:191889MiB,Cores:48",dnaseq-0,gatk-base-recalibrator,Lotaru-G,Realtime,5102.182312011719,4176.431484198695,4176.0,0.0001033247602239502
"CPU:Intel(R) Xeon(R) Gold 6126,Memory:191889MiB,Cores:48",dnaseq-0,gatk-base-recalibrator,Lotaru-G,Realtime,1729.362572669983,1958.9568238415745,2343.0,0.16391087330705312
"CPU:Intel(R) Xeon(R) Gold 6126,Memory:191889MiB,Cores:48",dnaseq-0,gatk-base-recalibrator,Lotaru-G,Realtime,812.8875761032104,1356.4164455246685,1565.0,0.1332802265018093
"CPU:Intel(R) Xeon(R) Gold 6126,Memory:191889MiB,Cores:48",dnaseq-0,gatk-base-recalibrator,Lotaru-G,Realtime,1729.362572669983,1958.9568238415745,3409.0,0.42535734120223684
"CPU:Intel(R) Xeon(R) Gold 6126,Memory:191889MiB,Cores:48",dnaseq-0,gatk-base-recalibrator,Lotaru-G,Realtime,203.0108642578125,955.4504114717984,2391.0,0.6003971512037648
"CPU:Intel(R) Xeon(R) Gold 6126,Memory:191889MiB,Cores:48",dnaseq-0,gatk-base-recalibrator,Lotaru-G,Realtime,609.9719657897949,1223.0087158400943,1428.0,0.1435513194397099
"CPU:Intel(R) Xeon(R) Gold 6126,Memory:191889MiB,Cores:48",dnaseq-0,gatk-base-recalibrator,Lotaru-G,Realtime,405.5044136047363,1088.5806553816649,1385.0,0.21402118745006146
"CPU:Intel(R) Xeon(R) Gold 6126,Memory:191889MiB,Cores:48",dnaseq-0,gatk-base-recalibrator,Lotaru-G,Realtime,5613.892818450928,4512.857729643082,4069.0,0.10908275488893639
"CPU:Intel(R) Xeon(R) Gold 6126,Memory:191889MiB,Cores:48",dnaseq-0,gatk-base-recalibrator,Lotaru-G,Realtime,5102.182312011719,4176.431484198695,4767.0,0.12388682941080445
"CPU:Intel(R) Xeon(R) Gold 6126,Memory:191889MiB,Cores:48",dnaseq-0,gatk-base-recalibrator,Lotaru-A,Realtime,3565.6447715759277,4046.2337389537956,3092.0,0.30861375774702315
"CPU:Intel(R) Xeon(R) Gold 6126,Memory:191889MiB,Cores:48",dnaseq-0,gatk-base-recalibrator,Lotaru-A,Realtime,1729.362572669983,2503.4193081789103,2013.0,0.24362608453994553
"CPU:Intel(R) Xeon(R) Gold 6126,Memory:191889MiB,Cores:48",dnaseq-0,gatk-base-recalibrator,Lotaru-A,Realtime,6639.323947906494,6628.688980114665,4011.0,0.6526275193504526
"CPU:Intel(R) Xeon(R) Gold 6126,Memory:191889MiB,Cores:48",dnaseq-0,gatk-base-recalibrator,Lotaru-A,Realtime,405.5044136047363,1391.1352195340185,1225.0,0.13562058737470895
"CPU:Intel(R) Xeon(R) Gold 6126,Memory:191889MiB,Cores:48",dnaseq-0,gatk-base-recalibrator,Lotaru-A,Realtime,5613.892818450928,5767.138426919508,3652.0,0.5791726251148707
"CPU:Intel(R) Xeon(R) Gold 6126,Memory:191889MiB,Cores:48",dnaseq-0,gatk-base-recalibrator,Lotaru-A,Realtime,5613.892818450928,5767.138426919508,3857.0,0.4952394158463852
"CPU:Intel(R) Xeon(R) Gold 6126,Memory:191889MiB,Cores:48",dnaseq-0,gatk-base-recalibrator,Lotaru-A,Realtime,4590.344056129456,4907.169407967956,3281.0,0.4956322486948968
"CPU:Intel(R) Xeon(R) Gold 6126,Memory:191889MiB,Cores:48",dnaseq-0,gatk-base-recalibrator,Lotaru-A,Realtime,1729.362572669983,2503.4193081789103,2100.0,0.19210443246614778
"CPU:Intel(R) Xeon(R) Gold 6126,Memory:191889MiB,Cores:48",dnaseq-0,gatk-base-recalibrator,Lotaru-A,Realtime,203.0108642578125,1221.0034335496018,1127.0,0.083410322581723
"CPU:Intel(R) Xeon(R) Gold 6126,Memory:191889MiB,Cores:48",dnaseq-0,gatk-base-recalibrator,Lotaru-A,Realtime,203.0108642578125,1221.0034335496018,888.0,0.375003866609912
"CPU:Intel(R) Xeon(R) Gold 6126,Memory:191889MiB,Cores:48",dnaseq-0,gatk-base-recalibrator,Lotaru-A,Realtime,812.8875761032104,1733.4119253321935,1496.0,0.15869781105093148
"CPU:Intel(R) Xeon(R) Gold 6126,Memory:191889MiB,Cores:48",dnaseq-0,gatk-base-recalibrator,Lotaru-A,Realtime,5102.182312011719,5337.207583945641,4176.0,0.2780669501785539
"CPU:Intel(R) Xeon(R) Gold 6126,Memory:191889MiB,Cores:48",dnaseq-0,gatk-base-recalibrator,Lotaru-A,Realtime,1729.362572669983,2503.4193081789103,2343.0,0.06846748108361517
"CPU:Intel(R) Xeon(R) Gold 6126,Memory:191889MiB,Cores:48",dnaseq-0,gatk-base-recalibrator,Lotaru-A,Realtime,812.8875761032104,1733.4119253321935,1565.0,0.10761145388638563
"CPU:Intel(R) Xeon(R) Gold 6126,Memory:191889MiB,Cores:48",dnaseq-0,gatk-base-recalibrator,Lotaru-A,Realtime,1729.362572669983,2503.4193081789103,3409.0,0.26564408677650037
"CPU:Intel(R) Xeon(R) Gold 6126,Memory:191889MiB,Cores:48",dnaseq-0,gatk-base-recalibrator,Lotaru-A,Realtime,203.0108642578125,1221.0034335496018,2391.0,0.4893335702427429
"CPU:Intel(R) Xeon(R) Gold 6126,Memory:191889MiB,Cores:48",dnaseq-0,gatk-base-recalibrator,Lotaru-A,Realtime,609.9719657897949,1562.925530589843,1428.0,0.09448566567916176
"CPU:Intel(R) Xeon(R) Gold 6126,Memory:191889MiB,Cores:48",dnaseq-0,gatk-base-recalibrator,Lotaru-A,Realtime,405.5044136047363,1391.1352195340185,1385.0,0.004429761396403221
"CPU:Intel(R) Xeon(R) Gold 6126,Memory:191889MiB,Cores:48",dnaseq-0,gatk-base-recalibrator,Lotaru-A,Realtime,5613.892818450928,5767.138426919508,4069.0,0.41733556817879275
"CPU:Intel(R) Xeon(R) Gold 6126,Memory:191889MiB,Cores:48",dnaseq-0,gatk-base-recalibrator,Lotaru-A,Realtime,5102.182312011719,5337.207583945641,4767.0,0.11961560393237698
"CPU:Intel(R) Xeon(R) Gold 6126,Memory:191889MiB,Cores:48",dnaseq-0,gatk-base-recalibrator,OnlineP,Realtime,3565.6447715759277,3463.0,3092.0,0.11998706338939198
"CPU:Intel(R) Xeon(R) Gold 6126,Memory:191889MiB,Cores:48",dnaseq-0,gatk-base-recalibrator,OnlineP,Realtime,1729.362572669983,1670.645954001697,2013.0,0.17007155787297717
"CPU:Intel(R) Xeon(R) Gold 6126,Memory:191889MiB,Cores:48",dnaseq-0,gatk-base-recalibrator,OnlineP,Realtime,6639.323947906494,3932.9999999999995,4011.0,0.019446522064323225
"CPU:Intel(R) Xeon(R) Gold 6126,Memory:191889MiB,Cores:48",dnaseq-0,gatk-base-recalibrator,OnlineP,Realtime,405.5044136047363,1080.6214168004558,1225.0,0.11786006791799528
"CPU:Intel(R) Xeon(R) Gold 6126,Memory:191889MiB,Cores:48",dnaseq-0,gatk-base-recalibrator,OnlineP,Realtime,5613.892818450928,5030.0,3652.0,0.3773274917853231
"CPU:Intel(R) Xeon(R) Gold 6126,Memory:191889MiB,Cores:48",dnaseq-0,gatk-base-recalibrator,OnlineP,Realtime,5613.892818450928,5030.0,3857.0,0.30412237490277416
"CPU:Intel(R) Xeon(R) Gold 6126,Memory:191889MiB,Cores:48",dnaseq-0,gatk-base-recalibrator,OnlineP,Realtime,4590.344056129456,4112.909054202847,3281.0,0.25355350630991985
"CPU:Intel(R) Xeon(R) Gold 6126,Memory:191889MiB,Cores:48",dnaseq-0,gatk-base-recalibrator,OnlineP,Realtime,1729.362572669983,1670.645954001697,2100.0,0.20445430761823954
"CPU:Intel(R) Xeon(R) Gold 6126,Memory:191889MiB,Cores:48",dnaseq-0,gatk-base-recalibrator,OnlineP,Realtime,203.0108642578125,541.0,1127.0,0.5199645075421473
"CPU:Intel(R) Xeon(R) Gold 6126,Memory:191889MiB,Cores:48",dnaseq-0,gatk-base-recalibrator,OnlineP,Realtime,203.0108642578125,541.0,888.0,0.39076576576576577
"CPU:Intel(R) Xeon(R) Gold 6126,Memory:191889MiB,Cores:48",dnaseq-0,gatk-base-recalibrator,OnlineP,Realtime,812.8875761032104,2166.249477729185,1496.0,0.44802772575480276
"CPU:Intel(R) Xeon(R) Gold 6126,Memory:191889MiB,Cores:48",dnaseq-0,gatk-base-recalibrator,OnlineP,Realtime,5102.182312011719,4571.511758306164,4176.0,0.09471067009247217
"CPU:Intel(R) Xeon(R) Gold 6126,Memory:191889MiB,Cores:48",dnaseq-0,gatk-base-recalibrator,OnlineP,Realtime,1729.362572669983,1670.645954001697,2343.0,0.28696288775002265
"CPU:Intel(R) Xeon(R) Gold 6126,Memory:191889MiB,Cores:48",dnaseq-0,gatk-base-recalibrator,OnlineP,Realtime,812.8875761032104,2166.249477729185,1565.0,0.3841849697950064
"CPU:Intel(R) Xeon(R) Gold 6126,Memory:191889MiB,Cores:48",dnaseq-0,gatk-base-recalibrator,OnlineP,Realtime,1729.362572669983,1670.645954001697,3409.0,0.509930784980435
"CPU:Intel(R) Xeon(R) Gold 6126,Memory:191889MiB,Cores:48",dnaseq-0,gatk-base-recalibrator,OnlineP,Realtime,203.0108642578125,541.0,2391.0,0.7737348389795065
"CPU:Intel(R) Xeon(R) Gold 6126,Memory:191889MiB,Cores:48",dnaseq-0,gatk-base-recalibrator,OnlineP,Realtime,609.9719657897949,1625.5033182519924,1428.0,0.13830764583472854
"CPU:Intel(R) Xeon(R) Gold 6126,Memory:191889MiB,Cores:48",dnaseq-0,gatk-base-recalibrator,OnlineP,Realtime,405.5044136047363,1080.6214168004558,1385.0,0.21976793010797416
"CPU:Intel(R) Xeon(R) Gold 6126,Memory:191889MiB,Cores:48",dnaseq-0,gatk-base-recalibrator,OnlineP,Realtime,5613.892818450928,5030.0,4069.0,0.2361759646104694
"CPU:Intel(R) Xeon(R) Gold 6126,Memory:191889MiB,Cores:48",dnaseq-0,gatk-base-recalibrator,OnlineP,Realtime,5102.182312011719,4571.511758306164,4767.0,0.041008651498602104
"CPU:Intel(R) Xeon(R) Gold 6126,Memory:191889MiB,Cores:48",dnaseq-0,gatk-base-recalibrator,Naive,Realtime,3565.6447715759277,5489.980433757399,3092.0,0.775543477929301
"CPU:Intel(R) Xeon(R) Gold 6126,Memory:191889MiB,Cores:48",dnaseq-0,gatk-base-recalibrator,Naive,Realtime,1729.362572669983,2662.678784637981,2013.0,0.3227415721003384
"CPU:Intel(R) Xeon(R) Gold 6126,Memory:191889MiB,Cores:48",dnaseq-0,gatk-base-recalibrator,Naive,Realtime,6639.323947906494,10222.487348697296,4011.0,1.548613151009049
"CPU:Intel(R) Xeon(R) Gold 6126,Memory:191889MiB,Cores:48",dnaseq-0,gatk-base-recalibrator,Naive,Realtime,405.5044136047363,624.3502757871023,1225.0,0.4903263054799165
"CPU:Intel(R) Xeon(R) Gold 6126,Memory:191889MiB,Cores:48",dnaseq-0,gatk-base-recalibrator,Naive,Realtime,5613.892818450928,8643.643353424972,3652.0,1.366824576512862
"CPU:Intel(R) Xeon(R) Gold 6126,Memory:191889MiB,Cores:48",dnaseq-0,gatk-base-recalibrator,Naive,Realtime,5613.892818450928,8643.643353424972,3857.0,1.241027574131442
"CPU:Intel(R) Xeon(R) Gold 6126,Memory:191889MiB,Cores:48",dnaseq-0,gatk-base-recalibrator,Naive,Realtime,4590.344056129456,7067.697616223028,3281.0,1.1541291119241168
"CPU:Intel(R) Xeon(R) Gold 6126,Memory:191889MiB,Cores:48",dnaseq-0,gatk-base-recalibrator,Naive,Realtime,1729.362572669983,2662.678784637981,2100.0,0.26794227839903867
"CPU:Intel(R) Xeon(R) Gold 6126,Memory:191889MiB,Cores:48",dnaseq-0,gatk-base-recalibrator,Naive,Realtime,203.0108642578125,312.57338967139367,1127.0,0.7226500535302629
"CPU:Intel(R) Xeon(R) Gold 6126,Memory:191889MiB,Cores:48",dnaseq-0,gatk-base-recalibrator,Naive,Realtime,203.0108642578125,312.57338967139367,888.0,0.6480029395592414
"CPU:Intel(R) Xeon(R) Gold 6126,Memory:191889MiB,Cores:48",dnaseq-0,gatk-base-recalibrator,Naive,Realtime,812.8875761032104,1251.5932386833597,1496.0,0.16337350355390395
"CPU:Intel(R) Xeon(R) Gold 6126,Memory:191889MiB,Cores:48",dnaseq-0,gatk-base-recalibrator,Naive,Realtime,5102.182312011719,7855.768831965642,4176.0,0.8811706973097801
"CPU:Intel(R) Xeon(R) Gold 6126,Memory:191889MiB,Cores:48",dnaseq-0,gatk-base-recalibrator,Naive,Realtime,1729.362572669983,2662.678784637981,2343.0,0.13643994222705128
"CPU:Intel(R) Xeon(R) Gold 6126,Memory:191889MiB,Cores:48",dnaseq-0,gatk-base-recalibrator,Naive,Realtime,812.8875761032104,1251.5932386833597,1565.0,0.20025991138443472
"CPU:Intel(R) Xeon(R) Gold 6126,Memory:191889MiB,Cores:48",dnaseq-0,gatk-base-recalibrator,Naive,Realtime,1729.362572669983,2662.678784637981,3409.0,0.21892672788560247
"CPU:Intel(R) Xeon(R) Gold 6126,Memory:191889MiB,Cores:48",dnaseq-0,gatk-base-recalibrator,Naive,Realtime,203.0108642578125,312.57338967139367,2391.0,0.8692708533369328
"CPU:Intel(R) Xeon(R) Gold 6126,Memory:191889MiB,Cores:48",dnaseq-0,gatk-base-recalibrator,Naive,Realtime,609.9719657897949,939.1665103662172,1428.0,0.3423203708920048
"CPU:Intel(R) Xeon(R) Gold 6126,Memory:191889MiB,Cores:48",dnaseq-0,gatk-base-recalibrator,Naive,Realtime,405.5044136047363,624.3502757871023,1385.0,0.5492055770490236
"CPU:Intel(R) Xeon(R) Gold 6126,Memory:191889MiB,Cores:48",dnaseq-0,gatk-base-recalibrator,Naive,Realtime,5613.892818450928,8643.643353424972,4069.0,1.1242672286618265
"CPU:Intel(R) Xeon(R) Gold 6126,Memory:191889MiB,Cores:48",dnaseq-0,gatk-base-recalibrator,Naive,Realtime,5102.182312011719,7855.768831965642,4767.0,0.6479481501920793
"CPU:Intel(R) Xeon(R) Gold 6126,Memory:191889MiB,Cores:48",dnaseq-0,gatk-base-recalibrator,Perfect,Realtime,3565.6447715759277,3092.0,3092.0,0.0
"CPU:Intel(R) Xeon(R) Gold 6126,Memory:191889MiB,Cores:48",dnaseq-0,gatk-base-recalibrator,Perfect,Realtime,1729.362572669983,2013.0,2013.0,0.0
"CPU:Intel(R) Xeon(R) Gold 6126,Memory:191889MiB,Cores:48",dnaseq-0,gatk-base-recalibrator,Perfect,Realtime,6639.323947906494,4011.0,4011.0,0.0
"CPU:Intel(R) Xeon(R) Gold 6126,Memory:191889MiB,Cores:48",dnaseq-0,gatk-base-recalibrator,Perfect,Realtime,405.5044136047363,1225.0,1225.0,0.0
"CPU:Intel(R) Xeon(R) Gold 6126,Memory:191889MiB,Cores:48",dnaseq-0,gatk-base-recalibrator,Perfect,Realtime,5613.892818450928,3652.0,3652.0,0.0
"CPU:Intel(R) Xeon(R) Gold 6126,Memory:191889MiB,Cores:48",dnaseq-0,gatk-base-recalibrator,Perfect,Realtime,5613.892818450928,3857.0,3857.0,0.0
"CPU:Intel(R) Xeon(R) Gold 6126,Memory:191889MiB,Cores:48",dnaseq-0,gatk-base-recalibrator,Perfect,Realtime,4590.344056129456,3281.0,3281.0,0.0
"CPU:Intel(R) Xeon(R) Gold 6126,Memory:191889MiB,Cores:48",dnaseq-0,gatk-base-recalibrator,Perfect,Realtime,1729.362572669983,2100.0,2100.0,0.0
"CPU:Intel(R) Xeon(R) Gold 6126,Memory:191889MiB,Cores:48",dnaseq-0,gatk-base-recalibrator,Perfect,Realtime,203.0108642578125,1127.0,1127.0,0.0
"CPU:Intel(R) Xeon(R) Gold 6126,Memory:191889MiB,Cores:48",dnaseq-0,gatk-base-recalibrator,Perfect,Realtime,203.0108642578125,888.0,888.0,0.0
"CPU:Intel(R) Xeon(R) Gold 6126,Memory:191889MiB,Cores:48",dnaseq-0,gatk-base-recalibrator,Perfect,Realtime,812.8875761032104,1496.0,1496.0,0.0
"CPU:Intel(R) Xeon(R) Gold 6126,Memory:191889MiB,Cores:48",dnaseq-0,gatk-base-recalibrator,Perfect,Realtime,5102.182312011719,4176.0,4176.0,0.0
"CPU:Intel(R) Xeon(R) Gold 6126,Memory:191889MiB,Cores:48",dnaseq-0,gatk-base-recalibrator,Perfect,Realtime,1729.362572669983,2343.0,2343.0,0.0
"CPU:Intel(R) Xeon(R) Gold 6126,Memory:191889MiB,Cores:48",dnaseq-0,gatk-base-recalibrator,Perfect,Realtime,812.8875761032104,1565.0,1565.0,0.0
"CPU:Intel(R) Xeon(R) Gold 6126,Memory:191889MiB,Cores:48",dnaseq-0,gatk-base-recalibrator,Perfect,Realtime,1729.362572669983,3409.0,3409.0,0.0
"CPU:Intel(R) Xeon(R) Gold 6126,Memory:191889MiB,Cores:48",dnaseq-0,gatk-base-recalibrator,Perfect,Realtime,203.0108642578125,2391.0,2391.0,0.0
"CPU:Intel(R) Xeon(R) Gold 6126,Memory:191889MiB,Cores:48",dnaseq-0,gatk-base-recalibrator,Perfect,Realtime,609.9719657897949,1428.0,1428.0,0.0
"CPU:Intel(R) Xeon(R) Gold 6126,Memory:191889MiB,Cores:48",dnaseq-0,gatk-base-recalibrator,Perfect,Realtime,405.5044136047363,1385.0,1385.0,0.0
"CPU:Intel(R) Xeon(R) Gold 6126,Memory:191889MiB,Cores:48",dnaseq-0,gatk-base-recalibrator,Perfect,Realtime,5613.892818450928,4069.0,4069.0,0.0
"CPU:Intel(R) Xeon(R) Gold 6126,Memory:191889MiB,Cores:48",dnaseq-0,gatk-base-recalibrator,Perfect,Realtime,5102.182312011719,4767.0,4767.0,0.0
"CPU:Intel(R) Xeon(R) Gold 6126,Memory:191889MiB,Cores:48",dnaseq-0,picard-collect-wgs-metrics,Lotaru-G,Realtime,203.0108642578125,555.6323881126907,742.0,0.25116928825782925
"CPU:Intel(R) Xeon(R) Gold 6126,Memory:191889MiB,Cores:48",dnaseq-0,picard-collect-wgs-metrics,Lotaru-G,Realtime,4590.344056129456,1391.0957158217266,1465.0,0.050446610360596195
"CPU:Intel(R) Xeon(R) Gold 6126,Memory:191889MiB,Cores:48",dnaseq-0,picard-collect-wgs-metrics,Lotaru-G,Realtime,203.0108642578125,555.6323881126907,712.0,0.2196174324259962
"CPU:Intel(R) Xeon(R) Gold 6126,Memory:191889MiB,Cores:48",dnaseq-0,picard-collect-wgs-metrics,Lotaru-G,Realtime,203.0108642578125,555.6323881126907,513.0,0.08310407039510859
"CPU:Intel(R) Xeon(R) Gold 6126,Memory:191889MiB,Cores:48",dnaseq-0,picard-collect-wgs-metrics,Lotaru-G,Realtime,609.9719657897949,633.1284571972,759.0,0.16583865981923587
"CPU:Intel(R) Xeon(R) Gold 6126,Memory:191889MiB,Cores:48",dnaseq-0,picard-collect-wgs-metrics,Lotaru-G,Realtime,3565.6447715759277,1195.9660922590026,1132.0,0.05650714863869488
"CPU:Intel(R) Xeon(R) Gold 6126,Memory:191889MiB,Cores:48",dnaseq-0,picard-collect-wgs-metrics,Lotaru-G,Realtime,405.5044136047363,594.1924716938569,647.0,0.08161905456900019
"CPU:Intel(R) Xeon(R) Gold 6126,Memory:191889MiB,Cores:48",dnaseq-0,picard-collect-wgs-metrics,Lotaru-G,Realtime,203.0108642578125,555.6323881126907,775.0,0.2830549830803991
"CPU:Intel(R) Xeon(R) Gold 6126,Memory:191889MiB,Cores:48",dnaseq-0,picard-collect-wgs-metrics,Lotaru-G,Realtime,5102.182312011719,1488.5631462189517,1081.0,0.3770241870665603
"CPU:Intel(R) Xeon(R) Gold 6126,Memory:191889MiB,Cores:48",dnaseq-0,picard-collect-wgs-metrics,Lotaru-G,Realtime,4590.344056129456,1391.0957158217266,1327.0,0.04830121765013306
"CPU:Intel(R) Xeon(R) Gold 6126,Memory:191889MiB,Cores:48",dnaseq-0,picard-collect-wgs-metrics,Lotaru-G,Realtime,609.9719657897949,633.1284571972,699.0,0.094236828044063
"CPU:Intel(R) Xeon(R) Gold 6126,Memory:191889MiB,Cores:48",dnaseq-0,picard-collect-wgs-metrics,Lotaru-G,Realtime,812.8875761032104,671.7689122578366,713.0,0.0578276125416036
"CPU:Intel(R) Xeon(R) Gold 6126,Memory:191889MiB,Cores:48",dnaseq-0,picard-collect-wgs-metrics,Lotaru-G,Realtime,1474.3470220565796,797.728142088983,798.0,0.00034067407395618635
"CPU:Intel(R) Xeon(R) Gold 6126,Memory:191889MiB,Cores:48",dnaseq-0,picard-collect-wgs-metrics,Lotaru-G,Realtime,405.5044136047363,594.1924716938569,687.0,0.135091016457268
"CPU:Intel(R) Xeon(R) Gold 6126,Memory:191889MiB,Cores:48",dnaseq-0,picard-collect-wgs-metrics,Lotaru-G,Realtime,203.0108642578125,555.6323881126907,804.0,0.3089149401583449
"CPU:Intel(R) Xeon(R) Gold 6126,Memory:191889MiB,Cores:48",dnaseq-0,picard-collect-wgs-metrics,Lotaru-A,Realtime,203.0108642578125,284.47138977261943,742.0,0.6166153776649334
"CPU:Intel(R) Xeon(R) Gold 6126,Memory:191889MiB,Cores:48",dnaseq-0,picard-collect-wgs-metrics,Lotaru-A,Realtime,4590.344056129456,712.2099792107223,1465.0,0.5138498435421691
"CPU:Intel(R) Xeon(R) Gold 6126,Memory:191889MiB,Cores:48",dnaseq-0,picard-collect-wgs-metrics,Lotaru-A,Realtime,203.0108642578125,284.47138977261943,712.0,0.6004615312182311
"CPU:Intel(R) Xeon(R) Gold 6126,Memory:191889MiB,Cores:48",dnaseq-0,picard-collect-wgs-metrics,Lotaru-A,Realtime,203.0108642578125,284.47138977261943,513.0,0.44547487373758393
"CPU:Intel(R) Xeon(R) Gold 6126,Memory:191889MiB,Cores:48",dnaseq-0,picard-collect-wgs-metrics,Lotaru-A,Realtime,609.9719657897949,324.14764865534335,759.0,0.57292799913657
"CPU:Intel(R) Xeon(R) Gold 6126,Memory:191889MiB,Cores:48",dnaseq-0,picard-collect-wgs-metrics,Lotaru-A,Realtime,3565.6447715759277,612.3079641585721,1132.0,0.45909190445355824
"CPU:Intel(R) Xeon(R) Gold 6126,Memory:191889MiB,Cores:48",dnaseq-0,picard-collect-wgs-metrics,Lotaru-A,Realtime,405.5044136047363,304.21329251400164,647.0,0.529809439700152
"CPU:Intel(R) Xeon(R) Gold 6126,Memory:191889MiB,Cores:48",dnaseq-0,picard-collect-wgs-metrics,Lotaru-A,Realtime,203.0108642578125,284.47138977261943,775.0,0.6329401422288782
"CPU:Intel(R) Xeon(R) Gold 6126,Memory:191889MiB,Cores:48",dnaseq-0,picard-collect-wgs-metrics,Lotaru-A,Realtime,5102.182312011719,762.111129640134,1081.0,0.29499432965760036
"CPU:Intel(R) Xeon(R) Gold 6126,Memory:191889MiB,Cores:48",dnaseq-0,picard-collect-wgs-metrics,Lotaru-A,Realtime,4590.344056129456,712.2099792107223,1327.0,0.46329315809289956
"CPU:Intel(R) Xeon(R) Gold 6126,Memory:191889MiB,Cores:48",dnaseq-0,picard-collect-wgs-metrics,Lotaru-A,Realtime,609.9719657897949,324.14764865534335,699.0,0.5362694582899237
"CPU:Intel(R) Xeon(R) Gold 6126,Memory:191889MiB,Cores:48",dnaseq-0,picard-collect-wgs-metrics,Lotaru-A,Realtime,812.8875761032104,343.9306998015922,713.0,0.5176287520314274
"CPU:Intel(R) Xeon(R) Gold 6126,Memory:191889MiB,Cores:48",dnaseq-0,picard-collect-wgs-metrics,Lotaru-A,Realtime,1474.3470220565796,408.41901605411374,798.0,0.4881967217366996
"CPU:Intel(R) Xeon(R) Gold 6126,Memory:191889MiB,Cores:48",dnaseq-0,picard-collect-wgs-metrics,Lotaru-A,Realtime,405.5044136047363,304.21329251400164,687.0,0.5571858915371155
"CPU:Intel(R) Xeon(R) Gold 6126,Memory:191889MiB,Cores:48",dnaseq-0,picard-collect-wgs-metrics,Lotaru-A,Realtime,203.0108642578125,284.47138977261943,804.0,0.6461798634668913
"CPU:Intel(R) Xeon(R) Gold 6126,Memory:191889MiB,Cores:48",dnaseq-0,picard-collect-wgs-metrics,OnlineP,Realtime,203.0108642578125,636.0,742.0,0.14285714285714285
"CPU:Intel(R) Xeon(R) Gold 6126,Memory:191889MiB,Cores:48",dnaseq-0,picard-collect-wgs-metrics,OnlineP,Realtime,4590.344056129456,1313.5364265936116,1465.0,0.10338810471425827
"CPU:Intel(R) Xeon(R) Gold 6126,Memory:191889MiB,Cores:48",dnaseq-0,picard-collect-wgs-metrics,OnlineP,Realtime,203.0108642578125,636.0,712.0,0.10674157303370786
"CPU:Intel(R) Xeon(R) Gold 6126,Memory:191889MiB,Cores:48",dnaseq-0,picard-collect-wgs-metrics,OnlineP,Realtime,203.0108642578125,636.0,513.0,0.23976608187134502
"CPU:Intel(R) Xeon(R) Gold 6126,Memory:191889MiB,Cores:48",dnaseq-0,picard-collect-wgs-metrics,OnlineP,Realtime,609.9719657897949,949.1692260309964,759.0,0.25055233996178705
"CPU:Intel(R) Xeon(R) Gold 6126,Memory:191889MiB,Cores:48",dnaseq-0,picard-collect-wgs-metrics,OnlineP,Realtime,3565.6447715759277,1020.3166112361564,1132.0,0.0986602374238901
"CPU:Intel(R) Xeon(R) Gold 6126,Memory:191889MiB,Cores:48",dnaseq-0,picard-collect-wgs-metrics,OnlineP,Realtime,405.5044136047363,631.0,647.0,0.02472952086553323
"CPU:Intel(R) Xeon(R) Gold 6126,Memory:191889MiB,Cores:48",dnaseq-0,picard-collect-wgs-metrics,OnlineP,Realtime,203.0108642578125,636.0,775.0,0.17935483870967742
"CPU:Intel(R) Xeon(R) Gold 6126,Memory:191889MiB,Cores:48",dnaseq-0,picard-collect-wgs-metrics,OnlineP,Realtime,5102.182312011719,1460.0,1081.0,0.3506012950971323
"CPU:Intel(R) Xeon(R) Gold 6126,Memory:191889MiB,Cores:48",dnaseq-0,picard-collect-wgs-metrics,OnlineP,Realtime,4590.344056129456,1313.5364265936116,1327.0,0.010145872951310005
"CPU:Intel(R) Xeon(R) Gold 6126,Memory:191889MiB,Cores:48",dnaseq-0,picard-collect-wgs-metrics,OnlineP,Realtime,609.9719657897949,949.1692260309964,699.0,0.357895888456361
"CPU:Intel(R) Xeon(R) Gold 6126,Memory:191889MiB,Cores:48",dnaseq-0,picard-collect-wgs-metrics,OnlineP,Realtime,812.8875761032104,1264.9234960512763,713.0,0.7740862497212851
"CPU:Intel(R) Xeon(R) Gold 6126,Memory:191889MiB,Cores:48",dnaseq-0,picard-collect-wgs-metrics,OnlineP,Realtime,1474.3470220565796,2294.2117020322257,798.0,1.8749520075591801
"CPU:Intel(R) Xeon(R) Gold 6126,Memory:191889MiB,Cores:48",dnaseq-0,picard-collect-wgs-metrics,OnlineP,Realtime,405.5044136047363,631.0,687.0,0.08151382823871907
"CPU:Intel(R) Xeon(R) Gold 6126,Memory:191889MiB,Cores:48",dnaseq-0,picard-collect-wgs-metrics,OnlineP,Realtime,203.0108642578125,636.0,804.0,0.208955223880597
"CPU:Intel(R) Xeon(R) Gold 6126,Memory:191889MiB,Cores:48",dnaseq-0,picard-collect-wgs-metrics,Naive,Realtime,203.0108642578125,253.17459930042318,742.0,0.6587943405654674
"CPU:Intel(R) Xeon(R) Gold 6126,Memory:191889MiB,Cores:48",dnaseq-0,picard-collect-wgs-metrics,Naive,Realtime,4590.344056129456,5724.6124305238045,1465.0,2.907585276808058
"CPU:Intel(R) Xeon(R) Gold 6126,Memory:191889MiB,Cores:48",dnaseq-0,picard-collect-wgs-metrics,Naive,Realtime,203.0108642578125,253.17459930042318,712.0,0.6444176976117652
"CPU:Intel(R) Xeon(R) Gold 6126,Memory:191889MiB,Cores:48",dnaseq-0,picard-collect-wgs-metrics,Naive,Realtime,203.0108642578125,253.17459930042318,513.0,0.5064822625722745
"CPU:Intel(R) Xeon(R) Gold 6126,Memory:191889MiB,Cores:48",dnaseq-0,picard-collect-wgs-metrics,Naive,Realtime,609.9719657897949,760.6952888354093,759.0,0.0022335821283390182
"CPU:Intel(R) Xeon(R) Gold 6126,Memory:191889MiB,Cores:48",dnaseq-0,picard-collect-wgs-metrics,Naive,Realtime,3565.6447715759277,4446.711212188953,1132.0,2.9281901167746938
"CPU:Intel(R) Xeon(R) Gold 6126,Memory:191889MiB,Cores:48",dnaseq-0,picard-collect-wgs-metrics,Naive,Realtime,405.5044136047363,505.7040558112957,647.0,0.21838631250186138
"CPU:Intel(R) Xeon(R) Gold 6126,Memory:191889MiB,Cores:48",dnaseq-0,picard-collect-wgs-metrics,Naive,Realtime,203.0108642578125,253.17459930042318,775.0,0.6733230976768733
"CPU:Intel(R) Xeon(R) Gold 6126,Memory:191889MiB,Cores:48",dnaseq-0,picard-collect-wgs-metrics,Naive,Realtime,5102.182312011719,6362.92529034718,1081.0,4.886147354622738
"CPU:Intel(R) Xeon(R) Gold 6126,Memory:191889MiB,Cores:48",dnaseq-0,picard-collect-wgs-metrics,Naive,Realtime,4590.344056129456,5724.6124305238045,1327.0,3.3139505881867404
"CPU:Intel(R) Xeon(R) Gold 6126,Memory:191889MiB,Cores:48",dnaseq-0,picard-collect-wgs-metrics,Naive,Realtime,609.9719657897949,760.6952888354093,699.0,0.08826221578742391
"CPU:Intel(R) Xeon(R) Gold 6126,Memory:191889MiB,Cores:48",dnaseq-0,picard-collect-wgs-metrics,Naive,Realtime,812.8875761032104,1013.7510970588493,713.0,0.4218107953139541
"CPU:Intel(R) Xeon(R) Gold 6126,Memory:191889MiB,Cores:48",dnaseq-0,picard-collect-wgs-metrics,Naive,Realtime,1474.3470220565796,1838.6563591242984,798.0,1.3040806505317022
"CPU:Intel(R) Xeon(R) Gold 6126,Memory:191889MiB,Cores:48",dnaseq-0,picard-collect-wgs-metrics,Naive,Realtime,405.5044136047363,505.7040558112957,687.0,0.2638951152674007
"CPU:Intel(R) Xeon(R) Gold 6126,Memory:191889MiB,Cores:48",dnaseq-0,picard-collect-wgs-metrics,Naive,Realtime,203.0108642578125,253.17459930042318,804.0,0.685106219775593
"CPU:Intel(R) Xeon(R) Gold 6126,Memory:191889MiB,Cores:48",dnaseq-0,picard-collect-wgs-metrics,Perfect,Realtime,203.0108642578125,742.0,742.0,0.0
"CPU:Intel(R) Xeon(R) Gold 6126,Memory:191889MiB,Cores:48",dnaseq-0,picard-collect-wgs-metrics,Perfect,Realtime,4590.344056129456,1465.0,1465.0,0.0
"CPU:Intel(R) Xeon(R) Gold 6126,Memory:191889MiB,Cores:48",dnaseq-0,picard-collect-wgs-metrics,Perfect,Realtime,203.0108642578125,712.0,712.0,0.0
"CPU:Intel(R) Xeon(R) Gold 6126,Memory:191889MiB,Cores:48",dnaseq-0,picard-collect-wgs-metrics,Perfect,Realtime,203.0108642578125,513.0,513.0,0.0
"CPU:Intel(R) Xeon(R) Gold 6126,Memory:191889MiB,Cores:48",dnaseq-0,picard-collect-wgs-metrics,Perfect,Realtime,609.9719657897949,759.0,759.0,0.0
"CPU:Intel(R) Xeon(R) Gold 6126,Memory:191889MiB,Cores:48",dnaseq-0,picard-collect-wgs-metrics,Perfect,Realtime,3565.6447715759277,1132.0,1132.0,0.0
"CPU:Intel(R) Xeon(R) Gold 6126,Memory:191889MiB,Cores:48",dnaseq-0,picard-collect-wgs-metrics,Perfect,Realtime,405.5044136047363,647.0,647.0,0.0
"CPU:Intel(R) Xeon(R) Gold 6126,Memory:191889MiB,Cores:48",dnaseq-0,picard-collect-wgs-metrics,Perfect,Realtime,203.0108642578125,775.0,775.0,0.0
"CPU:Intel(R) Xeon(R) Gold 6126,Memory:191889MiB,Cores:48",dnaseq-0,picard-collect-wgs-metrics,Perfect,Realtime,5102.182312011719,1081.0,1081.0,0.0
"CPU:Intel(R) Xeon(R) Gold 6126,Memory:191889MiB,Cores:48",dnaseq-0,picard-collect-wgs-metrics,Perfect,Realtime,4590.344056129456,1327.0,1327.0,0.0
"CPU:Intel(R) Xeon(R) Gold 6126,Memory:191889MiB,Cores:48",dnaseq-0,picard-collect-wgs-metrics,Perfect,Realtime,609.9719657897949,699.0,699.0,0.0
"CPU:Intel(R) Xeon(R) Gold 6126,Memory:191889MiB,Cores:48",dnaseq-0,picard-collect-wgs-metrics,Perfect,Realtime,812.8875761032104,713.0,713.0,0.0
"CPU:Intel(R) Xeon(R) Gold 6126,Memory:191889MiB,Cores:48",dnaseq-0,picard-collect-wgs-metrics,Perfect,Realtime,1474.3470220565796,798.0,798.0,0.0
"CPU:Intel(R) Xeon(R) Gold 6126,Memory:191889MiB,Cores:48",dnaseq-0,picard-collect-wgs-metrics,Perfect,Realtime,405.5044136047363,687.0,687.0,0.0
"CPU:Intel(R) Xeon(R) Gold 6126,Memory:191889MiB,Cores:48",dnaseq-0,picard-collect-wgs-metrics,Perfect,Realtime,203.0108642578125,804.0,804.0,0.0
"CPU:Intel(R) Xeon(R) Gold 6126,Memory:191889MiB,Cores:48",dnaseq-0,picard-markduplicate,Lotaru-G,Realtime,5102.182312011719,2024.1442389671356,1879.0,0.07724547044552188
"CPU:Intel(R) Xeon(R) Gold 6126,Memory:191889MiB,Cores:48",dnaseq-0,picard-markduplicate,Lotaru-G,Realtime,5102.182312011719,2024.1442389671356,1450.0,0.39596154411526596
"CPU:Intel(R) Xeon(R) Gold 6126,Memory:191889MiB,Cores:48",dnaseq-0,picard-markduplicate,Lotaru-G,Realtime,4590.344056129456,1826.2440864424264,1544.0,0.18280057412074247
"CPU:Intel(R) Xeon(R) Gold 6126,Memory:191889MiB,Cores:48",dnaseq-0,picard-markduplicate,Lotaru-G,Realtime,6639.323947906494,2618.4737184455744,2188.0,0.1967430157429499
"CPU:Intel(R) Xeon(R) Gold 6126,Memory:191889MiB,Cores:48",dnaseq-0,picard-markduplicate,Lotaru-G,Realtime,812.8875761032104,365.70610405955944,450.0,0.18731976875653458
"CPU:Intel(R) Xeon(R) Gold 6126,Memory:191889MiB,Cores:48",dnaseq-0,picard-markduplicate,Lotaru-G,Realtime,5102.182312011719,2024.1442389671356,2171.0,0.06764429342831156
"CPU:Intel(R) Xeon(R) Gold 6126,Memory:191889MiB,Cores:48",dnaseq-0,picard-markduplicate,Lotaru-G,Realtime,4590.344056129456,1826.2440864424264,1691.0,0.07997876194111553
"CPU:Intel(R) Xeon(R) Gold 6126,Memory:191889MiB,Cores:48",dnaseq-0,picard-markduplicate,Lotaru-G,Realtime,1474.3470220565796,621.4566731869926,621.0,0.0007353835539333154
"CPU:Intel(R) Xeon(R) Gold 6126,Memory:191889MiB,Cores:48",dnaseq-0,picard-markduplicate,Lotaru-G,Realtime,203.0108642578125,129.89978651998956,115.0,0.1295633610433875
"CPU:Intel(R) Xeon(R) Gold 6126,Memory:191889MiB,Cores:48",dnaseq-0,picard-markduplicate,Lotaru-G,Realtime,203.0108642578125,129.89978651998956,125.0,0.03919829215991649
"CPU:Intel(R) Xeon(R) Gold 6126,Memory:191889MiB,Cores:48",dnaseq-0,picard-markduplicate,Lotaru-G,Realtime,3565.6447715759277,1430.0483305086402,1914.0,0.2528483121689445
"CPU:Intel(R) Xeon(R) Gold 6126,Memory:191889MiB,Cores:48",dnaseq-0,picard-markduplicate,Lotaru-G,Realtime,812.8875761032104,365.70610405955944,341.0,0.07245191806322415
"CPU:Intel(R) Xeon(R) Gold 6126,Memory:191889MiB,Cores:48",dnaseq-0,picard-markduplicate,Lotaru-G,Realtime,609.9719657897949,287.2496194784095,274.0,0.04835627546864781
"CPU:Intel(R) Xeon(R) Gold 6126,Memory:191889MiB,Cores:48",dnaseq-0,picard-markduplicate,Lotaru-G,Realtime,203.0108642578125,129.89978651998956,207.0,0.3724647994203403
"CPU:Intel(R) Xeon(R) Gold 6126,Memory:191889MiB,Cores:48",dnaseq-0,picard-markduplicate,Lotaru-G,Realtime,812.8875761032104,365.70610405955944,372.0,0.01691907510871119
"CPU:Intel(R) Xeon(R) Gold 6126,Memory:191889MiB,Cores:48",dnaseq-0,picard-markduplicate,Lotaru-G,Realtime,812.8875761032104,365.70610405955944,356.0,0.027264337245953472
"CPU:Intel(R) Xeon(R) Gold 6126,Memory:191889MiB,Cores:48",dnaseq-0,picard-markduplicate,Lotaru-G,Realtime,203.0108642578125,129.89978651998956,127.0,0.022832964724327255
"CPU:Intel(R) Xeon(R) Gold 6126,Memory:191889MiB,Cores:48",dnaseq-0,picard-markduplicate,Lotaru-G,Realtime,609.9719657897949,287.2496194784095,272.0,0.05606477749415257
"CPU:Intel(R) Xeon(R) Gold 6126,Memory:191889MiB,Cores:48",dnaseq-0,picard-markduplicate,Lotaru-G,Realtime,2545.566870689392,1035.639413526539,895.0,0.15713900952685933
"CPU:Intel(R) Xeon(R) Gold 6126,Memory:191889MiB,Cores:48",dnaseq-0,picard-markduplicate,Lotaru-G,Realtime,5613.892818450928,2221.9949976961,2799.0,0.2061468389795998
"CPU:Intel(R) Xeon(R) Gold 6126,Memory:191889MiB,Cores:48",dnaseq-0,picard-markduplicate,Lotaru-A,Realtime,5102.182312011719,1120.9139853257955,1879.0,0.40345184389260486
"CPU:Intel(R) Xeon(R) Gold 6126,Memory:191889MiB,Cores:48",dnaseq-0,picard-markduplicate,Lotaru-A,Realtime,5102.182312011719,1120.9139853257955,1450.0,0.22695587218910657
"CPU:Intel(R) Xeon(R) Gold 6126,Memory:191889MiB,Cores:48",dnaseq-0,picard-markduplicate,Lotaru-A,Realtime,4590.344056129456,1011.3224629468132,1544.0,0.3449984048271935
"CPU:Intel(R) Xeon(R) Gold 6126,Memory:191889MiB,Cores:48",dnaseq-0,picard-markduplicate,Lotaru-A,Realtime,6639.323947906494,1450.036887050784,2188.0,0.33727747392560153
"CPU:Intel(R) Xeon(R) Gold 6126,Memory:191889MiB,Cores:48",dnaseq-0,picard-markduplicate,Lotaru-A,Realtime,812.8875761032104,202.51772510468135,450.0,0.5499606108784859
"CPU:Intel(R) Xeon(R) Gold 6126,Memory:191889MiB,Cores:48",dnaseq-0,picard-markduplicate,Lotaru-A,Realtime,5102.182312011719,1120.9139853257955,2171.0,0.48368770827922825
"CPU:Intel(R) Xeon(R) Gold 6126,Memory:191889MiB,Cores:48",dnaseq-0,picard-markduplicate,Lotaru-A,Realtime,4590.344056129456,1011.3224629468132,1691.0,0.40193822415918795
"CPU:Intel(R) Xeon(R) Gold 6126,Memory:191889MiB,Cores:48",dnaseq-0,picard-markduplicate,Lotaru-A,Realtime,1474.3470220565796,344.14517643505366,621.0,0.4458209719242292
"CPU:Intel(R) Xeon(R) Gold 6126,Memory:191889MiB,Cores:48",dnaseq-0,picard-markduplicate,Lotaru-A,Realtime,203.0108642578125,71.93483774426592,115.0,0.374479671788992
"CPU:Intel(R) Xeon(R) Gold 6126,Memory:191889MiB,Cores:48",dnaseq-0,picard-markduplicate,Lotaru-A,Realtime,203.0108642578125,71.93483774426592,125.0,0.42452129804587263
"CPU:Intel(R) Xeon(R) Gold 6126,Memory:191889MiB,Cores:48",dnaseq-0,picard-markduplicate,Lotaru-A,Realtime,3565.6447715759277,791.9204286434085,1914.0,0.5862484698832766
"CPU:Intel(R) Xeon(R) Gold 6126,Memory:191889MiB,Cores:48",dnaseq-0,picard-markduplicate,Lotaru-A,Realtime,812.8875761032104,202.51772510468135,341.0,0.40610637799213684
"CPU:Intel(R) Xeon(R) Gold 6126,Memory:191889MiB,Cores:48",dnaseq-0,picard-markduplicate,Lotaru-A,Realtime,609.9719657897949,159.07073693382677,274.0,0.4194498652050118
"CPU:Intel(R) Xeon(R) Gold 6126,Memory:191889MiB,Cores:48",dnaseq-0,picard-markduplicate,Lotaru-A,Realtime,203.0108642578125,71.93483774426592,207.0,0.65248870654944
"CPU:Intel(R) Xeon(R) Gold 6126,Memory:191889MiB,Cores:48",dnaseq-0,picard-markduplicate,Lotaru-A,Realtime,812.8875761032104,202.51772510468135,372.0,0.45559751315945873
"CPU:Intel(R) Xeon(R) Gold 6126,Memory:191889MiB,Cores:48",dnaseq-0,picard-markduplicate,Lotaru-A,Realtime,812.8875761032104,202.51772510468135,356.0,0.43112998566100746
"CPU:Intel(R) Xeon(R) Gold 6126,Memory:191889MiB,Cores:48",dnaseq-0,picard-markduplicate,Lotaru-A,Realtime,203.0108642578125,71.93483774426592,127.0,0.4335839547695597
"CPU:Intel(R) Xeon(R) Gold 6126,Memory:191889MiB,Cores:48",dnaseq-0,picard-markduplicate,Lotaru-A,Realtime,609.9719657897949,159.07073693382677,272.0,0.41518111421387216
"CPU:Intel(R) Xeon(R) Gold 6126,Memory:191889MiB,Cores:48",dnaseq-0,picard-markduplicate,Lotaru-A,Realtime,2545.566870689392,573.5078953508067,895.0,0.359209055473959
"CPU:Intel(R) Xeon(R) Gold 6126,Memory:191889MiB,Cores:48",dnaseq-0,picard-markduplicate,Lotaru-A,Realtime,5613.892818450928,1230.478154813925,2799.0,0.5603865113204984
"CPU:Intel(R) Xeon(R) Gold 6126,Memory:191889MiB,Cores:48",dnaseq-0,picard-markduplicate,OnlineP,Realtime,5102.182312011719,2034.8555357598568,1879.0,0.08294600093659224
"CPU:Intel(R) Xeon(R) Gold 6126,Memory:191889MiB,Cores:48",dnaseq-0,picard-markduplicate,OnlineP,Realtime,5102.182312011719,2034.8555357598568,1450.0,0.4033486453516254
"CPU:Intel(R) Xeon(R) Gold 6126,Memory:191889MiB,Cores:48",dnaseq-0,picard-markduplicate,OnlineP,Realtime,4590.344056129456,1830.7238829289258,1544.0,0.18570199671562554
"CPU:Intel(R) Xeon(R) Gold 6126,Memory:191889MiB,Cores:48",dnaseq-0,picard-markduplicate,OnlineP,Realtime,6639.323947906494,2647.8993228632175,2188.0,0.21019164664680876
"CPU:Intel(R) Xeon(R) Gold 6126,Memory:191889MiB,Cores:48",dnaseq-0,picard-markduplicate,OnlineP,Realtime,812.8875761032104,277.19407663357333,450.0,0.38401316303650374
"CPU:Intel(R) Xeon(R) Gold 6126,Memory:191889MiB,Cores:48",dnaseq-0,picard-markduplicate,OnlineP,Realtime,5102.182312011719,2034.8555357598568,2171.0,0.06271048560117143
"CPU:Intel(R) Xeon(R) Gold 6126,Memory:191889MiB,Cores:48",dnaseq-0,picard-markduplicate,OnlineP,Realtime,4590.344056129456,1830.7238829289258,1691.0,0.08262796151917554
"CPU:Intel(R) Xeon(R) Gold 6126,Memory:191889MiB,Cores:48",dnaseq-0,picard-markduplicate,OnlineP,Realtime,1474.3470220565796,588.0,621.0,0.05314009661835749
"CPU:Intel(R) Xeon(R) Gold 6126,Memory:191889MiB,Cores:48",dnaseq-0,picard-markduplicate,OnlineP,Realtime,203.0108642578125,82.0,115.0,0.28695652173913044
"CPU:Intel(R) Xeon(R) Gold 6126,Memory:191889MiB,Cores:48",dnaseq-0,picard-markduplicate,OnlineP,Realtime,203.0108642578125,82.0,125.0,0.344
"CPU:Intel(R) Xeon(R) Gold 6126,Memory:191889MiB,Cores:48",dnaseq-0,picard-markduplicate,OnlineP,Realtime,3565.6447715759277,1422.0526743846785,1914.0,0.2570257709588931
"CPU:Intel(R) Xeon(R) Gold 6126,Memory:191889MiB,Cores:48",dnaseq-0,picard-markduplicate,OnlineP,Realtime,812.8875761032104,277.19407663357333,341.0,0.18711414476957966
"CPU:Intel(R) Xeon(R) Gold 6126,Memory:191889MiB,Cores:48",dnaseq-0,picard-markduplicate,OnlineP,Realtime,609.9719657897949,208.0,274.0,0.24087591240875914
"CPU:Intel(R) Xeon(R) Gold 6126,Memory:191889MiB,Cores:48",dnaseq-0,picard-markduplicate,OnlineP,Realtime,203.0108642578125,82.0,207.0,0.6038647342995169
"CPU:Intel(R) Xeon(R) Gold 6126,Memory:191889MiB,Cores:48",dnaseq-0,picard-markduplicate,OnlineP,Realtime,812.8875761032104,277.19407663357333,372.0,0.25485463270544806
"CPU:Intel(R) Xeon(R) Gold 6126,Memory:191889MiB,Cores:48",dnaseq-0,picard-markduplicate,OnlineP,Realtime,812.8875761032104,277.19407663357333,356.0,0.2213649532764794
"CPU:Intel(R) Xeon(R) Gold 6126,Memory:191889MiB,Cores:48",dnaseq-0,picard-markduplicate,OnlineP,Realtime,203.0108642578125,82.0,127.0,0.3543307086614173
"CPU:Intel(R) Xeon(R) Gold 6126,Memory:191889MiB,Cores:48",dnaseq-0,picard-markduplicate,OnlineP,Realtime,609.9719657897949,208.0,272.0,0.23529411764705882
"CPU:Intel(R) Xeon(R) Gold 6126,Memory:191889MiB,Cores:48",dnaseq-0,picard-markduplicate,OnlineP,Realtime,2545.566870689392,1015.2245689603473,895.0,0.13432912732999694
"CPU:Intel(R) Xeon(R) Gold 6126,Memory:191889MiB,Cores:48",dnaseq-0,picard-markduplicate,OnlineP,Realtime,5613.892818450928,2238.936239478135,2799.0,0.20009423384132363
"CPU:Intel(R) Xeon(R) Gold 6126,Memory:191889MiB,Cores:48",dnaseq-0,picard-markduplicate,Naive,Realtime,5102.182312011719,2350.4821474020987,1879.0,0.2509218453443846
"CPU:Intel(R) Xeon(R) Gold 6126,Memory:191889MiB,Cores:48",dnaseq-0,picard-markduplicate,Naive,Realtime,5102.182312011719,2350.4821474020987,1450.0,0.621022170622137
"CPU:Intel(R) Xeon(R) Gold 6126,Memory:191889MiB,Cores:48",dnaseq-0,picard-markduplicate,Naive,Realtime,4590.344056129456,2114.687616897693,1544.0,0.36961633218762485
"CPU:Intel(R) Xeon(R) Gold 6126,Memory:191889MiB,Cores:48",dnaseq-0,picard-markduplicate,Naive,Realtime,6639.323947906494,3058.6152073857124,2188.0,0.39790457375946636
"CPU:Intel(R) Xeon(R) Gold 6126,Memory:191889MiB,Cores:48",dnaseq-0,picard-markduplicate,Naive,Realtime,812.8875761032104,374.48245057362675,450.0,0.16781677650305166
"CPU:Intel(R) Xeon(R) Gold 6126,Memory:191889MiB,Cores:48",dnaseq-0,picard-markduplicate,Naive,Realtime,5102.182312011719,2350.4821474020987,2171.0,0.08267256904748903
"CPU:Intel(R) Xeon(R) Gold 6126,Memory:191889MiB,Cores:48",dnaseq-0,picard-markduplicate,Naive,Realtime,4590.344056129456,2114.687616897693,1691.0,0.25055447480644166
"CPU:Intel(R) Xeon(R) Gold 6126,Memory:191889MiB,Cores:48",dnaseq-0,picard-markduplicate,Naive,Realtime,1474.3470220565796,679.2047289766621,621.0,0.09372742186257982
"CPU:Intel(R) Xeon(R) Gold 6126,Memory:191889MiB,Cores:48",dnaseq-0,picard-markduplicate,Naive,Realtime,203.0108642578125,93.5233950859189,115.0,0.18675308620940081
"CPU:Intel(R) Xeon(R) Gold 6126,Memory:191889MiB,Cores:48",dnaseq-0,picard-markduplicate,Naive,Realtime,203.0108642578125,93.5233950859189,125.0,0.25181283931264875
"CPU:Intel(R) Xeon(R) Gold 6126,Memory:191889MiB,Cores:48",dnaseq-0,picard-markduplicate,Naive,Realtime,3565.6447715759277,1642.6273831564338,1914.0,0.14178297640729687
"CPU:Intel(R) Xeon(R) Gold 6126,Memory:191889MiB,Cores:48",dnaseq-0,picard-markduplicate,Naive,Realtime,812.8875761032104,374.48245057362675,341.0,0.0981890046147412
"CPU:Intel(R) Xeon(R) Gold 6126,Memory:191889MiB,Cores:48",dnaseq-0,picard-markduplicate,Naive,Realtime,609.9719657897949,281.00293723910033,274.0,0.025558165106205597
"CPU:Intel(R) Xeon(R) Gold 6126,Memory:191889MiB,Cores:48",dnaseq-0,picard-markduplicate,Naive,Realtime,203.0108642578125,93.5233950859189,207.0,0.5481961590052227
"CPU:Intel(R) Xeon(R) Gold 6126,Memory:191889MiB,Cores:48",dnaseq-0,picard-markduplicate,Naive,Realtime,812.8875761032104,374.48245057362675,372.0,0.0066732542301794345
"CPU:Intel(R) Xeon(R) Gold 6126,Memory:191889MiB,Cores:48",dnaseq-0,picard-markduplicate,Naive,Realtime,812.8875761032104,374.48245057362675,356.0,0.05191699599333357
"CPU:Intel(R) Xeon(R) Gold 6126,Memory:191889MiB,Cores:48",dnaseq-0,picard-markduplicate,Naive,Realtime,203.0108642578125,93.5233950859189,127.0,0.2635953142841031
"CPU:Intel(R) Xeon(R) Gold 6126,Memory:191889MiB,Cores:48",dnaseq-0,picard-markduplicate,Naive,Realtime,609.9719657897949,281.00293723910033,272.0,0.03309903396728064
"CPU:Intel(R) Xeon(R) Gold 6126,Memory:191889MiB,Cores:48",dnaseq-0,picard-markduplicate,Naive,Realtime,2545.566870689392,1172.6961364135395,895.0,0.31027501275255814
"CPU:Intel(R) Xeon(R) Gold 6126,Memory:191889MiB,Cores:48",dnaseq-0,picard-markduplicate,Naive,Realtime,5613.892818450928,2586.2178260727446,2799.0,0.07602078382538599
"CPU:Intel(R) Xeon(R) Gold 6126,Memory:191889MiB,Cores:48",dnaseq-0,picard-markduplicate,Perfect,Realtime,5102.182312011719,1879.0,1879.0,0.0
"CPU:Intel(R) Xeon(R) Gold 6126,Memory:191889MiB,Cores:48",dnaseq-0,picard-markduplicate,Perfect,Realtime,5102.182312011719,1450.0,1450.0,0.0
"CPU:Intel(R) Xeon(R) Gold 6126,Memory:191889MiB,Cores:48",dnaseq-0,picard-markduplicate,Perfect,Realtime,4590.344056129456,1544.0,1544.0,0.0
"CPU:Intel(R) Xeon(R) Gold 6126,Memory:191889MiB,Cores:48",dnaseq-0,picard-markduplicate,Perfect,Realtime,6639.323947906494,2188.0,2188.0,0.0
"CPU:Intel(R) Xeon(R) Gold 6126,Memory:191889MiB,Cores:48",dnaseq-0,picard-markduplicate,Perfect,Realtime,812.8875761032104,450.0,450.0,0.0
"CPU:Intel(R) Xeon(R) Gold 6126,Memory:191889MiB,Cores:48",dnaseq-0,picard-markduplicate,Perfect,Realtime,5102.182312011719,2171.0,2171.0,0.0
"CPU:Intel(R) Xeon(R) Gold 6126,Memory:191889MiB,Cores:48",dnaseq-0,picard-markduplicate,Perfect,Realtime,4590.344056129456,1691.0,1691.0,0.0
"CPU:Intel(R) Xeon(R) Gold 6126,Memory:191889MiB,Cores:48",dnaseq-0,picard-markduplicate,Perfect,Realtime,1474.3470220565796,621.0,621.0,0.0
"CPU:Intel(R) Xeon(R) Gold 6126,Memory:191889MiB,Cores:48",dnaseq-0,picard-markduplicate,Perfect,Realtime,203.0108642578125,115.0,115.0,0.0
"CPU:Intel(R) Xeon(R) Gold 6126,Memory:191889MiB,Cores:48",dnaseq-0,picard-markduplicate,Perfect,Realtime,203.0108642578125,125.0,125.0,0.0
"CPU:Intel(R) Xeon(R) Gold 6126,Memory:191889MiB,Cores:48",dnaseq-0,picard-markduplicate,Perfect,Realtime,3565.6447715759277,1914.0,1914.0,0.0
"CPU:Intel(R) Xeon(R) Gold 6126,Memory:191889MiB,Cores:48",dnaseq-0,picard-markduplicate,Perfect,Realtime,812.8875761032104,341.0,341.0,0.0
"CPU:Intel(R) Xeon(R) Gold 6126,Memory:191889MiB,Cores:48",dnaseq-0,picard-markduplicate,Perfect,Realtime,609.9719657897949,274.0,274.0,0.0
"CPU:Intel(R) Xeon(R) Gold 6126,Memory:191889MiB,Cores:48",dnaseq-0,picard-markduplicate,Perfect,Realtime,203.0108642578125,207.0,207.0,0.0
"CPU:Intel(R) Xeon(R) Gold 6126,Memory:191889MiB,Cores:48",dnaseq-0,picard-markduplicate,Perfect,Realtime,812.8875761032104,372.0,372.0,0.0
"CPU:Intel(R) Xeon(R) Gold 6126,Memory:191889MiB,Cores:48",dnaseq-0,picard-markduplicate,Perfect,Realtime,812.8875761032104,356.0,356.0,0.0
"CPU:Intel(R) Xeon(R) Gold 6126,Memory:191889MiB,Cores:48",dnaseq-0,picard-markduplicate,Perfect,Realtime,203.0108642578125,127.0,127.0,0.0
"CPU:Intel(R) Xeon(R) Gold 6126,Memory:191889MiB,Cores:48",dnaseq-0,picard-markduplicate,Perfect,Realtime,609.9719657897949,272.0,272.0,0.0
"CPU:Intel(R) Xeon(R) Gold 6126,Memory:191889MiB,Cores:48",dnaseq-0,picard-markduplicate,Perfect,Realtime,2545.566870689392,895.0,895.0,0.0
"CPU:Intel(R) Xeon(R) Gold 6126,Memory:191889MiB,Cores:48",dnaseq-0,picard-markduplicate,Perfect,Realtime,5613.892818450928,2799.0,2799.0,0.0
"CPU:Intel(R) Xeon(R) Gold 6126,Memory:191889MiB,Cores:48",dnaseq-0,picard-validate-sam,Lotaru-G,Realtime,4590.344056129456,395.2679704278953,408.0,0.031205954833589934
"CPU:Intel(R) Xeon(R) Gold 6126,Memory:191889MiB,Cores:48",dnaseq-0,picard-validate-sam,Lotaru-G,Realtime,203.0108642578125,62.998461289070974,41.0,0.5365478363188042
"CPU:Intel(R) Xeon(R) Gold 6126,Memory:191889MiB,Cores:48",dnaseq-0,picard-validate-sam,Lotaru-G,Realtime,1474.3470220565796,159.28160702435704,153.0,0.04105625506115715
"CPU:Intel(R) Xeon(R) Gold 6126,Memory:191889MiB,Cores:48",dnaseq-0,picard-validate-sam,Lotaru-G,Realtime,405.5044136047363,78.33407162519362,91.0,0.13918602609677344
"CPU:Intel(R) Xeon(R) Gold 6126,Memory:191889MiB,Cores:48",dnaseq-0,picard-validate-sam,Lotaru-G,Realtime,203.0108642578125,62.998461289070974,85.0,0.25884163189328263
"CPU:Intel(R) Xeon(R) Gold 6126,Memory:191889MiB,Cores:48",dnaseq-0,picard-validate-sam,Lotaru-G,Realtime,3055.7511615753174,279.04738596302866,183.0,0.5248491036231074
"CPU:Intel(R) Xeon(R) Gold 6126,Memory:191889MiB,Cores:48",dnaseq-0,picard-validate-sam,Lotaru-G,Realtime,203.0108642578125,62.998461289070974,105.0,0.4000146543898003
"CPU:Intel(R) Xeon(R) Gold 6126,Memory:191889MiB,Cores:48",dnaseq-0,picard-validate-sam,Lotaru-G,Realtime,405.5044136047363,78.33407162519362,62.0,0.2634527681482841
"CPU:Intel(R) Xeon(R) Gold 6126,Memory:191889MiB,Cores:48",dnaseq-0,picard-validate-sam,Lotaru-G,Realtime,203.0108642578125,62.998461289070974,46.0,0.36953176715371683
"CPU:Intel(R) Xeon(R) Gold 6126,Memory:191889MiB,Cores:48",dnaseq-0,picard-validate-sam,Lotaru-G,Realtime,2545.566870689392,240.40917990722454,303.0,0.20657036334249326
"CPU:Intel(R) Xeon(R) Gold 6126,Memory:191889MiB,Cores:48",dnaseq-0,picard-validate-sam,Lotaru-G,Realtime,609.9719657897949,93.81918074004608,127.0,0.2612662933854639
"CPU:Intel(R) Xeon(R) Gold 6126,Memory:191889MiB,Cores:48",dnaseq-0,picard-validate-sam,Lotaru-G,Realtime,812.8875761032104,109.18675536609835,87.0,0.25502017662182014
"CPU:Intel(R) Xeon(R) Gold 6126,Memory:191889MiB,Cores:48",dnaseq-0,picard-validate-sam,Lotaru-G,Realtime,609.9719657897949,93.81918074004608,72.0,0.30304417694508445
"CPU:Intel(R) Xeon(R) Gold 6126,Memory:191889MiB,Cores:48",dnaseq-0,picard-validate-sam,Lotaru-G,Realtime,5102.182312011719,434.03143757362176,553.0,0.215133024279165
"CPU:Intel(R) Xeon(R) Gold 6126,Memory:191889MiB,Cores:48",dnaseq-0,picard-validate-sam,Lotaru-G,Realtime,812.8875761032104,109.18675536609835,235.0,0.5353755090804325
"CPU:Intel(R) Xeon(R) Gold 6126,Memory:191889MiB,Cores:48",dnaseq-0,picard-validate-sam,Lotaru-G,Realtime,812.8875761032104,109.18675536609835,76.0,0.436667833764452
"CPU:Intel(R) Xeon(R) Gold 6126,Memory:191889MiB,Cores:48",dnaseq-0,picard-validate-sam,Lotaru-G,Realtime,609.9719657897949,93.81918074004608,92.0,0.01977370369615303
"CPU:Intel(R) Xeon(R) Gold 6126,Memory:191889MiB,Cores:48",dnaseq-0,picard-validate-sam,Lotaru-A,Realtime,4590.344056129456,304.6696993101145,408.0,0.2532605409065822
"CPU:Intel(R) Xeon(R) Gold 6126,Memory:191889MiB,Cores:48",dnaseq-0,picard-validate-sam,Lotaru-A,Realtime,203.0108642578125,48.55875935802002,41.0,0.1843599843419517
"CPU:Intel(R) Xeon(R) Gold 6126,Memory:191889MiB,Cores:48",dnaseq-0,picard-validate-sam,Lotaru-A,Realtime,1474.3470220565796,122.77311330136018,153.0,0.19756135097150207
"CPU:Intel(R) Xeon(R) Gold 6126,Memory:191889MiB,Cores:48",dnaseq-0,picard-validate-sam,Lotaru-A,Realtime,405.5044136047363,60.37933714170838,91.0,0.3364908006405672
"CPU:Intel(R) Xeon(R) Gold 6126,Memory:191889MiB,Cores:48",dnaseq-0,picard-validate-sam,Lotaru-A,Realtime,203.0108642578125,48.55875935802002,85.0,0.42872047814094094
"CPU:Intel(R) Xeon(R) Gold 6126,Memory:191889MiB,Cores:48",dnaseq-0,picard-validate-sam,Lotaru-A,Realtime,3055.7511615753174,215.0877114646916,183.0,0.1753426855994077
"CPU:Intel(R) Xeon(R) Gold 6126,Memory:191889MiB,Cores:48",dnaseq-0,picard-validate-sam,Lotaru-A,Realtime,203.0108642578125,48.55875935802002,105.0,0.537535625161714
"CPU:Intel(R) Xeon(R) Gold 6126,Memory:191889MiB,Cores:48",dnaseq-0,picard-validate-sam,Lotaru-A,Realtime,405.5044136047363,60.37933714170838,62.0,0.026139723520832527
"CPU:Intel(R) Xeon(R) Gold 6126,Memory:191889MiB,Cores:48",dnaseq-0,picard-validate-sam,Lotaru-A,Realtime,203.0108642578125,48.55875935802002,46.0,0.05562520343521781
"CPU:Intel(R) Xeon(R) Gold 6126,Memory:191889MiB,Cores:48",dnaseq-0,picard-validate-sam,Lotaru-A,Realtime,2545.566870689392,185.30566105428144,303.0,0.3884301615370249
"CPU:Intel(R) Xeon(R) Gold 6126,Memory:191889MiB,Cores:48",dnaseq-0,picard-validate-sam,Lotaru-A,Realtime,609.9719657897949,72.3151475052426,127.0,0.43058938972249916
"CPU:Intel(R) Xeon(R) Gold 6126,Memory:191889MiB,Cores:48",dnaseq-0,picard-validate-sam,Lotaru-A,Realtime,812.8875761032104,84.16036313295102,87.0,0.0326395042189538
"CPU:Intel(R) Xeon(R) Gold 6126,Memory:191889MiB,Cores:48",dnaseq-0,picard-validate-sam,Lotaru-A,Realtime,609.9719657897949,72.3151475052426,72.0,0.00437704868392509
"CPU:Intel(R) Xeon(R) Gold 6126,Memory:191889MiB,Cores:48",dnaseq-0,picard-validate-sam,Lotaru-A,Realtime,5102.182312011719,334.5483000647394,553.0,0.3950301987979396
"CPU:Intel(R) Xeon(R) Gold 6126,Memory:191889MiB,Cores:48",dnaseq-0,picard-validate-sam,Lotaru-A,Realtime,812.8875761032104,84.16036313295102,235.0,0.6418707951789318
"CPU:Intel(R) Xeon(R) Gold 6126,Memory:191889MiB,Cores:48",dnaseq-0,picard-validate-sam,Lotaru-A,Realtime,812.8875761032104,84.16036313295102,76.0,0.10737319911777657
"CPU:Intel(R) Xeon(R) Gold 6126,Memory:191889MiB,Cores:48",dnaseq-0,picard-validate-sam,Lotaru-A,Realtime,609.9719657897949,72.3151475052426,92.0,0.2139657879864934
"CPU:Intel(R) Xeon(R) Gold 6126,Memory:191889MiB,Cores:48",dnaseq-0,picard-validate-sam,OnlineP,Realtime,4590.344056129456,379.0,408.0,0.07107843137254902
"CPU:Intel(R) Xeon(R) Gold 6126,Memory:191889MiB,Cores:48",dnaseq-0,picard-validate-sam,OnlineP,Realtime,203.0108642578125,54.0,41.0,0.3170731707317073
"CPU:Intel(R) Xeon(R) Gold 6126,Memory:191889MiB,Cores:48",dnaseq-0,picard-validate-sam,OnlineP,Realtime,1474.3470220565796,185.42757021179636,153.0,0.2119449033450743
"CPU:Intel(R) Xeon(R) Gold 6126,Memory:191889MiB,Cores:48",dnaseq-0,picard-validate-sam,OnlineP,Realtime,405.5044136047363,51.0,91.0,0.43956043956043955
"CPU:Intel(R) Xeon(R) Gold 6126,Memory:191889MiB,Cores:48",dnaseq-0,picard-validate-sam,OnlineP,Realtime,203.0108642578125,54.0,85.0,0.36470588235294116
"CPU:Intel(R) Xeon(R) Gold 6126,Memory:191889MiB,Cores:48",dnaseq-0,picard-validate-sam,OnlineP,Realtime,3055.7511615753174,256.890029528087,183.0,0.4037706531589453
"CPU:Intel(R) Xeon(R) Gold 6126,Memory:191889MiB,Cores:48",dnaseq-0,picard-validate-sam,OnlineP,Realtime,203.0108642578125,54.0,105.0,0.4857142857142857
"CPU:Intel(R) Xeon(R) Gold 6126,Memory:191889MiB,Cores:48",dnaseq-0,picard-validate-sam,OnlineP,Realtime,405.5044136047363,51.0,62.0,0.1774193548387097
"CPU:Intel(R) Xeon(R) Gold 6126,Memory:191889MiB,Cores:48",dnaseq-0,picard-validate-sam,OnlineP,Realtime,203.0108642578125,54.0,46.0,0.17391304347826086
"CPU:Intel(R) Xeon(R) Gold 6126,Memory:191889MiB,Cores:48",dnaseq-0,picard-validate-sam,OnlineP,Realtime,2545.566870689392,214.0,303.0,0.29372937293729373
"CPU:Intel(R) Xeon(R) Gold 6126,Memory:191889MiB,Cores:48",dnaseq-0,picard-validate-sam,OnlineP,Realtime,609.9719657897949,76.71573776161777,127.0,0.39593907274316714
"CPU:Intel(R) Xeon(R) Gold 6126,Memory:191889MiB,Cores:48",dnaseq-0,picard-validate-sam,OnlineP,Realtime,812.8875761032104,102.23628890430284,87.0,0.1751297575207223
"CPU:Intel(R) Xeon(R) Gold 6126,Memory:191889MiB,Cores:48",dnaseq-0,picard-validate-sam,OnlineP,Realtime,609.9719657897949,76.71573776161777,72.0,0.06549635780024686
"CPU:Intel(R) Xeon(R) Gold 6126,Memory:191889MiB,Cores:48",dnaseq-0,picard-validate-sam,OnlineP,Realtime,5102.182312011719,421.2597296863508,553.0,0.2382283369143747
"CPU:Intel(R) Xeon(R) Gold 6126,Memory:191889MiB,Cores:48",dnaseq-0,picard-validate-sam,OnlineP,Realtime,812.8875761032104,102.23628890430284,235.0,0.5649519621093496
"CPU:Intel(R) Xeon(R) Gold 6126,Memory:191889MiB,Cores:48",dnaseq-0,picard-validate-sam,OnlineP,Realtime,812.8875761032104,102.23628890430284,76.0,0.34521432768819527
"CPU:Intel(R) Xeon(R) Gold 6126,Memory:191889MiB,Cores:48",dnaseq-0,picard-validate-sam,OnlineP,Realtime,609.9719657897949,76.71573776161777,92.0,0.1661332851998068
"CPU:Intel(R) Xeon(R) Gold 6126,Memory:191889MiB,Cores:48",dnaseq-0,picard-validate-sam,Naive,Realtime,4590.344056129456,766.8084288180718,408.0,0.8794324235737053
"CPU:Intel(R) Xeon(R) Gold 6126,Memory:191889MiB,Cores:48",dnaseq-0,picard-validate-sam,Naive,Realtime,203.0108642578125,33.91258693270853,41.0,0.17286373334857247
"CPU:Intel(R) Xeon(R) Gold 6126,Memory:191889MiB,Cores:48",dnaseq-0,picard-validate-sam,Naive,Realtime,1474.3470220565796,246.2869252700577,153.0,0.6097184658173707
"CPU:Intel(R) Xeon(R) Gold 6126,Memory:191889MiB,Cores:48",dnaseq-0,picard-validate-sam,Naive,Realtime,405.5044136047363,67.73875737262868,91.0,0.25561805085023426
"CPU:Intel(R) Xeon(R) Gold 6126,Memory:191889MiB,Cores:48",dnaseq-0,picard-validate-sam,Naive,Realtime,203.0108642578125,33.91258693270853,85.0,0.6010283890269585
"CPU:Intel(R) Xeon(R) Gold 6126,Memory:191889MiB,Cores:48",dnaseq-0,picard-validate-sam,Naive,Realtime,3055.7511615753174,510.4575427059198,183.0,1.7893854792673214
"CPU:Intel(R) Xeon(R) Gold 6126,Memory:191889MiB,Cores:48",dnaseq-0,picard-validate-sam,Naive,Realtime,203.0108642578125,33.91258693270853,105.0,0.677022981593252
"CPU:Intel(R) Xeon(R) Gold 6126,Memory:191889MiB,Cores:48",dnaseq-0,picard-validate-sam,Naive,Realtime,405.5044136047363,67.73875737262868,62.0,0.0925606027843336
"CPU:Intel(R) Xeon(R) Gold 6126,Memory:191889MiB,Cores:48",dnaseq-0,picard-validate-sam,Naive,Realtime,203.0108642578125,33.91258693270853,46.0,0.26276984928894503
"CPU:Intel(R) Xeon(R) Gold 6126,Memory:191889MiB,Cores:48",dnaseq-0,picard-validate-sam,Naive,Realtime,2545.566870689392,425.2322067140537,303.0,0.403406622818659
"CPU:Intel(R) Xeon(R) Gold 6126,Memory:191889MiB,Cores:48",dnaseq-0,picard-validate-sam,Naive,Realtime,609.9719657897949,101.89468131169478,127.0,0.1976796747110647
"CPU:Intel(R) Xeon(R) Gold 6126,Memory:191889MiB,Cores:48",dnaseq-0,picard-validate-sam,Naive,Realtime,812.8875761032104,135.7913562503243,87.0,0.5608201867853367
"CPU:Intel(R) Xeon(R) Gold 6126,Memory:191889MiB,Cores:48",dnaseq-0,picard-validate-sam,Naive,Realtime,609.9719657897949,101.89468131169478,72.0,0.415203907106872
"CPU:Intel(R) Xeon(R) Gold 6126,Memory:191889MiB,Cores:48",dnaseq-0,picard-validate-sam,Naive,Realtime,5102.182312011719,852.3100565834202,553.0,0.5412478419230021
"CPU:Intel(R) Xeon(R) Gold 6126,Memory:191889MiB,Cores:48",dnaseq-0,picard-validate-sam,Naive,Realtime,812.8875761032104,135.7913562503243,235.0,0.4221644414879817
"CPU:Intel(R) Xeon(R) Gold 6126,Memory:191889MiB,Cores:48",dnaseq-0,picard-validate-sam,Naive,Realtime,812.8875761032104,135.7913562503243,76.0,0.7867283717147934
"CPU:Intel(R) Xeon(R) Gold 6126,Memory:191889MiB,Cores:48",dnaseq-0,picard-validate-sam,Naive,Realtime,609.9719657897949,101.89468131169478,92.0,0.10755088382276937
"CPU:Intel(R) Xeon(R) Gold 6126,Memory:191889MiB,Cores:48",dnaseq-0,picard-validate-sam,Perfect,Realtime,4590.344056129456,408.0,408.0,0.0
"CPU:Intel(R) Xeon(R) Gold 6126,Memory:191889MiB,Cores:48",dnaseq-0,picard-validate-sam,Perfect,Realtime,203.0108642578125,41.0,41.0,0.0
"CPU:Intel(R) Xeon(R) Gold 6126,Memory:191889MiB,Cores:48",dnaseq-0,picard-validate-sam,Perfect,Realtime,1474.3470220565796,153.0,153.0,0.0
"CPU:Intel(R) Xeon(R) Gold 6126,Memory:191889MiB,Cores:48",dnaseq-0,picard-validate-sam,Perfect,Realtime,405.5044136047363,91.0,91.0,0.0
"CPU:Intel(R) Xeon(R) Gold 6126,Memory:191889MiB,Cores:48",dnaseq-0,picard-validate-sam,Perfect,Realtime,203.0108642578125,85.0,85.0,0.0
"CPU:Intel(R) Xeon(R) Gold 6126,Memory:191889MiB,Cores:48",dnaseq-0,picard-validate-sam,Perfect,Realtime,3055.7511615753174,183.0,183.0,0.0
"CPU:Intel(R) Xeon(R) Gold 6126,Memory:191889MiB,Cores:48",dnaseq-0,picard-validate-sam,Perfect,Realtime,203.0108642578125,105.0,105.0,0.0
"CPU:Intel(R) Xeon(R) Gold 6126,Memory:191889MiB,Cores:48",dnaseq-0,picard-validate-sam,Perfect,Realtime,405.5044136047363,62.0,62.0,0.0
"CPU:Intel(R) Xeon(R) Gold 6126,Memory:191889MiB,Cores:48",dnaseq-0,picard-validate-sam,Perfect,Realtime,203.0108642578125,46.0,46.0,0.0
"CPU:Intel(R) Xeon(R) Gold 6126,Memory:191889MiB,Cores:48",dnaseq-0,picard-validate-sam,Perfect,Realtime,2545.566870689392,303.0,303.0,0.0
"CPU:Intel(R) Xeon(R) Gold 6126,Memory:191889MiB,Cores:48",dnaseq-0,picard-validate-sam,Perfect,Realtime,609.9719657897949,127.0,127.0,0.0
"CPU:Intel(R) Xeon(R) Gold 6126,Memory:191889MiB,Cores:48",dnaseq-0,picard-validate-sam,Perfect,Realtime,812.8875761032104,87.0,87.0,0.0
"CPU:Intel(R) Xeon(R) Gold 6126,Memory:191889MiB,Cores:48",dnaseq-0,picard-validate-sam,Perfect,Realtime,609.9719657897949,72.0,72.0,0.0
"CPU:Intel(R) Xeon(R) Gold 6126,Memory:191889MiB,Cores:48",dnaseq-0,picard-validate-sam,Perfect,Realtime,5102.182312011719,553.0,553.0,0.0
"CPU:Intel(R) Xeon(R) Gold 6126,Memory:191889MiB,Cores:48",dnaseq-0,picard-validate-sam,Perfect,Realtime,812.8875761032104,235.0,235.0,0.0
"CPU:Intel(R) Xeon(R) Gold 6126,Memory:191889MiB,Cores:48",dnaseq-0,picard-validate-sam,Perfect,Realtime,812.8875761032104,76.0,76.0,0.0
"CPU:Intel(R) Xeon(R) Gold 6126,Memory:191889MiB,Cores:48",dnaseq-0,picard-validate-sam,Perfect,Realtime,609.9719657897949,92.0,92.0,0.0
"CPU:Intel(R) Xeon(R) Gold 6126,Memory:191889MiB,Cores:48",dnaseq-0,samtools-index-markduplicate,Lotaru-G,Realtime,6639.323947906494,36.0,53.0,0.32075471698113206
"CPU:Intel(R) Xeon(R) Gold 6126,Memory:191889MiB,Cores:48",dnaseq-0,samtools-index-markduplicate,Lotaru-G,Realtime,203.0108642578125,36.0,28.0,0.2857142857142857
"CPU:Intel(R) Xeon(R) Gold 6126,Memory:191889MiB,Cores:48",dnaseq-0,samtools-index-markduplicate,Lotaru-G,Realtime,5102.182312011719,36.0,38.0,0.05263157894736842
"CPU:Intel(R) Xeon(R) Gold 6126,Memory:191889MiB,Cores:48",dnaseq-0,samtools-index-markduplicate,Lotaru-G,Realtime,812.8875761032104,36.0,29.0,0.2413793103448276
"CPU:Intel(R) Xeon(R) Gold 6126,Memory:191889MiB,Cores:48",dnaseq-0,samtools-index-markduplicate,Lotaru-G,Realtime,609.9719657897949,36.0,32.0,0.125
"CPU:Intel(R) Xeon(R) Gold 6126,Memory:191889MiB,Cores:48",dnaseq-0,samtools-index-markduplicate,Lotaru-G,Realtime,6639.323947906494,36.0,51.0,0.29411764705882354
"CPU:Intel(R) Xeon(R) Gold 6126,Memory:191889MiB,Cores:48",dnaseq-0,samtools-index-markduplicate,Lotaru-G,Realtime,609.9719657897949,36.0,29.0,0.2413793103448276
"CPU:Intel(R) Xeon(R) Gold 6126,Memory:191889MiB,Cores:48",dnaseq-0,samtools-index-markduplicate,Lotaru-G,Realtime,812.8875761032104,36.0,128.0,0.71875
"CPU:Intel(R) Xeon(R) Gold 6126,Memory:191889MiB,Cores:48",dnaseq-0,samtools-index-markduplicate,Lotaru-G,Realtime,405.5044136047363,36.0,27.0,0.3333333333333333
"CPU:Intel(R) Xeon(R) Gold 6126,Memory:191889MiB,Cores:48",dnaseq-0,samtools-index-markduplicate,Lotaru-G,Realtime,5102.182312011719,36.0,40.0,0.1
"CPU:Intel(R) Xeon(R) Gold 6126,Memory:191889MiB,Cores:48",dnaseq-0,samtools-index-markduplicate,Lotaru-G,Realtime,2545.566870689392,36.0,39.0,0.07692307692307693
"CPU:Intel(R) Xeon(R) Gold 6126,Memory:191889MiB,Cores:48",dnaseq-0,samtools-index-markduplicate,Lotaru-G,Realtime,3055.7511615753174,36.0,57.0,0.3684210526315789
"CPU:Intel(R) Xeon(R) Gold 6126,Memory:191889MiB,Cores:48",dnaseq-0,samtools-index-markduplicate,Lotaru-G,Realtime,1729.362572669983,36.0,30.0,0.2
"CPU:Intel(R) Xeon(R) Gold 6126,Memory:191889MiB,Cores:48",dnaseq-0,samtools-index-markduplicate,Lotaru-G,Realtime,5613.892818450928,36.0,50.0,0.28
"CPU:Intel(R) Xeon(R) Gold 6126,Memory:191889MiB,Cores:48",dnaseq-0,samtools-index-markduplicate,Lotaru-G,Realtime,4590.344056129456,36.0,56.0,0.35714285714285715
"CPU:Intel(R) Xeon(R) Gold 6126,Memory:191889MiB,Cores:48",dnaseq-0,samtools-index-markduplicate,Lotaru-G,Realtime,4590.344056129456,36.0,108.0,0.6666666666666666
"CPU:Intel(R) Xeon(R) Gold 6126,Memory:191889MiB,Cores:48",dnaseq-0,samtools-index-markduplicate,Lotaru-G,Realtime,1729.362572669983,36.0,28.0,0.2857142857142857
"CPU:Intel(R) Xeon(R) Gold 6126,Memory:191889MiB,Cores:48",dnaseq-0,samtools-index-markduplicate,Lotaru-A,Realtime,6639.323947906494,36.0,53.0,0.32075471698113206
"CPU:Intel(R) Xeon(R) Gold 6126,Memory:191889MiB,Cores:48",dnaseq-0,samtools-index-markduplicate,Lotaru-A,Realtime,203.0108642578125,36.0,28.0,0.2857142857142857
"CPU:Intel(R) Xeon(R) Gold 6126,Memory:191889MiB,Cores:48",dnaseq-0,samtools-index-markduplicate,Lotaru-A,Realtime,5102.182312011719,36.0,38.0,0.05263157894736842
"CPU:Intel(R) Xeon(R) Gold 6126,Memory:191889MiB,Cores:48",dnaseq-0,samtools-index-markduplicate,Lotaru-A,Realtime,812.8875761032104,36.0,29.0,0.2413793103448276
"CPU:Intel(R) Xeon(R) Gold 6126,Memory:191889MiB,Cores:48",dnaseq-0,samtools-index-markduplicate,Lotaru-A,Realtime,609.9719657897949,36.0,32.0,0.125
"CPU:Intel(R) Xeon(R) Gold 6126,Memory:191889MiB,Cores:48",dnaseq-0,samtools-index-markduplicate,Lotaru-A,Realtime,6639.323947906494,36.0,51.0,0.29411764705882354
"CPU:Intel(R) Xeon(R) Gold 6126,Memory:191889MiB,Cores:48",dnaseq-0,samtools-index-markduplicate,Lotaru-A,Realtime,609.9719657897949,36.0,29.0,0.2413793103448276
"CPU:Intel(R) Xeon(R) Gold 6126,Memory:191889MiB,Cores:48",dnaseq-0,samtools-index-markduplicate,Lotaru-A,Realtime,812.8875761032104,36.0,128.0,0.71875
"CPU:Intel(R) Xeon(R) Gold 6126,Memory:191889MiB,Cores:48",dnaseq-0,samtools-index-markduplicate,Lotaru-A,Realtime,405.5044136047363,36.0,27.0,0.3333333333333333
"CPU:Intel(R) Xeon(R) Gold 6126,Memory:191889MiB,Cores:48",dnaseq-0,samtools-index-markduplicate,Lotaru-A,Realtime,5102.182312011719,36.0,40.0,0.1
"CPU:Intel(R) Xeon(R) Gold 6126,Memory:191889MiB,Cores:48",dnaseq-0,samtools-index-markduplicate,Lotaru-A,Realtime,2545.566870689392,36.0,39.0,0.07692307692307693
"CPU:Intel(R) Xeon(R) Gold 6126,Memory:191889MiB,Cores:48",dnaseq-0,samtools-index-markduplicate,Lotaru-A,Realtime,3055.7511615753174,36.0,57.0,0.3684210526315789
"CPU:Intel(R) Xeon(R) Gold 6126,Memory:191889MiB,Cores:48",dnaseq-0,samtools-index-markduplicate,Lotaru-A,Realtime,1729.362572669983,36.0,30.0,0.2
"CPU:Intel(R) Xeon(R) Gold 6126,Memory:191889MiB,Cores:48",dnaseq-0,samtools-index-markduplicate,Lotaru-A,Realtime,5613.892818450928,36.0,50.0,0.28
"CPU:Intel(R) Xeon(R) Gold 6126,Memory:191889MiB,Cores:48",dnaseq-0,samtools-index-markduplicate,Lotaru-A,Realtime,4590.344056129456,36.0,56.0,0.35714285714285715
"CPU:Intel(R) Xeon(R) Gold 6126,Memory:191889MiB,Cores:48",dnaseq-0,samtools-index-markduplicate,Lotaru-A,Realtime,4590.344056129456,36.0,108.0,0.6666666666666666
"CPU:Intel(R) Xeon(R) Gold 6126,Memory:191889MiB,Cores:48",dnaseq-0,samtools-index-markduplicate,Lotaru-A,Realtime,1729.362572669983,36.0,28.0,0.2857142857142857
"CPU:Intel(R) Xeon(R) Gold 6126,Memory:191889MiB,Cores:48",dnaseq-0,samtools-index-markduplicate,OnlineP,Realtime,6639.323947906494,36.0,53.0,0.32075471698113206
"CPU:Intel(R) Xeon(R) Gold 6126,Memory:191889MiB,Cores:48",dnaseq-0,samtools-index-markduplicate,OnlineP,Realtime,203.0108642578125,36.0,28.0,0.2857142857142857
"CPU:Intel(R) Xeon(R) Gold 6126,Memory:191889MiB,Cores:48",dnaseq-0,samtools-index-markduplicate,OnlineP,Realtime,5102.182312011719,36.0,38.0,0.05263157894736842
"CPU:Intel(R) Xeon(R) Gold 6126,Memory:191889MiB,Cores:48",dnaseq-0,samtools-index-markduplicate,OnlineP,Realtime,812.8875761032104,36.0,29.0,0.2413793103448276
"CPU:Intel(R) Xeon(R) Gold 6126,Memory:191889MiB,Cores:48",dnaseq-0,samtools-index-markduplicate,OnlineP,Realtime,609.9719657897949,36.0,32.0,0.125
"CPU:Intel(R) Xeon(R) Gold 6126,Memory:191889MiB,Cores:48",dnaseq-0,samtools-index-markduplicate,OnlineP,Realtime,6639.323947906494,36.0,51.0,0.29411764705882354
"CPU:Intel(R) Xeon(R) Gold 6126,Memory:191889MiB,Cores:48",dnaseq-0,samtools-index-markduplicate,OnlineP,Realtime,609.9719657897949,36.0,29.0,0.2413793103448276
"CPU:Intel(R) Xeon(R) Gold 6126,Memory:191889MiB,Cores:48",dnaseq-0,samtools-index-markduplicate,OnlineP,Realtime,812.8875761032104,36.0,128.0,0.71875
"CPU:Intel(R) Xeon(R) Gold 6126,Memory:191889MiB,Cores:48",dnaseq-0,samtools-index-markduplicate,OnlineP,Realtime,405.5044136047363,36.0,27.0,0.3333333333333333
"CPU:Intel(R) Xeon(R) Gold 6126,Memory:191889MiB,Cores:48",dnaseq-0,samtools-index-markduplicate,OnlineP,Realtime,5102.182312011719,36.0,40.0,0.1
"CPU:Intel(R) Xeon(R) Gold 6126,Memory:191889MiB,Cores:48",dnaseq-0,samtools-index-markduplicate,OnlineP,Realtime,2545.566870689392,36.0,39.0,0.07692307692307693
"CPU:Intel(R) Xeon(R) Gold 6126,Memory:191889MiB,Cores:48",dnaseq-0,samtools-index-markduplicate,OnlineP,Realtime,3055.7511615753174,36.0,57.0,0.3684210526315789
"CPU:Intel(R) Xeon(R) Gold 6126,Memory:191889MiB,Cores:48",dnaseq-0,samtools-index-markduplicate,OnlineP,Realtime,1729.362572669983,36.0,30.0,0.2
"CPU:Intel(R) Xeon(R) Gold 6126,Memory:191889MiB,Cores:48",dnaseq-0,samtools-index-markduplicate,OnlineP,Realtime,5613.892818450928,36.0,50.0,0.28
"CPU:Intel(R) Xeon(R) Gold 6126,Memory:191889MiB,Cores:48",dnaseq-0,samtools-index-markduplicate,OnlineP,Realtime,4590.344056129456,36.0,56.0,0.35714285714285715
"CPU:Intel(R) Xeon(R) Gold 6126,Memory:191889MiB,Cores:48",dnaseq-0,samtools-index-markduplicate,OnlineP,Realtime,4590.344056129456,36.0,108.0,0.6666666666666666
"CPU:Intel(R) Xeon(R) Gold 6126,Memory:191889MiB,Cores:48",dnaseq-0,samtools-index-markduplicate,OnlineP,Realtime,1729.362572669983,36.0,28.0,0.2857142857142857
"CPU:Intel(R) Xeon(R) Gold 6126,Memory:191889MiB,Cores:48",dnaseq-0,samtools-index-markduplicate,Naive,Realtime,6639.323947906494,521.7032276769698,53.0,8.843457125980564
"CPU:Intel(R) Xeon(R) Gold 6126,Memory:191889MiB,Cores:48",dnaseq-0,samtools-index-markduplicate,Naive,Realtime,203.0108642578125,15.95213970093866,28.0,0.4302807249664764
"CPU:Intel(R) Xeon(R) Gold 6126,Memory:191889MiB,Cores:48",dnaseq-0,samtools-index-markduplicate,Naive,Realtime,5102.182312011719,400.9180755839128,38.0,9.550475673260863
"CPU:Intel(R) Xeon(R) Gold 6126,Memory:191889MiB,Cores:48",dnaseq-0,samtools-index-markduplicate,Naive,Realtime,812.8875761032104,63.874887792645794,29.0,1.2025823376774412
"CPU:Intel(R) Xeon(R) Gold 6126,Memory:191889MiB,Cores:48",dnaseq-0,samtools-index-markduplicate,Naive,Realtime,609.9719657897949,47.93023293363242,32.0,0.49781977917601306
"CPU:Intel(R) Xeon(R) Gold 6126,Memory:191889MiB,Cores:48",dnaseq-0,samtools-index-markduplicate,Naive,Realtime,6639.323947906494,521.7032276769698,51.0,9.229475052489605
"CPU:Intel(R) Xeon(R) Gold 6126,Memory:191889MiB,Cores:48",dnaseq-0,samtools-index-markduplicate,Naive,Realtime,609.9719657897949,47.93023293363242,29.0,0.6527666528838765
"CPU:Intel(R) Xeon(R) Gold 6126,Memory:191889MiB,Cores:48",dnaseq-0,samtools-index-markduplicate,Naive,Realtime,812.8875761032104,63.874887792645794,128.0,0.5009774391199547
"CPU:Intel(R) Xeon(R) Gold 6126,Memory:191889MiB,Cores:48",dnaseq-0,samtools-index-markduplicate,Naive,Realtime,405.5044136047363,31.863629953100062,27.0,0.18013444270740972
"CPU:Intel(R) Xeon(R) Gold 6126,Memory:191889MiB,Cores:48",dnaseq-0,samtools-index-markduplicate,Naive,Realtime,5102.182312011719,400.9180755839128,40.0,9.02295188959782
"CPU:Intel(R) Xeon(R) Gold 6126,Memory:191889MiB,Cores:48",dnaseq-0,samtools-index-markduplicate,Naive,Realtime,2545.566870689392,200.02495180627133,39.0,4.128844918109522
"CPU:Intel(R) Xeon(R) Gold 6126,Memory:191889MiB,Cores:48",dnaseq-0,samtools-index-markduplicate,Naive,Realtime,3055.7511615753174,240.1140924105945,57.0,3.212527937027974
"CPU:Intel(R) Xeon(R) Gold 6126,Memory:191889MiB,Cores:48",dnaseq-0,samtools-index-markduplicate,Naive,Realtime,1729.362572669983,135.88944342295028,30.0,3.5296481140983427
"CPU:Intel(R) Xeon(R) Gold 6126,Memory:191889MiB,Cores:48",dnaseq-0,samtools-index-markduplicate,Naive,Realtime,5613.892818450928,441.1271427931925,50.0,7.8225428558638495
"CPU:Intel(R) Xeon(R) Gold 6126,Memory:191889MiB,Cores:48",dnaseq-0,samtools-index-markduplicate,Naive,Realtime,4590.344056129456,360.69897010909614,56.0,5.441053037662431
"CPU:Intel(R) Xeon(R) Gold 6126,Memory:191889MiB,Cores:48",dnaseq-0,samtools-index-markduplicate,Naive,Realtime,4590.344056129456,360.69897010909614,108.0,2.339805278787927
"CPU:Intel(R) Xeon(R) Gold 6126,Memory:191889MiB,Cores:48",dnaseq-0,samtools-index-markduplicate,Naive,Realtime,1729.362572669983,135.88944342295028,28.0,3.85319440796251
"CPU:Intel(R) Xeon(R) Gold 6126,Memory:191889MiB,Cores:48",dnaseq-0,samtools-index-markduplicate,Perfect,Realtime,6639.323947906494,53.0,53.0,0.0
"CPU:Intel(R) Xeon(R) Gold 6126,Memory:191889MiB,Cores:48",dnaseq-0,samtools-index-markduplicate,Perfect,Realtime,203.0108642578125,28.0,28.0,0.0
"CPU:Intel(R) Xeon(R) Gold 6126,Memory:191889MiB,Cores:48",dnaseq-0,samtools-index-markduplicate,Perfect,Realtime,5102.182312011719,38.0,38.0,0.0
"CPU:Intel(R) Xeon(R) Gold 6126,Memory:191889MiB,Cores:48",dnaseq-0,samtools-index-markduplicate,Perfect,Realtime,812.8875761032104,29.0,29.0,0.0
"CPU:Intel(R) Xeon(R) Gold 6126,Memory:191889MiB,Cores:48",dnaseq-0,samtools-index-markduplicate,Perfect,Realtime,609.9719657897949,32.0,32.0,0.0
"CPU:Intel(R) Xeon(R) Gold 6126,Memory:191889MiB,Cores:48",dnaseq-0,samtools-index-markduplicate,Perfect,Realtime,6639.323947906494,51.0,51.0,0.0
"CPU:Intel(R) Xeon(R) Gold 6126,Memory:191889MiB,Cores:48",dnaseq-0,samtools-index-markduplicate,Perfect,Realtime,609.9719657897949,29.0,29.0,0.0
"CPU:Intel(R) Xeon(R) Gold 6126,Memory:191889MiB,Cores:48",dnaseq-0,samtools-index-markduplicate,Perfect,Realtime,812.8875761032104,128.0,128.0,0.0
"CPU:Intel(R) Xeon(R) Gold 6126,Memory:191889MiB,Cores:48",dnaseq-0,samtools-index-markduplicate,Perfect,Realtime,405.5044136047363,27.0,27.0,0.0
"CPU:Intel(R) Xeon(R) Gold 6126,Memory:191889MiB,Cores:48",dnaseq-0,samtools-index-markduplicate,Perfect,Realtime,5102.182312011719,40.0,40.0,0.0
"CPU:Intel(R) Xeon(R) Gold 6126,Memory:191889MiB,Cores:48",dnaseq-0,samtools-index-markduplicate,Perfect,Realtime,2545.566870689392,39.0,39.0,0.0
"CPU:Intel(R) Xeon(R) Gold 6126,Memory:191889MiB,Cores:48",dnaseq-0,samtools-index-markduplicate,Perfect,Realtime,3055.7511615753174,57.0,57.0,0.0
"CPU:Intel(R) Xeon(R) Gold 6126,Memory:191889MiB,Cores:48",dnaseq-0,samtools-index-markduplicate,Perfect,Realtime,1729.362572669983,30.0,30.0,0.0
"CPU:Intel(R) Xeon(R) Gold 6126,Memory:191889MiB,Cores:48",dnaseq-0,samtools-index-markduplicate,Perfect,Realtime,5613.892818450928,50.0,50.0,0.0
"CPU:Intel(R) Xeon(R) Gold 6126,Memory:191889MiB,Cores:48",dnaseq-0,samtools-index-markduplicate,Perfect,Realtime,4590.344056129456,56.0,56.0,0.0
"CPU:Intel(R) Xeon(R) Gold 6126,Memory:191889MiB,Cores:48",dnaseq-0,samtools-index-markduplicate,Perfect,Realtime,4590.344056129456,108.0,108.0,0.0
"CPU:Intel(R) Xeon(R) Gold 6126,Memory:191889MiB,Cores:48",dnaseq-0,samtools-index-markduplicate,Perfect,Realtime,1729.362572669983,28.0,28.0,0.0
"CPU:Intel(R) Xeon(R) Gold 6126,Memory:191889MiB,Cores:48",dnaseq-0,samtools-sort-markduplicate,Lotaru-G,Realtime,3565.6447715759277,192.25138996419898,177.0,0.08616604499547445
"CPU:Intel(R) Xeon(R) Gold 6126,Memory:191889MiB,Cores:48",dnaseq-0,samtools-sort-markduplicate,Lotaru-G,Realtime,203.0108642578125,35.90991505683156,55.0,0.3470924535121535
"CPU:Intel(R) Xeon(R) Gold 6126,Memory:191889MiB,Cores:48",dnaseq-0,samtools-sort-markduplicate,Lotaru-G,Realtime,812.8875761032104,64.26537309050467,56.0,0.1475959480447262
"CPU:Intel(R) Xeon(R) Gold 6126,Memory:191889MiB,Cores:48",dnaseq-0,samtools-sort-markduplicate,Lotaru-G,Realtime,2545.566870689392,144.82413860688223,142.0,0.019888300048466406
"CPU:Intel(R) Xeon(R) Gold 6126,Memory:191889MiB,Cores:48",dnaseq-0,samtools-sort-markduplicate,Lotaru-G,Realtime,203.0108642578125,35.90991505683156,42.0,0.1450020224563915
"CPU:Intel(R) Xeon(R) Gold 6126,Memory:191889MiB,Cores:48",dnaseq-0,samtools-sort-markduplicate,Lotaru-G,Realtime,812.8875761032104,64.26537309050467,54.0,0.19009950167601236
"CPU:Intel(R) Xeon(R) Gold 6126,Memory:191889MiB,Cores:48",dnaseq-0,samtools-sort-markduplicate,Lotaru-G,Realtime,2545.566870689392,144.82413860688223,153.0,0.05343700256939719
"CPU:Intel(R) Xeon(R) Gold 6126,Memory:191889MiB,Cores:48",dnaseq-0,samtools-sort-markduplicate,Lotaru-G,Realtime,2545.566870689392,144.82413860688223,201.0,0.27948189747819785
"CPU:Intel(R) Xeon(R) Gold 6126,Memory:191889MiB,Cores:48",dnaseq-0,samtools-sort-markduplicate,Lotaru-G,Realtime,812.8875761032104,64.26537309050467,53.0,0.21255420925480503
"CPU:Intel(R) Xeon(R) Gold 6126,Memory:191889MiB,Cores:48",dnaseq-0,samtools-sort-markduplicate,Lotaru-G,Realtime,203.0108642578125,35.90991505683156,34.0,0.0561739722597517
"CPU:Intel(R) Xeon(R) Gold 6126,Memory:191889MiB,Cores:48",dnaseq-0,samtools-sort-markduplicate,Lotaru-G,Realtime,5102.182312011719,263.69078894232405,249.0,0.05899915237881144
"CPU:Intel(R) Xeon(R) Gold 6126,Memory:191889MiB,Cores:48",dnaseq-0,samtools-sort-markduplicate,Lotaru-G,Realtime,609.9719657897949,54.83106454770236,56.0,0.020873847362457836
"CPU:Intel(R) Xeon(R) Gold 6126,Memory:191889MiB,Cores:48",dnaseq-0,samtools-sort-markduplicate,Lotaru-G,Realtime,3565.6447715759277,192.25138996419898,182.0,0.05632631848460977
"CPU:Intel(R) Xeon(R) Gold 6126,Memory:191889MiB,Cores:48",dnaseq-0,samtools-sort-markduplicate,Lotaru-G,Realtime,6639.323947906494,335.15827458633225,327.0,0.024948851945970196
"CPU:Intel(R) Xeon(R) Gold 6126,Memory:191889MiB,Cores:48",dnaseq-0,samtools-sort-markduplicate,Lotaru-G,Realtime,405.5044136047363,45.32460040073062,44.0,0.030104554562059474
"CPU:Intel(R) Xeon(R) Gold 6126,Memory:191889MiB,Cores:48",dnaseq-0,samtools-sort-markduplicate,Lotaru-G,Realtime,203.0108642578125,35.90991505683156,44.0,0.18386556689019187
"CPU:Intel(R) Xeon(R) Gold 6126,Memory:191889MiB,Cores:48",dnaseq-0,samtools-sort-markduplicate,Lotaru-G,Realtime,3055.7511615753174,168.5445217083809,145.0,0.16237601178193722
"CPU:Intel(R) Xeon(R) Gold 6126,Memory:191889MiB,Cores:48",dnaseq-0,samtools-sort-markduplicate,Lotaru-G,Realtime,405.5044136047363,45.32460040073062,53.0,0.14481886036357328
"CPU:Intel(R) Xeon(R) Gold 6126,Memory:191889MiB,Cores:48",dnaseq-0,samtools-sort-markduplicate,Lotaru-G,Realtime,5613.892818450928,287.4821315348656,286.0,0.00518227809393557
"CPU:Intel(R) Xeon(R) Gold 6126,Memory:191889MiB,Cores:48",dnaseq-0,samtools-sort-markduplicate,Lotaru-G,Realtime,1474.3470220565796,95.01910609328576,110.0,0.1361899446064931
"CPU:Intel(R) Xeon(R) Gold 6126,Memory:191889MiB,Cores:48",dnaseq-0,samtools-sort-markduplicate,Lotaru-G,Realtime,5102.182312011719,263.69078894232405,366.0,0.2795333635455627
"CPU:Intel(R) Xeon(R) Gold 6126,Memory:191889MiB,Cores:48",dnaseq-0,samtools-sort-markduplicate,Lotaru-G,Realtime,6639.323947906494,335.15827458633225,321.0,0.04410677441225001
"CPU:Intel(R) Xeon(R) Gold 6126,Memory:191889MiB,Cores:48",dnaseq-0,samtools-sort-markduplicate,Lotaru-G,Realtime,203.0108642578125,35.90991505683156,42.0,0.1450020224563915
"CPU:Intel(R) Xeon(R) Gold 6126,Memory:191889MiB,Cores:48",dnaseq-0,samtools-sort-markduplicate,Lotaru-A,Realtime,3565.6447715759277,244.30662239875053,177.0,0.38026340338277137
"CPU:Intel(R) Xeon(R) Gold 6126,Memory:191889MiB,Cores:48",dnaseq-0,samtools-sort-markduplicate,Lotaru-A,Realtime,203.0108642578125,45.63311640968768,55.0,0.1703069743693149
"CPU:Intel(R) Xeon(R) Gold 6126,Memory:191889MiB,Cores:48",dnaseq-0,samtools-sort-markduplicate,Lotaru-A,Realtime,812.8875761032104,81.66628204800227,56.0,0.4583264651428977
"CPU:Intel(R) Xeon(R) Gold 6126,Memory:191889MiB,Cores:48",dnaseq-0,samtools-sort-markduplicate,Lotaru-A,Realtime,2545.566870689392,184.03766106161638,142.0,0.2960398666311012
"CPU:Intel(R) Xeon(R) Gold 6126,Memory:191889MiB,Cores:48",dnaseq-0,samtools-sort-markduplicate,Lotaru-A,Realtime,203.0108642578125,45.63311640968768,42.0,0.08650277165923048
"CPU:Intel(R) Xeon(R) Gold 6126,Memory:191889MiB,Cores:48",dnaseq-0,samtools-sort-markduplicate,Lotaru-A,Realtime,812.8875761032104,81.66628204800227,54.0,0.5123385564444866
"CPU:Intel(R) Xeon(R) Gold 6126,Memory:191889MiB,Cores:48",dnaseq-0,samtools-sort-markduplicate,Lotaru-A,Realtime,2545.566870689392,184.03766106161638,153.0,0.20286052981448613
"CPU:Intel(R) Xeon(R) Gold 6126,Memory:191889MiB,Cores:48",dnaseq-0,samtools-sort-markduplicate,Lotaru-A,Realtime,2545.566870689392,184.03766106161638,201.0,0.08438974596210758
"CPU:Intel(R) Xeon(R) Gold 6126,Memory:191889MiB,Cores:48",dnaseq-0,samtools-sort-markduplicate,Lotaru-A,Realtime,812.8875761032104,81.66628204800227,53.0,0.5408732461887221
"CPU:Intel(R) Xeon(R) Gold 6126,Memory:191889MiB,Cores:48",dnaseq-0,samtools-sort-markduplicate,Lotaru-A,Realtime,203.0108642578125,45.63311640968768,34.0,0.34215048263787295
"CPU:Intel(R) Xeon(R) Gold 6126,Memory:191889MiB,Cores:48",dnaseq-0,samtools-sort-markduplicate,Lotaru-A,Realtime,5102.182312011719,335.0894160825444,249.0,0.3457406268375277
"CPU:Intel(R) Xeon(R) Gold 6126,Memory:191889MiB,Cores:48",dnaseq-0,samtools-sort-markduplicate,Lotaru-A,Realtime,609.9719657897949,69.67747897516664,56.0,0.2442406959851185
"CPU:Intel(R) Xeon(R) Gold 6126,Memory:191889MiB,Cores:48",dnaseq-0,samtools-sort-markduplicate,Lotaru-A,Realtime,3565.6447715759277,244.30662239875053,182.0,0.34234407911401393
"CPU:Intel(R) Xeon(R) Gold 6126,Memory:191889MiB,Cores:48",dnaseq-0,samtools-sort-markduplicate,Lotaru-A,Realtime,6639.323947906494,425.90790135992125,327.0,0.30247064636061544
"CPU:Intel(R) Xeon(R) Gold 6126,Memory:191889MiB,Cores:48",dnaseq-0,samtools-sort-markduplicate,Lotaru-A,Realtime,405.5044136047363,57.59698297909618,44.0,0.3090223404340042
"CPU:Intel(R) Xeon(R) Gold 6126,Memory:191889MiB,Cores:48",dnaseq-0,samtools-sort-markduplicate,Lotaru-A,Realtime,203.0108642578125,45.63311640968768,44.0,0.037116282038356374
"CPU:Intel(R) Xeon(R) Gold 6126,Memory:191889MiB,Cores:48",dnaseq-0,samtools-sort-markduplicate,Lotaru-A,Realtime,3055.7511615753174,214.18072883663058,145.0,0.4771084747353833
"CPU:Intel(R) Xeon(R) Gold 6126,Memory:191889MiB,Cores:48",dnaseq-0,samtools-sort-markduplicate,Lotaru-A,Realtime,405.5044136047363,57.59698297909618,53.0,0.08673552790747514
"CPU:Intel(R) Xeon(R) Gold 6126,Memory:191889MiB,Cores:48",dnaseq-0,samtools-sort-markduplicate,Lotaru-A,Realtime,5613.892818450928,365.3226568003241,286.0,0.27735194685428016
"CPU:Intel(R) Xeon(R) Gold 6126,Memory:191889MiB,Cores:48",dnaseq-0,samtools-sort-markduplicate,Lotaru-A,Realtime,1474.3470220565796,120.74709513061023,110.0,0.0977008648237294
"CPU:Intel(R) Xeon(R) Gold 6126,Memory:191889MiB,Cores:48",dnaseq-0,samtools-sort-markduplicate,Lotaru-A,Realtime,5102.182312011719,335.0894160825444,366.0,0.08445514731545245
"CPU:Intel(R) Xeon(R) Gold 6126,Memory:191889MiB,Cores:48",dnaseq-0,samtools-sort-markduplicate,Lotaru-A,Realtime,6639.323947906494,425.90790135992125,321.0,0.3268158920869821
"CPU:Intel(R) Xeon(R) Gold 6126,Memory:191889MiB,Cores:48",dnaseq-0,samtools-sort-markduplicate,Lotaru-A,Realtime,203.0108642578125,45.63311640968768,42.0,0.08650277165923048
"CPU:Intel(R) Xeon(R) Gold 6126,Memory:191889MiB,Cores:48",dnaseq-0,samtools-sort-markduplicate,OnlineP,Realtime,3565.6447715759277,176.80828948133396,177.0,0.0010831102749493907
"CPU:Intel(R) Xeon(R) Gold 6126,Memory:191889MiB,Cores:48",dnaseq-0,samtools-sort-markduplicate,OnlineP,Realtime,203.0108642578125,31.0,55.0,0.43636363636363634
"CPU:Intel(R) Xeon(R) Gold 6126,Memory:191889MiB,Cores:48",dnaseq-0,samtools-sort-markduplicate,OnlineP,Realtime,812.8875761032104,47.0,56.0,0.16071428571428573
"CPU:Intel(R) Xeon(R) Gold 6126,Memory:191889MiB,Cores:48",dnaseq-0,samtools-sort-markduplicate,OnlineP,Realtime,2545.566870689392,126.58927302982886,142.0,0.10852624626881084
"CPU:Intel(R) Xeon(R) Gold 6126,Memory:191889MiB,Cores:48",dnaseq-0,samtools-sort-markduplicate,OnlineP,Realtime,203.0108642578125,31.0,42.0,0.2619047619047619
"CPU:Intel(R) Xeon(R) Gold 6126,Memory:191889MiB,Cores:48",dnaseq-0,samtools-sort-markduplicate,OnlineP,Realtime,812.8875761032104,47.0,54.0,0.12962962962962962
"CPU:Intel(R) Xeon(R) Gold 6126,Memory:191889MiB,Cores:48",dnaseq-0,samtools-sort-markduplicate,OnlineP,Realtime,2545.566870689392,126.58927302982886,153.0,0.17261913052399439
"CPU:Intel(R) Xeon(R) Gold 6126,Memory:191889MiB,Cores:48",dnaseq-0,samtools-sort-markduplicate,OnlineP,Realtime,2545.566870689392,126.58927302982886,201.0,0.37020262174214497
"CPU:Intel(R) Xeon(R) Gold 6126,Memory:191889MiB,Cores:48",dnaseq-0,samtools-sort-markduplicate,OnlineP,Realtime,812.8875761032104,47.0,53.0,0.11320754716981132
"CPU:Intel(R) Xeon(R) Gold 6126,Memory:191889MiB,Cores:48",dnaseq-0,samtools-sort-markduplicate,OnlineP,Realtime,203.0108642578125,31.0,34.0,0.08823529411764706
"CPU:Intel(R) Xeon(R) Gold 6126,Memory:191889MiB,Cores:48",dnaseq-0,samtools-sort-markduplicate,OnlineP,Realtime,5102.182312011719,253.0,249.0,0.01606425702811245
"CPU:Intel(R) Xeon(R) Gold 6126,Memory:191889MiB,Cores:48",dnaseq-0,samtools-sort-markduplicate,OnlineP,Realtime,609.9719657897949,78.0,56.0,0.39285714285714285
"CPU:Intel(R) Xeon(R) Gold 6126,Memory:191889MiB,Cores:48",dnaseq-0,samtools-sort-markduplicate,OnlineP,Realtime,3565.6447715759277,176.80828948133396,182.0,0.02852588197069254
"CPU:Intel(R) Xeon(R) Gold 6126,Memory:191889MiB,Cores:48",dnaseq-0,samtools-sort-markduplicate,OnlineP,Realtime,6639.323947906494,329.221665573538,327.0,0.006794084322746234
"CPU:Intel(R) Xeon(R) Gold 6126,Memory:191889MiB,Cores:48",dnaseq-0,samtools-sort-markduplicate,OnlineP,Realtime,405.5044136047363,61.92100539891706,44.0,0.407295577248115
"CPU:Intel(R) Xeon(R) Gold 6126,Memory:191889MiB,Cores:48",dnaseq-0,samtools-sort-markduplicate,OnlineP,Realtime,203.0108642578125,31.0,44.0,0.29545454545454547
"CPU:Intel(R) Xeon(R) Gold 6126,Memory:191889MiB,Cores:48",dnaseq-0,samtools-sort-markduplicate,OnlineP,Realtime,3055.7511615753174,151.9603835821112,145.0,0.048002645393870384
"CPU:Intel(R) Xeon(R) Gold 6126,Memory:191889MiB,Cores:48",dnaseq-0,samtools-sort-markduplicate,OnlineP,Realtime,405.5044136047363,61.92100539891706,53.0,0.16832085658334076
"CPU:Intel(R) Xeon(R) Gold 6126,Memory:191889MiB,Cores:48",dnaseq-0,samtools-sort-markduplicate,OnlineP,Realtime,5613.892818450928,278.37399689233655,286.0,0.026664346530291785
"CPU:Intel(R) Xeon(R) Gold 6126,Memory:191889MiB,Cores:48",dnaseq-0,samtools-sort-markduplicate,OnlineP,Realtime,1474.3470220565796,73.31825373155112,110.0,0.3334704206222625
"CPU:Intel(R) Xeon(R) Gold 6126,Memory:191889MiB,Cores:48",dnaseq-0,samtools-sort-markduplicate,OnlineP,Realtime,5102.182312011719,253.0,366.0,0.3087431693989071
"CPU:Intel(R) Xeon(R) Gold 6126,Memory:191889MiB,Cores:48",dnaseq-0,samtools-sort-markduplicate,OnlineP,Realtime,6639.323947906494,329.221665573538,321.0,0.02561266533812467
"CPU:Intel(R) Xeon(R) Gold 6126,Memory:191889MiB,Cores:48",dnaseq-0,samtools-sort-markduplicate,OnlineP,Realtime,203.0108642578125,31.0,42.0,0.2619047619047619
"CPU:Intel(R) Xeon(R) Gold 6126,Memory:191889MiB,Cores:48",dnaseq-0,samtools-sort-markduplicate,Naive,Realtime,3565.6447715759277,356.72094788544536,177.0,1.01537258692342
"CPU:Intel(R) Xeon(R) Gold 6126,Memory:191889MiB,Cores:48",dnaseq-0,samtools-sort-markduplicate,Naive,Realtime,203.0108642578125,20.309995125252836,55.0,0.6307273613590393
"CPU:Intel(R) Xeon(R) Gold 6126,Memory:191889MiB,Cores:48",dnaseq-0,samtools-sort-markduplicate,Naive,Realtime,812.8875761032104,81.32442945057534,56.0,0.4522219544745596
"CPU:Intel(R) Xeon(R) Gold 6126,Memory:191889MiB,Cores:48",dnaseq-0,samtools-sort-markduplicate,Naive,Realtime,2545.566870689392,254.6683938503408,142.0,0.7934393933122592
"CPU:Intel(R) Xeon(R) Gold 6126,Memory:191889MiB,Cores:48",dnaseq-0,samtools-sort-markduplicate,Naive,Realtime,203.0108642578125,20.309995125252836,42.0,0.5164286874939801
"CPU:Intel(R) Xeon(R) Gold 6126,Memory:191889MiB,Cores:48",dnaseq-0,samtools-sort-markduplicate,Naive,Realtime,812.8875761032104,81.32442945057534,54.0,0.5060079527884321
"CPU:Intel(R) Xeon(R) Gold 6126,Memory:191889MiB,Cores:48",dnaseq-0,samtools-sort-markduplicate,Naive,Realtime,2545.566870689392,254.6683938503408,153.0,0.6644993062113778
"CPU:Intel(R) Xeon(R) Gold 6126,Memory:191889MiB,Cores:48",dnaseq-0,samtools-sort-markduplicate,Naive,Realtime,2545.566870689392,254.6683938503408,201.0,0.26700693457881
"CPU:Intel(R) Xeon(R) Gold 6126,Memory:191889MiB,Cores:48",dnaseq-0,samtools-sort-markduplicate,Naive,Realtime,812.8875761032104,81.32442945057534,53.0,0.5344231971806668
"CPU:Intel(R) Xeon(R) Gold 6126,Memory:191889MiB,Cores:48",dnaseq-0,samtools-sort-markduplicate,Naive,Realtime,203.0108642578125,20.309995125252836,34.0,0.40264720219844596
"CPU:Intel(R) Xeon(R) Gold 6126,Memory:191889MiB,Cores:48",dnaseq-0,samtools-sort-markduplicate,Naive,Realtime,5102.182312011719,510.4421296069697,249.0,1.0499683919958622
"CPU:Intel(R) Xeon(R) Gold 6126,Memory:191889MiB,Cores:48",dnaseq-0,samtools-sort-markduplicate,Naive,Realtime,609.9719657897949,61.0239638997787,56.0,0.08971364106747678
"CPU:Intel(R) Xeon(R) Gold 6126,Memory:191889MiB,Cores:48",dnaseq-0,samtools-sort-markduplicate,Naive,Realtime,3565.6447715759277,356.72094788544536,182.0,0.9600052081617877
"CPU:Intel(R) Xeon(R) Gold 6126,Memory:191889MiB,Cores:48",dnaseq-0,samtools-sort-markduplicate,Naive,Realtime,6639.323947906494,664.2237473838352,327.0,1.0312652825193738
"CPU:Intel(R) Xeon(R) Gold 6126,Memory:191889MiB,Cores:48",dnaseq-0,samtools-sort-markduplicate,Naive,Realtime,405.5044136047363,40.568236058153545,44.0,0.0779946350419649
"CPU:Intel(R) Xeon(R) Gold 6126,Memory:191889MiB,Cores:48",dnaseq-0,samtools-sort-markduplicate,Naive,Realtime,203.0108642578125,20.309995125252836,44.0,0.5384092016987991
"CPU:Intel(R) Xeon(R) Gold 6126,Memory:191889MiB,Cores:48",dnaseq-0,samtools-sort-markduplicate,Naive,Realtime,3055.7511615753174,305.70921129011464,145.0,1.108339388207687
"CPU:Intel(R) Xeon(R) Gold 6126,Memory:191889MiB,Cores:48",dnaseq-0,samtools-sort-markduplicate,Naive,Realtime,405.5044136047363,40.568236058153545,53.0,0.23456158380842368
"CPU:Intel(R) Xeon(R) Gold 6126,Memory:191889MiB,Cores:48",dnaseq-0,samtools-sort-markduplicate,Naive,Realtime,5613.892818450928,561.6356355767914,286.0,0.9637609635552147
"CPU:Intel(R) Xeon(R) Gold 6126,Memory:191889MiB,Cores:48",dnaseq-0,samtools-sort-markduplicate,Naive,Realtime,1474.3470220565796,147.49940078513717,110.0,0.34090364350124697
"CPU:Intel(R) Xeon(R) Gold 6126,Memory:191889MiB,Cores:48",dnaseq-0,samtools-sort-markduplicate,Naive,Realtime,5102.182312011719,510.4421296069697,366.0,0.3946506273414472
"CPU:Intel(R) Xeon(R) Gold 6126,Memory:191889MiB,Cores:48",dnaseq-0,samtools-sort-markduplicate,Naive,Realtime,6639.323947906494,664.2237473838352,321.0,1.0692328578935675
"CPU:Intel(R) Xeon(R) Gold 6126,Memory:191889MiB,Cores:48",dnaseq-0,samtools-sort-markduplicate,Naive,Realtime,203.0108642578125,20.309995125252836,42.0,0.5164286874939801
"CPU:Intel(R) Xeon(R) Gold 6126,Memory:191889MiB,Cores:48",dnaseq-0,samtools-sort-markduplicate,Perfect,Realtime,3565.6447715759277,177.0,177.0,0.0
"CPU:Intel(R) Xeon(R) Gold 6126,Memory:191889MiB,Cores:48",dnaseq-0,samtools-sort-markduplicate,Perfect,Realtime,203.0108642578125,55.0,55.0,0.0
"CPU:Intel(R) Xeon(R) Gold 6126,Memory:191889MiB,Cores:48",dnaseq-0,samtools-sort-markduplicate,Perfect,Realtime,812.8875761032104,56.0,56.0,0.0
"CPU:Intel(R) Xeon(R) Gold 6126,Memory:191889MiB,Cores:48",dnaseq-0,samtools-sort-markduplicate,Perfect,Realtime,2545.566870689392,142.0,142.0,0.0
"CPU:Intel(R) Xeon(R) Gold 6126,Memory:191889MiB,Cores:48",dnaseq-0,samtools-sort-markduplicate,Perfect,Realtime,203.0108642578125,42.0,42.0,0.0
"CPU:Intel(R) Xeon(R) Gold 6126,Memory:191889MiB,Cores:48",dnaseq-0,samtools-sort-markduplicate,Perfect,Realtime,812.8875761032104,54.0,54.0,0.0
"CPU:Intel(R) Xeon(R) Gold 6126,Memory:191889MiB,Cores:48",dnaseq-0,samtools-sort-markduplicate,Perfect,Realtime,2545.566870689392,153.0,153.0,0.0
"CPU:Intel(R) Xeon(R) Gold 6126,Memory:191889MiB,Cores:48",dnaseq-0,samtools-sort-markduplicate,Perfect,Realtime,2545.566870689392,201.0,201.0,0.0
"CPU:Intel(R) Xeon(R) Gold 6126,Memory:191889MiB,Cores:48",dnaseq-0,samtools-sort-markduplicate,Perfect,Realtime,812.8875761032104,53.0,53.0,0.0
"CPU:Intel(R) Xeon(R) Gold 6126,Memory:191889MiB,Cores:48",dnaseq-0,samtools-sort-markduplicate,Perfect,Realtime,203.0108642578125,34.0,34.0,0.0
"CPU:Intel(R) Xeon(R) Gold 6126,Memory:191889MiB,Cores:48",dnaseq-0,samtools-sort-markduplicate,Perfect,Realtime,5102.182312011719,249.0,249.0,0.0
"CPU:Intel(R) Xeon(R) Gold 6126,Memory:191889MiB,Cores:48",dnaseq-0,samtools-sort-markduplicate,Perfect,Realtime,609.9719657897949,56.0,56.0,0.0
"CPU:Intel(R) Xeon(R) Gold 6126,Memory:191889MiB,Cores:48",dnaseq-0,samtools-sort-markduplicate,Perfect,Realtime,3565.6447715759277,182.0,182.0,0.0
"CPU:Intel(R) Xeon(R) Gold 6126,Memory:191889MiB,Cores:48",dnaseq-0,samtools-sort-markduplicate,Perfect,Realtime,6639.323947906494,327.0,327.0,0.0
"CPU:Intel(R) Xeon(R) Gold 6126,Memory:191889MiB,Cores:48",dnaseq-0,samtools-sort-markduplicate,Perfect,Realtime,405.5044136047363,44.0,44.0,0.0
"CPU:Intel(R) Xeon(R) Gold 6126,Memory:191889MiB,Cores:48",dnaseq-0,samtools-sort-markduplicate,Perfect,Realtime,203.0108642578125,44.0,44.0,0.0
"CPU:Intel(R) Xeon(R) Gold 6126,Memory:191889MiB,Cores:48",dnaseq-0,samtools-sort-markduplicate,Perfect,Realtime,3055.7511615753174,145.0,145.0,0.0
"CPU:Intel(R) Xeon(R) Gold 6126,Memory:191889MiB,Cores:48",dnaseq-0,samtools-sort-markduplicate,Perfect,Realtime,405.5044136047363,53.0,53.0,0.0
"CPU:Intel(R) Xeon(R) Gold 6126,Memory:191889MiB,Cores:48",dnaseq-0,samtools-sort-markduplicate,Perfect,Realtime,5613.892818450928,286.0,286.0,0.0
"CPU:Intel(R) Xeon(R) Gold 6126,Memory:191889MiB,Cores:48",dnaseq-0,samtools-sort-markduplicate,Perfect,Realtime,1474.3470220565796,110.0,110.0,0.0
"CPU:Intel(R) Xeon(R) Gold 6126,Memory:191889MiB,Cores:48",dnaseq-0,samtools-sort-markduplicate,Perfect,Realtime,5102.182312011719,366.0,366.0,0.0
"CPU:Intel(R) Xeon(R) Gold 6126,Memory:191889MiB,Cores:48",dnaseq-0,samtools-sort-markduplicate,Perfect,Realtime,6639.323947906494,321.0,321.0,0.0
"CPU:Intel(R) Xeon(R) Gold 6126,Memory:191889MiB,Cores:48",dnaseq-0,samtools-sort-markduplicate,Perfect,Realtime,203.0108642578125,42.0,42.0,0.0
"CPU:Intel(R) Xeon(R) Gold 6126,Memory:191889MiB,Cores:48",dnaseq-1,burrows-wheeler-aligner,Lotaru-G,Realtime,203.0108642578125,168.85736659711787,135.0,0.25079530812679907
"CPU:Intel(R) Xeon(R) Gold 6126,Memory:191889MiB,Cores:48",dnaseq-1,burrows-wheeler-aligner,Lotaru-G,Realtime,203.0108642578125,168.85736659711787,134.0,0.2601296014710289
"CPU:Intel(R) Xeon(R) Gold 6126,Memory:191889MiB,Cores:48",dnaseq-1,burrows-wheeler-aligner,Lotaru-G,Realtime,3565.6447715759277,2172.143664366209,1851.0,0.1734973875560287
"CPU:Intel(R) Xeon(R) Gold 6126,Memory:191889MiB,Cores:48",dnaseq-1,burrows-wheeler-aligner,Lotaru-G,Realtime,609.9719657897949,411.30409761050095,341.0,0.20617037422434295
"CPU:Intel(R) Xeon(R) Gold 6126,Memory:191889MiB,Cores:48",dnaseq-1,burrows-wheeler-aligner,Lotaru-G,Realtime,812.8875761032104,532.1909003218084,376.0,0.4154013306431074
"CPU:Intel(R) Xeon(R) Gold 6126,Memory:191889MiB,Cores:48",dnaseq-1,burrows-wheeler-aligner,Lotaru-G,Realtime,6639.323947906494,4003.285426269194,2404.0,0.6652601606777013
"CPU:Intel(R) Xeon(R) Gold 6126,Memory:191889MiB,Cores:48",dnaseq-1,burrows-wheeler-aligner,Lotaru-G,Realtime,4590.344056129456,2782.6073938886025,1972.0,0.4110585161706909
"CPU:Intel(R) Xeon(R) Gold 6126,Memory:191889MiB,Cores:48",dnaseq-1,burrows-wheeler-aligner,Lotaru-G,Realtime,1729.362572669983,1078.1801020825408,785.0,0.3734778370478226
"CPU:Intel(R) Xeon(R) Gold 6126,Memory:191889MiB,Cores:48",dnaseq-1,burrows-wheeler-aligner,Lotaru-G,Realtime,5613.892818450928,3392.385700767234,2278.0,0.4891947764562046
"CPU:Intel(R) Xeon(R) Gold 6126,Memory:191889MiB,Cores:48",dnaseq-1,burrows-wheeler-aligner,Lotaru-G,Realtime,609.9719657897949,411.30409761050095,400.0,0.028260244026252365
"CPU:Intel(R) Xeon(R) Gold 6126,Memory:191889MiB,Cores:48",dnaseq-1,burrows-wheeler-aligner,Lotaru-G,Realtime,6639.323947906494,4003.285426269194,2957.0,0.3538334211258688
"CPU:Intel(R) Xeon(R) Gold 6126,Memory:191889MiB,Cores:48",dnaseq-1,burrows-wheeler-aligner,Lotaru-G,Realtime,203.0108642578125,168.85736659711787,167.0,0.011121955671364515
"CPU:Intel(R) Xeon(R) Gold 6126,Memory:191889MiB,Cores:48",dnaseq-1,burrows-wheeler-aligner,Lotaru-A,Realtime,203.0108642578125,227.45297853327298,135.0,0.6848368780242443
"CPU:Intel(R) Xeon(R) Gold 6126,Memory:191889MiB,Cores:48",dnaseq-1,burrows-wheeler-aligner,Lotaru-A,Realtime,203.0108642578125,227.45297853327298,134.0,0.6974102875617387
"CPU:Intel(R) Xeon(R) Gold 6126,Memory:191889MiB,Cores:48",dnaseq-1,burrows-wheeler-aligner,Lotaru-A,Realtime,3565.6447715759277,2925.9046035051992,1851.0,0.5807156150757424
"CPU:Intel(R) Xeon(R) Gold 6126,Memory:191889MiB,Cores:48",dnaseq-1,burrows-wheeler-aligner,Lotaru-A,Realtime,609.9719657897949,554.0317486275737,341.0,0.6247265355647323
"CPU:Intel(R) Xeon(R) Gold 6126,Memory:191889MiB,Cores:48",dnaseq-1,burrows-wheeler-aligner,Lotaru-A,Realtime,812.8875761032104,716.867779392253,376.0,0.9065632430645028
"CPU:Intel(R) Xeon(R) Gold 6126,Memory:191889MiB,Cores:48",dnaseq-1,burrows-wheeler-aligner,Lotaru-A,Realtime,6639.323947906494,5392.475391946053,2404.0,1.2431262029725676
"CPU:Intel(R) Xeon(R) Gold 6126,Memory:191889MiB,Cores:48",dnaseq-1,burrows-wheeler-aligner,Lotaru-A,Realtime,4590.344056129456,3748.206859927861,1972.0,0.9007134178133169
"CPU:Intel(R) Xeon(R) Gold 6126,Memory:191889MiB,Cores:48",dnaseq-1,burrows-wheeler-aligner,Lotaru-A,Realtime,1729.362572669983,1452.3220428937327,785.0,0.8500917743869206
"CPU:Intel(R) Xeon(R) Gold 6126,Memory:191889MiB,Cores:48",dnaseq-1,burrows-wheeler-aligner,Lotaru-A,Realtime,5613.892818450928,4569.585843501849,2278.0,1.0059639348120497
"CPU:Intel(R) Xeon(R) Gold 6126,Memory:191889MiB,Cores:48",dnaseq-1,burrows-wheeler-aligner,Lotaru-A,Realtime,609.9719657897949,554.0317486275737,400.0,0.38507937156893435
"CPU:Intel(R) Xeon(R) Gold 6126,Memory:191889MiB,Cores:48",dnaseq-1,burrows-wheeler-aligner,Lotaru-A,Realtime,6639.323947906494,5392.475391946053,2957.0,0.8236305011653882
"CPU:Intel(R) Xeon(R) Gold 6126,Memory:191889MiB,Cores:48",dnaseq-1,burrows-wheeler-aligner,Lotaru-A,Realtime,203.0108642578125,227.45297853327298,167.0,0.36199388343277233
"CPU:Intel(R) Xeon(R) Gold 6126,Memory:191889MiB,Cores:48",dnaseq-1,burrows-wheeler-aligner,OnlineP,Realtime,203.0108642578125,176.0,135.0,0.3037037037037037
"CPU:Intel(R) Xeon(R) Gold 6126,Memory:191889MiB,Cores:48",dnaseq-1,burrows-wheeler-aligner,OnlineP,Realtime,203.0108642578125,176.0,134.0,0.31343283582089554
"CPU:Intel(R) Xeon(R) Gold 6126,Memory:191889MiB,Cores:48",dnaseq-1,burrows-wheeler-aligner,OnlineP,Realtime,3565.6447715759277,2074.7545431071094,1851.0,0.12088305948520225
"CPU:Intel(R) Xeon(R) Gold 6126,Memory:191889MiB,Cores:48",dnaseq-1,burrows-wheeler-aligner,OnlineP,Realtime,609.9719657897949,365.00000000000006,341.0,0.07038123167155443
"CPU:Intel(R) Xeon(R) Gold 6126,Memory:191889MiB,Cores:48",dnaseq-1,burrows-wheeler-aligner,OnlineP,Realtime,812.8875761032104,486.42229793872247,376.0,0.2936763243051129
"CPU:Intel(R) Xeon(R) Gold 6126,Memory:191889MiB,Cores:48",dnaseq-1,burrows-wheeler-aligner,OnlineP,Realtime,6639.323947906494,3773.0,2404.0,0.5694675540765392
"CPU:Intel(R) Xeon(R) Gold 6126,Memory:191889MiB,Cores:48",dnaseq-1,burrows-wheeler-aligner,OnlineP,Realtime,4590.344056129456,2671.0,1972.0,0.35446247464503045
"CPU:Intel(R) Xeon(R) Gold 6126,Memory:191889MiB,Cores:48",dnaseq-1,burrows-wheeler-aligner,OnlineP,Realtime,1729.362572669983,1034.83008142389,785.0,0.31825488079476444
"CPU:Intel(R) Xeon(R) Gold 6126,Memory:191889MiB,Cores:48",dnaseq-1,burrows-wheeler-aligner,OnlineP,Realtime,5613.892818450928,3131.4323919193275,2278.0,0.37464108512700944
"CPU:Intel(R) Xeon(R) Gold 6126,Memory:191889MiB,Cores:48",dnaseq-1,burrows-wheeler-aligner,OnlineP,Realtime,609.9719657897949,365.00000000000006,400.0,0.08749999999999986
"CPU:Intel(R) Xeon(R) Gold 6126,Memory:191889MiB,Cores:48",dnaseq-1,burrows-wheeler-aligner,OnlineP,Realtime,6639.323947906494,3773.0,2957.0,0.2759553601623267
"CPU:Intel(R) Xeon(R) Gold 6126,Memory:191889MiB,Cores:48",dnaseq-1,burrows-wheeler-aligner,OnlineP,Realtime,203.0108642578125,176.0,167.0,0.05389221556886228
"CPU:Intel(R) Xeon(R) Gold 6126,Memory:191889MiB,Cores:48",dnaseq-1,burrows-wheeler-aligner,Naive,Realtime,203.0108642578125,133.7021154083418,135.0,0.009613959938208912
"CPU:Intel(R) Xeon(R) Gold 6126,Memory:191889MiB,Cores:48",dnaseq-1,burrows-wheeler-aligner,Naive,Realtime,203.0108642578125,133.7021154083418,134.0,0.002223019340732859
"CPU:Intel(R) Xeon(R) Gold 6126,Memory:191889MiB,Cores:48",dnaseq-1,burrows-wheeler-aligner,Naive,Realtime,3565.6447715759277,2348.3188966131843,1851.0,0.2686757950368365
"CPU:Intel(R) Xeon(R) Gold 6126,Memory:191889MiB,Cores:48",dnaseq-1,burrows-wheeler-aligner,Naive,Realtime,609.9719657897949,401.7250134077088,341.0,0.1780792182044246
"CPU:Intel(R) Xeon(R) Gold 6126,Memory:191889MiB,Cores:48",dnaseq-1,burrows-wheeler-aligner,Naive,Realtime,812.8875761032104,535.3643949623063,376.0,0.4238414759635805
"CPU:Intel(R) Xeon(R) Gold 6126,Memory:191889MiB,Cores:48",dnaseq-1,burrows-wheeler-aligner,Naive,Realtime,6639.323947906494,4372.631287304124,2404.0,0.8188982060333295
"CPU:Intel(R) Xeon(R) Gold 6126,Memory:191889MiB,Cores:48",dnaseq-1,burrows-wheeler-aligner,Naive,Realtime,4590.344056129456,3023.181606562702,1972.0,0.5330535530236826
"CPU:Intel(R) Xeon(R) Gold 6126,Memory:191889MiB,Cores:48",dnaseq-1,burrows-wheeler-aligner,Naive,Realtime,1729.362572669983,1138.9510365334593,785.0,0.4508930401700118
"CPU:Intel(R) Xeon(R) Gold 6126,Memory:191889MiB,Cores:48",dnaseq-1,burrows-wheeler-aligner,Naive,Realtime,5613.892818450928,3697.2865873295355,2278.0,0.6230406441306126
"CPU:Intel(R) Xeon(R) Gold 6126,Memory:191889MiB,Cores:48",dnaseq-1,burrows-wheeler-aligner,Naive,Realtime,609.9719657897949,401.7250134077088,400.0,0.004312533519271966
"CPU:Intel(R) Xeon(R) Gold 6126,Memory:191889MiB,Cores:48",dnaseq-1,burrows-wheeler-aligner,Naive,Realtime,6639.323947906494,4372.631287304124,2957.0,0.4787390217464066
"CPU:Intel(R) Xeon(R) Gold 6126,Memory:191889MiB,Cores:48",dnaseq-1,burrows-wheeler-aligner,Naive,Realtime,203.0108642578125,133.7021154083418,167.0,0.1993885304889713
"CPU:Intel(R) Xeon(R) Gold 6126,Memory:191889MiB,Cores:48",dnaseq-1,burrows-wheeler-aligner,Perfect,Realtime,203.0108642578125,135.0,135.0,0.0
"CPU:Intel(R) Xeon(R) Gold 6126,Memory:191889MiB,Cores:48",dnaseq-1,burrows-wheeler-aligner,Perfect,Realtime,203.0108642578125,134.0,134.0,0.0
"CPU:Intel(R) Xeon(R) Gold 6126,Memory:191889MiB,Cores:48",dnaseq-1,burrows-wheeler-aligner,Perfect,Realtime,3565.6447715759277,1851.0,1851.0,0.0
"CPU:Intel(R) Xeon(R) Gold 6126,Memory:191889MiB,Cores:48",dnaseq-1,burrows-wheeler-aligner,Perfect,Realtime,609.9719657897949,341.0,341.0,0.0
"CPU:Intel(R) Xeon(R) Gold 6126,Memory:191889MiB,Cores:48",dnaseq-1,burrows-wheeler-aligner,Perfect,Realtime,812.8875761032104,376.0,376.0,0.0
"CPU:Intel(R) Xeon(R) Gold 6126,Memory:191889MiB,Cores:48",dnaseq-1,burrows-wheeler-aligner,Perfect,Realtime,6639.323947906494,2404.0,2404.0,0.0
"CPU:Intel(R) Xeon(R) Gold 6126,Memory:191889MiB,Cores:48",dnaseq-1,burrows-wheeler-aligner,Perfect,Realtime,4590.344056129456,1972.0,1972.0,0.0
"CPU:Intel(R) Xeon(R) Gold 6126,Memory:191889MiB,Cores:48",dnaseq-1,burrows-wheeler-aligner,Perfect,Realtime,1729.362572669983,785.0,785.0,0.0
"CPU:Intel(R) Xeon(R) Gold 6126,Memory:191889MiB,Cores:48",dnaseq-1,burrows-wheeler-aligner,Perfect,Realtime,5613.892818450928,2278.0,2278.0,0.0
"CPU:Intel(R) Xeon(R) Gold 6126,Memory:191889MiB,Cores:48",dnaseq-1,burrows-wheeler-aligner,Perfect,Realtime,609.9719657897949,400.0,400.0,0.0
"CPU:Intel(R) Xeon(R) Gold 6126,Memory:191889MiB,Cores:48",dnaseq-1,burrows-wheeler-aligner,Perfect,Realtime,6639.323947906494,2957.0,2957.0,0.0
"CPU:Intel(R) Xeon(R) Gold 6126,Memory:191889MiB,Cores:48",dnaseq-1,burrows-wheeler-aligner,Perfect,Realtime,203.0108642578125,167.0,167.0,0.0
"CPU:Intel(R) Xeon(R) Gold 6126,Memory:191889MiB,Cores:48",dnaseq-1,fastq-cleaner,Lotaru-G,Realtime,5102.182312011719,1462.7641209325197,1196.0,0.22304692385662186
"CPU:Intel(R) Xeon(R) Gold 6126,Memory:191889MiB,Cores:48",dnaseq-1,fastq-cleaner,Lotaru-G,Realtime,1729.362572669983,512.8164501414584,606.0,0.15376823409000265
"CPU:Intel(R) Xeon(R) Gold 6126,Memory:191889MiB,Cores:48",dnaseq-1,fastq-cleaner,Lotaru-G,Realtime,1729.362572669983,512.8164501414584,534.0,0.03966956902348614
"CPU:Intel(R) Xeon(R) Gold 6126,Memory:191889MiB,Cores:48",dnaseq-1,fastq-cleaner,Lotaru-G,Realtime,6639.323947906494,1895.6968684677286,2609.0,0.2734009703075015
"CPU:Intel(R) Xeon(R) Gold 6126,Memory:191889MiB,Cores:48",dnaseq-1,fastq-cleaner,Lotaru-G,Realtime,4590.344056129456,1318.605939774576,1073.0,0.22889649559606334
"CPU:Intel(R) Xeon(R) Gold 6126,Memory:191889MiB,Cores:48",dnaseq-1,fastq-cleaner,Lotaru-G,Realtime,5613.892818450928,1606.8863217252938,1993.0,0.1937349113269976
"CPU:Intel(R) Xeon(R) Gold 6126,Memory:191889MiB,Cores:48",dnaseq-1,fastq-cleaner,Lotaru-G,Realtime,609.9719657897949,197.54241183226583,206.0,0.041056253241428024
"CPU:Intel(R) Xeon(R) Gold 6126,Memory:191889MiB,Cores:48",dnaseq-1,fastq-cleaner,Lotaru-G,Realtime,609.9719657897949,197.54241183226583,192.0,0.028866728293051185
"CPU:Intel(R) Xeon(R) Gold 6126,Memory:191889MiB,Cores:48",dnaseq-1,fastq-cleaner,Lotaru-G,Realtime,609.9719657897949,197.54241183226583,218.0,0.09384214755841364
"CPU:Intel(R) Xeon(R) Gold 6126,Memory:191889MiB,Cores:48",dnaseq-1,fastq-cleaner,Lotaru-G,Realtime,609.9719657897949,197.54241183226583,191.0,0.034253465090397
"CPU:Intel(R) Xeon(R) Gold 6126,Memory:191889MiB,Cores:48",dnaseq-1,fastq-cleaner,Lotaru-A,Realtime,5102.182312011719,1882.311593599997,1196.0,0.5738391250836095
"CPU:Intel(R) Xeon(R) Gold 6126,Memory:191889MiB,Cores:48",dnaseq-1,fastq-cleaner,Lotaru-A,Realtime,1729.362572669983,659.9015765266997,606.0,0.08894649591864641
"CPU:Intel(R) Xeon(R) Gold 6126,Memory:191889MiB,Cores:48",dnaseq-1,fastq-cleaner,Lotaru-A,Realtime,1729.362572669983,659.9015765266997,534.0,0.23577074255936278
"CPU:Intel(R) Xeon(R) Gold 6126,Memory:191889MiB,Cores:48",dnaseq-1,fastq-cleaner,Lotaru-A,Realtime,6639.323947906494,2439.4173622423887,2609.0,0.06499909457938342
"CPU:Intel(R) Xeon(R) Gold 6126,Memory:191889MiB,Cores:48",dnaseq-1,fastq-cleaner,Lotaru-A,Realtime,4590.344056129456,1696.8062125048557,1073.0,0.5813664608619344
"CPU:Intel(R) Xeon(R) Gold 6126,Memory:191889MiB,Cores:48",dnaseq-1,fastq-cleaner,Lotaru-A,Realtime,5613.892818450928,2067.7706745039236,1993.0,0.03751664551125118
"CPU:Intel(R) Xeon(R) Gold 6126,Memory:191889MiB,Cores:48",dnaseq-1,fastq-cleaner,Lotaru-A,Realtime,609.9719657897949,254.20118438681112,206.0,0.23398633197481128
"CPU:Intel(R) Xeon(R) Gold 6126,Memory:191889MiB,Cores:48",dnaseq-1,fastq-cleaner,Lotaru-A,Realtime,609.9719657897949,254.20118438681112,192.0,0.3239645020146413
"CPU:Intel(R) Xeon(R) Gold 6126,Memory:191889MiB,Cores:48",dnaseq-1,fastq-cleaner,Lotaru-A,Realtime,609.9719657897949,254.20118438681112,218.0,0.16606047883858313
"CPU:Intel(R) Xeon(R) Gold 6126,Memory:191889MiB,Cores:48",dnaseq-1,fastq-cleaner,Lotaru-A,Realtime,609.9719657897949,254.20118438681112,191.0,0.3308962533340896
"CPU:Intel(R) Xeon(R) Gold 6126,Memory:191889MiB,Cores:48",dnaseq-1,fastq-cleaner,OnlineP,Realtime,5102.182312011719,1330.5553109662474,1196.0,0.11250444060723024
"CPU:Intel(R) Xeon(R) Gold 6126,Memory:191889MiB,Cores:48",dnaseq-1,fastq-cleaner,OnlineP,Realtime,1729.362572669983,461.2871106878095,606.0,0.2388001473798523
"CPU:Intel(R) Xeon(R) Gold 6126,Memory:191889MiB,Cores:48",dnaseq-1,fastq-cleaner,OnlineP,Realtime,1729.362572669983,461.2871106878095,534.0,0.13616645938612454
"CPU:Intel(R) Xeon(R) Gold 6126,Memory:191889MiB,Cores:48",dnaseq-1,fastq-cleaner,OnlineP,Realtime,6639.323947906494,1828.9999999999998,2609.0,0.29896512073591425
"CPU:Intel(R) Xeon(R) Gold 6126,Memory:191889MiB,Cores:48",dnaseq-1,fastq-cleaner,OnlineP,Realtime,4590.344056129456,1197.0773072272304,1073.0,0.1156358874438308
"CPU:Intel(R) Xeon(R) Gold 6126,Memory:191889MiB,Cores:48",dnaseq-1,fastq-cleaner,OnlineP,Realtime,5613.892818450928,1464.0000000000002,1993.0,0.2654290015052683
"CPU:Intel(R) Xeon(R) Gold 6126,Memory:191889MiB,Cores:48",dnaseq-1,fastq-cleaner,OnlineP,Realtime,609.9719657897949,169.0,206.0,0.1796116504854369
"CPU:Intel(R) Xeon(R) Gold 6126,Memory:191889MiB,Cores:48",dnaseq-1,fastq-cleaner,OnlineP,Realtime,609.9719657897949,169.0,192.0,0.11979166666666667
"CPU:Intel(R) Xeon(R) Gold 6126,Memory:191889MiB,Cores:48",dnaseq-1,fastq-cleaner,OnlineP,Realtime,609.9719657897949,169.0,218.0,0.22477064220183487
"CPU:Intel(R) Xeon(R) Gold 6126,Memory:191889MiB,Cores:48",dnaseq-1,fastq-cleaner,OnlineP,Realtime,609.9719657897949,169.0,191.0,0.11518324607329843
"CPU:Intel(R) Xeon(R) Gold 6126,Memory:191889MiB,Cores:48",dnaseq-1,fastq-cleaner,Naive,Realtime,5102.182312011719,1508.1521477099354,1196.0,0.26099677902168517
"CPU:Intel(R) Xeon(R) Gold 6126,Memory:191889MiB,Cores:48",dnaseq-1,fastq-cleaner,Naive,Realtime,1729.362572669983,511.1816314366588,606.0,0.1564659547249855
"CPU:Intel(R) Xeon(R) Gold 6126,Memory:191889MiB,Cores:48",dnaseq-1,fastq-cleaner,Naive,Realtime,1729.362572669983,511.1816314366588,534.0,0.04273102727217455
"CPU:Intel(R) Xeon(R) Gold 6126,Memory:191889MiB,Cores:48",dnaseq-1,fastq-cleaner,Naive,Realtime,6639.323947906494,1962.5152648512785,2609.0,0.24779023961238847
"CPU:Intel(R) Xeon(R) Gold 6126,Memory:191889MiB,Cores:48",dnaseq-1,fastq-cleaner,Naive,Realtime,4590.344056129456,1356.8580704536914,1073.0,0.2645461979997124
"CPU:Intel(R) Xeon(R) Gold 6126,Memory:191889MiB,Cores:48",dnaseq-1,fastq-cleaner,Naive,Realtime,5613.892818450928,1659.408463556428,1993.0,0.16738160383520925
"CPU:Intel(R) Xeon(R) Gold 6126,Memory:191889MiB,Cores:48",dnaseq-1,fastq-cleaner,Naive,Realtime,609.9719657897949,180.30138360265977,206.0,0.12475056503563219
"CPU:Intel(R) Xeon(R) Gold 6126,Memory:191889MiB,Cores:48",dnaseq-1,fastq-cleaner,Naive,Realtime,609.9719657897949,180.30138360265977,192.0,0.060930293736147036
"CPU:Intel(R) Xeon(R) Gold 6126,Memory:191889MiB,Cores:48",dnaseq-1,fastq-cleaner,Naive,Realtime,609.9719657897949,180.30138360265977,218.0,0.17292943301532215
"CPU:Intel(R) Xeon(R) Gold 6126,Memory:191889MiB,Cores:48",dnaseq-1,fastq-cleaner,Naive,Realtime,609.9719657897949,180.30138360265977,191.0,0.05601369841539388
"CPU:Intel(R) Xeon(R) Gold 6126,Memory:191889MiB,Cores:48",dnaseq-1,fastq-cleaner,Perfect,Realtime,5102.182312011719,1196.0,1196.0,0.0
"CPU:Intel(R) Xeon(R) Gold 6126,Memory:191889MiB,Cores:48",dnaseq-1,fastq-cleaner,Perfect,Realtime,1729.362572669983,606.0,606.0,0.0
"CPU:Intel(R) Xeon(R) Gold 6126,Memory:191889MiB,Cores:48",dnaseq-1,fastq-cleaner,Perfect,Realtime,1729.362572669983,534.0,534.0,0.0
"CPU:Intel(R) Xeon(R) Gold 6126,Memory:191889MiB,Cores:48",dnaseq-1,fastq-cleaner,Perfect,Realtime,6639.323947906494,2609.0,2609.0,0.0
"CPU:Intel(R) Xeon(R) Gold 6126,Memory:191889MiB,Cores:48",dnaseq-1,fastq-cleaner,Perfect,Realtime,4590.344056129456,1073.0,1073.0,0.0
"CPU:Intel(R) Xeon(R) Gold 6126,Memory:191889MiB,Cores:48",dnaseq-1,fastq-cleaner,Perfect,Realtime,5613.892818450928,1993.0,1993.0,0.0
"CPU:Intel(R) Xeon(R) Gold 6126,Memory:191889MiB,Cores:48",dnaseq-1,fastq-cleaner,Perfect,Realtime,609.9719657897949,206.0,206.0,0.0
"CPU:Intel(R) Xeon(R) Gold 6126,Memory:191889MiB,Cores:48",dnaseq-1,fastq-cleaner,Perfect,Realtime,609.9719657897949,192.0,192.0,0.0
"CPU:Intel(R) Xeon(R) Gold 6126,Memory:191889MiB,Cores:48",dnaseq-1,fastq-cleaner,Perfect,Realtime,609.9719657897949,218.0,218.0,0.0
"CPU:Intel(R) Xeon(R) Gold 6126,Memory:191889MiB,Cores:48",dnaseq-1,fastq-cleaner,Perfect,Realtime,609.9719657897949,191.0,191.0,0.0
"CPU:Intel(R) Xeon(R) Gold 6126,Memory:191889MiB,Cores:48",dnaseq-1,fastqc,Lotaru-G,Realtime,883.0247402191162,153.41091393809864,115.0,0.3340079472878143
"CPU:Intel(R) Xeon(R) Gold 6126,Memory:191889MiB,Cores:48",dnaseq-1,fastqc,Lotaru-G,Realtime,198.34341430664062,65.48789047850869,68.0,0.036942787080754574
"CPU:Intel(R) Xeon(R) Gold 6126,Memory:191889MiB,Cores:48",dnaseq-1,fastqc,Lotaru-G,Realtime,99.30306816101074,52.769672019719756,52.0,0.0148013849946107
"CPU:Intel(R) Xeon(R) Gold 6126,Memory:191889MiB,Cores:48",dnaseq-1,fastqc,Lotaru-G,Realtime,1559.6764736175537,240.3028211334297,251.0,0.04261824249629606
"CPU:Intel(R) Xeon(R) Gold 6126,Memory:191889MiB,Cores:48",dnaseq-1,fastqc,Lotaru-G,Realtime,721.4454488754272,132.6617868833159,103.0,0.28797851343025144
"CPU:Intel(R) Xeon(R) Gold 6126,Memory:191889MiB,Cores:48",dnaseq-1,fastqc,Lotaru-G,Realtime,752.9015731811523,136.70120997053704,223.0,0.3869900898182196
"CPU:Intel(R) Xeon(R) Gold 6126,Memory:191889MiB,Cores:48",dnaseq-1,fastqc,Lotaru-G,Realtime,311.80230712890625,80.0576596802853,79.0,0.013388097218801236
"CPU:Intel(R) Xeon(R) Gold 6126,Memory:191889MiB,Cores:48",dnaseq-1,fastqc,Lotaru-G,Realtime,397.61913776397705,91.07778674903425,105.0,0.1325925071520548
"CPU:Intel(R) Xeon(R) Gold 6126,Memory:191889MiB,Cores:48",dnaseq-1,fastqc,Lotaru-G,Realtime,2343.807553291321,340.9966369340426,414.0,0.1763366257631821
"CPU:Intel(R) Xeon(R) Gold 6126,Memory:191889MiB,Cores:48",dnaseq-1,fastqc,Lotaru-G,Realtime,198.34341430664062,65.48789047850869,58.0,0.12910155997428774
"CPU:Intel(R) Xeon(R) Gold 6126,Memory:191889MiB,Cores:48",dnaseq-1,fastqc,Lotaru-G,Realtime,1299.3983907699585,206.8793361950489,230.0,0.10052462523891785
"CPU:Intel(R) Xeon(R) Gold 6126,Memory:191889MiB,Cores:48",dnaseq-1,fastqc,Lotaru-G,Realtime,1299.3983907699585,206.8793361950489,231.0,0.10441845803009138
"CPU:Intel(R) Xeon(R) Gold 6126,Memory:191889MiB,Cores:48",dnaseq-1,fastqc,Lotaru-G,Realtime,99.30306816101074,52.769672019719756,53.0,0.004345810948683841
"CPU:Intel(R) Xeon(R) Gold 6126,Memory:191889MiB,Cores:48",dnaseq-1,fastqc,Lotaru-G,Realtime,1299.3983907699585,206.8793361950489,219.0,0.05534549682626076
"CPU:Intel(R) Xeon(R) Gold 6126,Memory:191889MiB,Cores:48",dnaseq-1,fastqc,Lotaru-G,Realtime,298.1696586608887,78.30702967811247,78.0,0.00393627792451886
"CPU:Intel(R) Xeon(R) Gold 6126,Memory:191889MiB,Cores:48",dnaseq-1,fastqc,Lotaru-G,Realtime,846.3378324508667,148.69978230606702,138.0,0.07753465439179001
"CPU:Intel(R) Xeon(R) Gold 6126,Memory:191889MiB,Cores:48",dnaseq-1,fastqc,Lotaru-G,Realtime,415.2684383392334,93.34421320145071,73.0,0.2786878520746673
"CPU:Intel(R) Xeon(R) Gold 6126,Memory:191889MiB,Cores:48",dnaseq-1,fastqc,Lotaru-G,Realtime,846.3378324508667,148.69978230606702,132.0,0.12651350231868955
"CPU:Intel(R) Xeon(R) Gold 6126,Memory:191889MiB,Cores:48",dnaseq-1,fastqc,Lotaru-G,Realtime,3247.4302740097046,457.0349144005105,581.0,0.2133650354552315
"CPU:Intel(R) Xeon(R) Gold 6126,Memory:191889MiB,Cores:48",dnaseq-1,fastqc,Lotaru-G,Realtime,397.61913776397705,91.07778674903425,101.0,0.09823973515807677
"CPU:Intel(R) Xeon(R) Gold 6126,Memory:191889MiB,Cores:48",dnaseq-1,fastqc,Lotaru-G,Realtime,198.34341430664062,65.48789047850869,70.0,0.06445870744987588
"CPU:Intel(R) Xeon(R) Gold 6126,Memory:191889MiB,Cores:48",dnaseq-1,fastqc,Lotaru-G,Realtime,311.80230712890625,80.0576596802853,171.0,0.531826551577279
"CPU:Intel(R) Xeon(R) Gold 6126,Memory:191889MiB,Cores:48",dnaseq-1,fastqc,Lotaru-G,Realtime,721.4454488754272,132.6617868833159,106.0,0.25152629135203675
"CPU:Intel(R) Xeon(R) Gold 6126,Memory:191889MiB,Cores:48",dnaseq-1,fastqc,Lotaru-A,Realtime,883.0247402191162,84.02106950069881,115.0,0.2693820043417494
"CPU:Intel(R) Xeon(R) Gold 6126,Memory:191889MiB,Cores:48",dnaseq-1,fastqc,Lotaru-A,Realtime,198.34341430664062,35.86682626484538,68.0,0.47254667257580324
"CPU:Intel(R) Xeon(R) Gold 6126,Memory:191889MiB,Cores:48",dnaseq-1,fastqc,Lotaru-A,Realtime,99.30306816101074,28.901231121580963,52.0,0.4442070938157507
"CPU:Intel(R) Xeon(R) Gold 6126,Memory:191889MiB,Cores:48",dnaseq-1,fastqc,Lotaru-A,Realtime,1559.6764736175537,131.6105843930554,251.0,0.4756550422587434
"CPU:Intel(R) Xeon(R) Gold 6126,Memory:191889MiB,Cores:48",dnaseq-1,fastqc,Lotaru-A,Realtime,721.4454488754272,72.65705502743793,103.0,0.2945916987627385
"CPU:Intel(R) Xeon(R) Gold 6126,Memory:191889MiB,Cores:48",dnaseq-1,fastqc,Lotaru-A,Realtime,752.9015731811523,74.86939207205708,223.0,0.6642628158203718
"CPU:Intel(R) Xeon(R) Gold 6126,Memory:191889MiB,Cores:48",dnaseq-1,fastqc,Lotaru-A,Realtime,311.80230712890625,43.84649054874089,79.0,0.44498113229441916
"CPU:Intel(R) Xeon(R) Gold 6126,Memory:191889MiB,Cores:48",dnaseq-1,fastqc,Lotaru-A,Realtime,397.61913776397705,49.882064150261165,105.0,0.5249327223784651
"CPU:Intel(R) Xeon(R) Gold 6126,Memory:191889MiB,Cores:48",dnaseq-1,fastqc,Lotaru-A,Realtime,2343.807553291321,186.7592167718941,414.0,0.5488907807442172
"CPU:Intel(R) Xeon(R) Gold 6126,Memory:191889MiB,Cores:48",dnaseq-1,fastqc,Lotaru-A,Realtime,198.34341430664062,35.86682626484538,58.0,0.3816064437095624
"CPU:Intel(R) Xeon(R) Gold 6126,Memory:191889MiB,Cores:48",dnaseq-1,fastqc,Lotaru-A,Realtime,1299.3983907699585,113.30499661657952,230.0,0.5073695799279152
"CPU:Intel(R) Xeon(R) Gold 6126,Memory:191889MiB,Cores:48",dnaseq-1,fastqc,Lotaru-A,Realtime,1299.3983907699585,113.30499661657952,231.0,0.5095021791490064
"CPU:Intel(R) Xeon(R) Gold 6126,Memory:191889MiB,Cores:48",dnaseq-1,fastqc,Lotaru-A,Realtime,99.30306816101074,28.901231121580963,53.0,0.4546937524230007
"CPU:Intel(R) Xeon(R) Gold 6126,Memory:191889MiB,Cores:48",dnaseq-1,fastqc,Lotaru-A,Realtime,1299.3983907699585,113.30499661657952,219.0,0.4826255862256643
"CPU:Intel(R) Xeon(R) Gold 6126,Memory:191889MiB,Cores:48",dnaseq-1,fastqc,Lotaru-A,Realtime,298.1696586608887,42.887694324230274,78.0,0.4501577650739708
"CPU:Intel(R) Xeon(R) Gold 6126,Memory:191889MiB,Cores:48",dnaseq-1,fastqc,Lotaru-A,Realtime,846.3378324508667,81.44084682865613,138.0,0.4098489360242309
"CPU:Intel(R) Xeon(R) Gold 6126,Memory:191889MiB,Cores:48",dnaseq-1,fastqc,Lotaru-A,Realtime,415.2684383392334,51.123355070107614,73.0,0.29968006753277243
"CPU:Intel(R) Xeon(R) Gold 6126,Memory:191889MiB,Cores:48",dnaseq-1,fastqc,Lotaru-A,Realtime,846.3378324508667,81.44084682865613,132.0,0.3830238876616959
"CPU:Intel(R) Xeon(R) Gold 6126,Memory:191889MiB,Cores:48",dnaseq-1,fastqc,Lotaru-A,Realtime,3247.4302740097046,250.31180195292927,581.0,0.5691707367419462
"CPU:Intel(R) Xeon(R) Gold 6126,Memory:191889MiB,Cores:48",dnaseq-1,fastqc,Lotaru-A,Realtime,397.61913776397705,49.882064150261165,101.0,0.5061181767300875
"CPU:Intel(R) Xeon(R) Gold 6126,Memory:191889MiB,Cores:48",dnaseq-1,fastqc,Lotaru-A,Realtime,198.34341430664062,35.86682626484538,70.0,0.487616767645066
"CPU:Intel(R) Xeon(R) Gold 6126,Memory:191889MiB,Cores:48",dnaseq-1,fastqc,Lotaru-A,Realtime,311.80230712890625,43.84649054874089,171.0,0.7435877745687667
"CPU:Intel(R) Xeon(R) Gold 6126,Memory:191889MiB,Cores:48",dnaseq-1,fastqc,Lotaru-A,Realtime,721.4454488754272,72.65705502743793,106.0,0.31455608464681195
"CPU:Intel(R) Xeon(R) Gold 6126,Memory:191889MiB,Cores:48",dnaseq-1,fastqc,OnlineP,Realtime,883.0247402191162,136.04815491702,115.0,0.1830274340610436
"CPU:Intel(R) Xeon(R) Gold 6126,Memory:191889MiB,Cores:48",dnaseq-1,fastqc,OnlineP,Realtime,198.34341430664062,359.5540865109405,68.0,4.287560095749125
"CPU:Intel(R) Xeon(R) Gold 6126,Memory:191889MiB,Cores:48",dnaseq-1,fastqc,OnlineP,Realtime,99.30306816101074,180.01517259940837,52.0,2.461830242296315
"CPU:Intel(R) Xeon(R) Gold 6126,Memory:191889MiB,Cores:48",dnaseq-1,fastqc,OnlineP,Realtime,1559.6764736175537,210.2650257890404,251.0,0.16229073390820556
"CPU:Intel(R) Xeon(R) Gold 6126,Memory:191889MiB,Cores:48",dnaseq-1,fastqc,OnlineP,Realtime,721.4454488754272,111.15353593425664,103.0,0.07916054305103531
"CPU:Intel(R) Xeon(R) Gold 6126,Memory:191889MiB,Cores:48",dnaseq-1,fastqc,OnlineP,Realtime,752.9015731811523,116.00000000000001,223.0,0.4798206278026905
"CPU:Intel(R) Xeon(R) Gold 6126,Memory:191889MiB,Cores:48",dnaseq-1,fastqc,OnlineP,Realtime,311.80230712890625,565.2307342981144,79.0,6.154819421495119
"CPU:Intel(R) Xeon(R) Gold 6126,Memory:191889MiB,Cores:48",dnaseq-1,fastqc,OnlineP,Realtime,397.61913776397705,720.798249630656,105.0,5.864745234577676
"CPU:Intel(R) Xeon(R) Gold 6126,Memory:191889MiB,Cores:48",dnaseq-1,fastqc,OnlineP,Realtime,2343.807553291321,275.0,414.0,0.3357487922705314
"CPU:Intel(R) Xeon(R) Gold 6126,Memory:191889MiB,Cores:48",dnaseq-1,fastqc,OnlineP,Realtime,198.34341430664062,359.5540865109405,58.0,5.199208388119664
"CPU:Intel(R) Xeon(R) Gold 6126,Memory:191889MiB,Cores:48",dnaseq-1,fastqc,OnlineP,Realtime,1299.3983907699585,175.17609630398155,230.0,0.23836479867834107
"CPU:Intel(R) Xeon(R) Gold 6126,Memory:191889MiB,Cores:48",dnaseq-1,fastqc,OnlineP,Realtime,1299.3983907699585,175.17609630398155,231.0,0.24166192076198462
"CPU:Intel(R) Xeon(R) Gold 6126,Memory:191889MiB,Cores:48",dnaseq-1,fastqc,OnlineP,Realtime,99.30306816101074,180.01517259940837,53.0,2.396512690554875
"CPU:Intel(R) Xeon(R) Gold 6126,Memory:191889MiB,Cores:48",dnaseq-1,fastqc,OnlineP,Realtime,1299.3983907699585,175.17609630398155,219.0,0.2001091492968879
"CPU:Intel(R) Xeon(R) Gold 6126,Memory:191889MiB,Cores:48",dnaseq-1,fastqc,OnlineP,Realtime,298.1696586608887,540.5176653828803,78.0,5.929713658754876
"CPU:Intel(R) Xeon(R) Gold 6126,Memory:191889MiB,Cores:48",dnaseq-1,fastqc,OnlineP,Realtime,846.3378324508667,130.3957808847333,138.0,0.05510303706714991
"CPU:Intel(R) Xeon(R) Gold 6126,Memory:191889MiB,Cores:48",dnaseq-1,fastqc,OnlineP,Realtime,415.2684383392334,752.7926476704242,73.0,9.312228050279783
"CPU:Intel(R) Xeon(R) Gold 6126,Memory:191889MiB,Cores:48",dnaseq-1,fastqc,OnlineP,Realtime,846.3378324508667,130.3957808847333,132.0,0.012153175115656722
"CPU:Intel(R) Xeon(R) Gold 6126,Memory:191889MiB,Cores:48",dnaseq-1,fastqc,OnlineP,Realtime,3247.4302740097046,344.34276014870096,581.0,0.40732743520017045
"CPU:Intel(R) Xeon(R) Gold 6126,Memory:191889MiB,Cores:48",dnaseq-1,fastqc,OnlineP,Realtime,397.61913776397705,720.798249630656,101.0,6.136616332976792
"CPU:Intel(R) Xeon(R) Gold 6126,Memory:191889MiB,Cores:48",dnaseq-1,fastqc,OnlineP,Realtime,198.34341430664062,359.5540865109405,70.0,4.136486950156293
"CPU:Intel(R) Xeon(R) Gold 6126,Memory:191889MiB,Cores:48",dnaseq-1,fastqc,OnlineP,Realtime,311.80230712890625,565.2307342981144,171.0,2.3054428906322477
"CPU:Intel(R) Xeon(R) Gold 6126,Memory:191889MiB,Cores:48",dnaseq-1,fastqc,OnlineP,Realtime,721.4454488754272,111.15353593425664,106.0,0.048618263530723
"CPU:Intel(R) Xeon(R) Gold 6126,Memory:191889MiB,Cores:48",dnaseq-1,fastqc,Naive,Realtime,883.0247402191162,360.37898091587505,115.0,2.133730268833696
"CPU:Intel(R) Xeon(R) Gold 6126,Memory:191889MiB,Cores:48",dnaseq-1,fastqc,Naive,Realtime,198.34341430664062,80.9476725436542,68.0,0.1904069491713854
"CPU:Intel(R) Xeon(R) Gold 6126,Memory:191889MiB,Cores:48",dnaseq-1,fastqc,Naive,Realtime,99.30306816101074,40.52744716620795,52.0,0.22062601603446252
"CPU:Intel(R) Xeon(R) Gold 6126,Memory:191889MiB,Cores:48",dnaseq-1,fastqc,Naive,Realtime,1559.6764736175537,636.5332617762045,251.0,1.5359890907418507
"CPU:Intel(R) Xeon(R) Gold 6126,Memory:191889MiB,Cores:48",dnaseq-1,fastqc,Naive,Realtime,721.4454488754272,294.4354374347506,103.0,1.858596479949035
"CPU:Intel(R) Xeon(R) Gold 6126,Memory:191889MiB,Cores:48",dnaseq-1,fastqc,Naive,Realtime,752.9015731811523,307.2732725536708,223.0,0.37790705181018286
"CPU:Intel(R) Xeon(R) Gold 6126,Memory:191889MiB,Cores:48",dnaseq-1,fastqc,Naive,Realtime,311.80230712890625,127.25237762019087,79.0,0.6107895901289984
"CPU:Intel(R) Xeon(R) Gold 6126,Memory:191889MiB,Cores:48",dnaseq-1,fastqc,Naive,Realtime,397.61913776397705,162.27583796176958,105.0,0.5454841710644722
"CPU:Intel(R) Xeon(R) Gold 6126,Memory:191889MiB,Cores:48",dnaseq-1,fastqc,Naive,Realtime,2343.807553291321,956.5518824630675,414.0,1.310511793389052
"CPU:Intel(R) Xeon(R) Gold 6126,Memory:191889MiB,Cores:48",dnaseq-1,fastqc,Naive,Realtime,198.34341430664062,80.9476725436542,58.0,0.3956495266147277
"CPU:Intel(R) Xeon(R) Gold 6126,Memory:191889MiB,Cores:48",dnaseq-1,fastqc,Naive,Realtime,1299.3983907699585,530.3088877817924,230.0,1.3056908164425753
"CPU:Intel(R) Xeon(R) Gold 6126,Memory:191889MiB,Cores:48",dnaseq-1,fastqc,Naive,Realtime,1299.3983907699585,530.3088877817924,231.0,1.29570947091685
"CPU:Intel(R) Xeon(R) Gold 6126,Memory:191889MiB,Cores:48",dnaseq-1,fastqc,Naive,Realtime,99.30306816101074,40.52744716620795,53.0,0.23533118554324625
"CPU:Intel(R) Xeon(R) Gold 6126,Memory:191889MiB,Cores:48",dnaseq-1,fastqc,Naive,Realtime,1299.3983907699585,530.3088877817924,219.0,1.4215017706931157
"CPU:Intel(R) Xeon(R) Gold 6126,Memory:191889MiB,Cores:48",dnaseq-1,fastqc,Naive,Realtime,298.1696586608887,121.68863774029867,78.0,0.5601107402602394
"CPU:Intel(R) Xeon(R) Gold 6126,Memory:191889MiB,Cores:48",dnaseq-1,fastqc,Naive,Realtime,846.3378324508667,345.40636482451197,138.0,1.502944672641391
"CPU:Intel(R) Xeon(R) Gold 6126,Memory:191889MiB,Cores:48",dnaseq-1,fastqc,Naive,Realtime,415.2684383392334,169.4788490049376,73.0,1.3216280685607888
"CPU:Intel(R) Xeon(R) Gold 6126,Memory:191889MiB,Cores:48",dnaseq-1,fastqc,Naive,Realtime,846.3378324508667,345.40636482451197,132.0,1.6167148850341815
"CPU:Intel(R) Xeon(R) Gold 6126,Memory:191889MiB,Cores:48",dnaseq-1,fastqc,Naive,Realtime,3247.4302740097046,1325.3372860794086,581.0,1.281131301341495
"CPU:Intel(R) Xeon(R) Gold 6126,Memory:191889MiB,Cores:48",dnaseq-1,fastqc,Naive,Realtime,397.61913776397705,162.27583796176958,101.0,0.6066914649680156
"CPU:Intel(R) Xeon(R) Gold 6126,Memory:191889MiB,Cores:48",dnaseq-1,fastqc,Naive,Realtime,198.34341430664062,80.9476725436542,70.0,0.15639532205220297
"CPU:Intel(R) Xeon(R) Gold 6126,Memory:191889MiB,Cores:48",dnaseq-1,fastqc,Naive,Realtime,311.80230712890625,127.25237762019087,171.0,0.2558340490047318
"CPU:Intel(R) Xeon(R) Gold 6126,Memory:191889MiB,Cores:48",dnaseq-1,fastqc,Naive,Realtime,721.4454488754272,294.4354374347506,106.0,1.7776928059882133
"CPU:Intel(R) Xeon(R) Gold 6126,Memory:191889MiB,Cores:48",dnaseq-1,fastqc,Perfect,Realtime,883.0247402191162,115.0,115.0,0.0
"CPU:Intel(R) Xeon(R) Gold 6126,Memory:191889MiB,Cores:48",dnaseq-1,fastqc,Perfect,Realtime,198.34341430664062,68.0,68.0,0.0
"CPU:Intel(R) Xeon(R) Gold 6126,Memory:191889MiB,Cores:48",dnaseq-1,fastqc,Perfect,Realtime,99.30306816101074,52.0,52.0,0.0
"CPU:Intel(R) Xeon(R) Gold 6126,Memory:191889MiB,Cores:48",dnaseq-1,fastqc,Perfect,Realtime,1559.6764736175537,251.0,251.0,0.0
"CPU:Intel(R) Xeon(R) Gold 6126,Memory:191889MiB,Cores:48",dnaseq-1,fastqc,Perfect,Realtime,721.4454488754272,103.0,103.0,0.0
"CPU:Intel(R) Xeon(R) Gold 6126,Memory:191889MiB,Cores:48",dnaseq-1,fastqc,Perfect,Realtime,752.9015731811523,223.0,223.0,0.0
"CPU:Intel(R) Xeon(R) Gold 6126,Memory:191889MiB,Cores:48",dnaseq-1,fastqc,Perfect,Realtime,311.80230712890625,79.0,79.0,0.0
"CPU:Intel(R) Xeon(R) Gold 6126,Memory:191889MiB,Cores:48",dnaseq-1,fastqc,Perfect,Realtime,397.61913776397705,105.0,105.0,0.0
"CPU:Intel(R) Xeon(R) Gold 6126,Memory:191889MiB,Cores:48",dnaseq-1,fastqc,Perfect,Realtime,2343.807553291321,414.0,414.0,0.0
"CPU:Intel(R) Xeon(R) Gold 6126,Memory:191889MiB,Cores:48",dnaseq-1,fastqc,Perfect,Realtime,198.34341430664062,58.0,58.0,0.0
"CPU:Intel(R) Xeon(R) Gold 6126,Memory:191889MiB,Cores:48",dnaseq-1,fastqc,Perfect,Realtime,1299.3983907699585,230.0,230.0,0.0
"CPU:Intel(R) Xeon(R) Gold 6126,Memory:191889MiB,Cores:48",dnaseq-1,fastqc,Perfect,Realtime,1299.3983907699585,231.0,231.0,0.0
"CPU:Intel(R) Xeon(R) Gold 6126,Memory:191889MiB,Cores:48",dnaseq-1,fastqc,Perfect,Realtime,99.30306816101074,53.0,53.0,0.0
"CPU:Intel(R) Xeon(R) Gold 6126,Memory:191889MiB,Cores:48",dnaseq-1,fastqc,Perfect,Realtime,1299.3983907699585,219.0,219.0,0.0
"CPU:Intel(R) Xeon(R) Gold 6126,Memory:191889MiB,Cores:48",dnaseq-1,fastqc,Perfect,Realtime,298.1696586608887,78.0,78.0,0.0
"CPU:Intel(R) Xeon(R) Gold 6126,Memory:191889MiB,Cores:48",dnaseq-1,fastqc,Perfect,Realtime,846.3378324508667,138.0,138.0,0.0
"CPU:Intel(R) Xeon(R) Gold 6126,Memory:191889MiB,Cores:48",dnaseq-1,fastqc,Perfect,Realtime,415.2684383392334,73.0,73.0,0.0
"CPU:Intel(R) Xeon(R) Gold 6126,Memory:191889MiB,Cores:48",dnaseq-1,fastqc,Perfect,Realtime,846.3378324508667,132.0,132.0,0.0
"CPU:Intel(R) Xeon(R) Gold 6126,Memory:191889MiB,Cores:48",dnaseq-1,fastqc,Perfect,Realtime,3247.4302740097046,581.0,581.0,0.0
"CPU:Intel(R) Xeon(R) Gold 6126,Memory:191889MiB,Cores:48",dnaseq-1,fastqc,Perfect,Realtime,397.61913776397705,101.0,101.0,0.0
"CPU:Intel(R) Xeon(R) Gold 6126,Memory:191889MiB,Cores:48",dnaseq-1,fastqc,Perfect,Realtime,198.34341430664062,70.0,70.0,0.0
"CPU:Intel(R) Xeon(R) Gold 6126,Memory:191889MiB,Cores:48",dnaseq-1,fastqc,Perfect,Realtime,311.80230712890625,171.0,171.0,0.0
"CPU:Intel(R) Xeon(R) Gold 6126,Memory:191889MiB,Cores:48",dnaseq-1,fastqc,Perfect,Realtime,721.4454488754272,106.0,106.0,0.0
"CPU:Intel(R) Xeon(R) Gold 6126,Memory:191889MiB,Cores:48",dnaseq-1,gatk-apply-bqsr,Lotaru-G,Realtime,6639.323947906494,2396.124337244262,2447.0,0.02079103504525467
"CPU:Intel(R) Xeon(R) Gold 6126,Memory:191889MiB,Cores:48",dnaseq-1,gatk-apply-bqsr,Lotaru-G,Realtime,4590.344056129456,1761.3969916610251,1161.0,0.5171378050482559
"CPU:Intel(R) Xeon(R) Gold 6126,Memory:191889MiB,Cores:48",dnaseq-1,gatk-apply-bqsr,Lotaru-G,Realtime,203.0108642578125,402.3010033393689,122.0,2.297549207699745
"CPU:Intel(R) Xeon(R) Gold 6126,Memory:191889MiB,Cores:48",dnaseq-1,gatk-apply-bqsr,Lotaru-G,Realtime,3055.7511615753174,1286.0150328529908,756.0,0.7010780857843794
"CPU:Intel(R) Xeon(R) Gold 6126,Memory:191889MiB,Cores:48",dnaseq-1,gatk-apply-bqsr,Lotaru-G,Realtime,203.0108642578125,402.3010033393689,219.0,0.8369908828281685
"CPU:Intel(R) Xeon(R) Gold 6126,Memory:191889MiB,Cores:48",dnaseq-1,gatk-apply-bqsr,Lotaru-G,Realtime,1729.362572669983,875.1300302102276,565.0,0.548902708336686
"CPU:Intel(R) Xeon(R) Gold 6126,Memory:191889MiB,Cores:48",dnaseq-1,gatk-apply-bqsr,Lotaru-G,Realtime,405.5044136047363,465.0288971515581,207.0,1.246516411360184
"CPU:Intel(R) Xeon(R) Gold 6126,Memory:191889MiB,Cores:48",dnaseq-1,gatk-apply-bqsr,Lotaru-G,Realtime,405.5044136047363,465.0288971515581,153.0,2.0394045565461316
"CPU:Intel(R) Xeon(R) Gold 6126,Memory:191889MiB,Cores:48",dnaseq-1,gatk-apply-bqsr,Lotaru-G,Realtime,609.9719657897949,528.3682921242279,208.0,1.5402321736741724
"CPU:Intel(R) Xeon(R) Gold 6126,Memory:191889MiB,Cores:48",dnaseq-1,gatk-apply-bqsr,Lotaru-G,Realtime,5613.892818450928,2078.4691072003657,1398.0,0.4867447118743674
"CPU:Intel(R) Xeon(R) Gold 6126,Memory:191889MiB,Cores:48",dnaseq-1,gatk-apply-bqsr,Lotaru-G,Realtime,3565.6447715759277,1443.9684705145248,1517.0,0.04814207612753802
"CPU:Intel(R) Xeon(R) Gold 6126,Memory:191889MiB,Cores:48",dnaseq-1,gatk-apply-bqsr,Lotaru-G,Realtime,405.5044136047363,465.0288971515581,190.0,1.44752051132399
"CPU:Intel(R) Xeon(R) Gold 6126,Memory:191889MiB,Cores:48",dnaseq-1,gatk-apply-bqsr,Lotaru-G,Realtime,1729.362572669983,875.1300302102276,828.0,0.05692032634085456
"CPU:Intel(R) Xeon(R) Gold 6126,Memory:191889MiB,Cores:48",dnaseq-1,gatk-apply-bqsr,Lotaru-A,Realtime,6639.323947906494,2964.7851646329277,2447.0,0.21159998554676246
"CPU:Intel(R) Xeon(R) Gold 6126,Memory:191889MiB,Cores:48",dnaseq-1,gatk-apply-bqsr,Lotaru-A,Realtime,4590.344056129456,2179.420987773777,1161.0,0.8771929265924007
"CPU:Intel(R) Xeon(R) Gold 6126,Memory:191889MiB,Cores:48",dnaseq-1,gatk-apply-bqsr,Lotaru-A,Realtime,203.0108642578125,497.77719289360687,122.0,3.0801409253574334
"CPU:Intel(R) Xeon(R) Gold 6126,Memory:191889MiB,Cores:48",dnaseq-1,gatk-apply-bqsr,Lotaru-A,Realtime,3055.7511615753174,1591.2188827740288,756.0,1.1047868819762285
"CPU:Intel(R) Xeon(R) Gold 6126,Memory:191889MiB,Cores:48",dnaseq-1,gatk-apply-bqsr,Lotaru-A,Realtime,203.0108642578125,497.77719289360687,219.0,1.2729552186922688
"CPU:Intel(R) Xeon(R) Gold 6126,Memory:191889MiB,Cores:48",dnaseq-1,gatk-apply-bqsr,Lotaru-A,Realtime,1729.362572669983,1082.8204907246252,565.0,0.9164964437603985
"CPU:Intel(R) Xeon(R) Gold 6126,Memory:191889MiB,Cores:48",dnaseq-1,gatk-apply-bqsr,Lotaru-A,Realtime,405.5044136047363,575.3920003108774,207.0,1.7796714990863642
"CPU:Intel(R) Xeon(R) Gold 6126,Memory:191889MiB,Cores:48",dnaseq-1,gatk-apply-bqsr,Lotaru-A,Realtime,405.5044136047363,575.3920003108774,153.0,2.7607320281756693
"CPU:Intel(R) Xeon(R) Gold 6126,Memory:191889MiB,Cores:48",dnaseq-1,gatk-apply-bqsr,Lotaru-A,Realtime,609.9719657897949,653.7634335595242,208.0,2.1430934305746354
"CPU:Intel(R) Xeon(R) Gold 6126,Memory:191889MiB,Cores:48",dnaseq-1,gatk-apply-bqsr,Lotaru-A,Realtime,5613.892818450928,2571.7423250508527,1398.0,0.8395867847287931
"CPU:Intel(R) Xeon(R) Gold 6126,Memory:191889MiB,Cores:48",dnaseq-1,gatk-apply-bqsr,Lotaru-A,Realtime,3565.6447715759277,1786.6586608367436,1517.0,0.1777578515733313
"CPU:Intel(R) Xeon(R) Gold 6126,Memory:191889MiB,Cores:48",dnaseq-1,gatk-apply-bqsr,Lotaru-A,Realtime,405.5044136047363,575.3920003108774,190.0,2.028378949004618
"CPU:Intel(R) Xeon(R) Gold 6126,Memory:191889MiB,Cores:48",dnaseq-1,gatk-apply-bqsr,Lotaru-A,Realtime,1729.362572669983,1082.8204907246252,828.0,0.3077542158509966
"CPU:Intel(R) Xeon(R) Gold 6126,Memory:191889MiB,Cores:48",dnaseq-1,gatk-apply-bqsr,OnlineP,Realtime,6639.323947906494,2225.1212967133656,2447.0,0.09067376513552693
"CPU:Intel(R) Xeon(R) Gold 6126,Memory:191889MiB,Cores:48",dnaseq-1,gatk-apply-bqsr,OnlineP,Realtime,4590.344056129456,1538.420537795261,1161.0,0.32508228922933763
"CPU:Intel(R) Xeon(R) Gold 6126,Memory:191889MiB,Cores:48",dnaseq-1,gatk-apply-bqsr,OnlineP,Realtime,203.0108642578125,173.72133948245178,122.0,0.42394540559386706
"CPU:Intel(R) Xeon(R) Gold 6126,Memory:191889MiB,Cores:48",dnaseq-1,gatk-apply-bqsr,OnlineP,Realtime,3055.7511615753174,1024.1128525174358,756.0,0.35464663031406857
"CPU:Intel(R) Xeon(R) Gold 6126,Memory:191889MiB,Cores:48",dnaseq-1,gatk-apply-bqsr,OnlineP,Realtime,203.0108642578125,173.72133948245178,219.0,0.2067518745093526
"CPU:Intel(R) Xeon(R) Gold 6126,Memory:191889MiB,Cores:48",dnaseq-1,gatk-apply-bqsr,OnlineP,Realtime,1729.362572669983,1174.0,565.0,1.0778761061946902
"CPU:Intel(R) Xeon(R) Gold 6126,Memory:191889MiB,Cores:48",dnaseq-1,gatk-apply-bqsr,OnlineP,Realtime,405.5044136047363,347.0,207.0,0.6763285024154589
"CPU:Intel(R) Xeon(R) Gold 6126,Memory:191889MiB,Cores:48",dnaseq-1,gatk-apply-bqsr,OnlineP,Realtime,405.5044136047363,347.0,153.0,1.2679738562091503
"CPU:Intel(R) Xeon(R) Gold 6126,Memory:191889MiB,Cores:48",dnaseq-1,gatk-apply-bqsr,OnlineP,Realtime,609.9719657897949,521.9678628094385,208.0,1.5094608788915314
"CPU:Intel(R) Xeon(R) Gold 6126,Memory:191889MiB,Cores:48",dnaseq-1,gatk-apply-bqsr,OnlineP,Realtime,5613.892818450928,1881.4554864038855,1398.0,0.3458193751100755
"CPU:Intel(R) Xeon(R) Gold 6126,Memory:191889MiB,Cores:48",dnaseq-1,gatk-apply-bqsr,OnlineP,Realtime,3565.6447715759277,1195.0,1517.0,0.2122610415293342
"CPU:Intel(R) Xeon(R) Gold 6126,Memory:191889MiB,Cores:48",dnaseq-1,gatk-apply-bqsr,OnlineP,Realtime,405.5044136047363,347.0,190.0,0.8263157894736842
"CPU:Intel(R) Xeon(R) Gold 6126,Memory:191889MiB,Cores:48",dnaseq-1,gatk-apply-bqsr,OnlineP,Realtime,1729.362572669983,1174.0,828.0,0.4178743961352657
"CPU:Intel(R) Xeon(R) Gold 6126,Memory:191889MiB,Cores:48",dnaseq-1,gatk-apply-bqsr,Naive,Realtime,6639.323947906494,3707.4273011369005,2447.0,0.5150908463984064
"CPU:Intel(R) Xeon(R) Gold 6126,Memory:191889MiB,Cores:48",dnaseq-1,gatk-apply-bqsr,Naive,Realtime,4590.344056129456,2563.2680388598988,1161.0,1.2078105416536595
"CPU:Intel(R) Xeon(R) Gold 6126,Memory:191889MiB,Cores:48",dnaseq-1,gatk-apply-bqsr,Naive,Realtime,203.0108642578125,113.36214748402747,122.0,0.0708020698030535
"CPU:Intel(R) Xeon(R) Gold 6126,Memory:191889MiB,Cores:48",dnaseq-1,gatk-apply-bqsr,Naive,Realtime,3055.7511615753174,1706.3447078037773,756.0,1.2570697193171658
"CPU:Intel(R) Xeon(R) Gold 6126,Memory:191889MiB,Cores:48",dnaseq-1,gatk-apply-bqsr,Naive,Realtime,203.0108642578125,113.36214748402747,219.0,0.48236462336060515
"CPU:Intel(R) Xeon(R) Gold 6126,Memory:191889MiB,Cores:48",dnaseq-1,gatk-apply-bqsr,Naive,Realtime,1729.362572669983,965.6835644392237,565.0,0.7091744503349092
"CPU:Intel(R) Xeon(R) Gold 6126,Memory:191889MiB,Cores:48",dnaseq-1,gatk-apply-bqsr,Naive,Realtime,405.5044136047363,226.4354240771386,207.0,0.0938909375707179
"CPU:Intel(R) Xeon(R) Gold 6126,Memory:191889MiB,Cores:48",dnaseq-1,gatk-apply-bqsr,Naive,Realtime,405.5044136047363,226.4354240771386,153.0,0.4799700920074419
"CPU:Intel(R) Xeon(R) Gold 6126,Memory:191889MiB,Cores:48",dnaseq-1,gatk-apply-bqsr,Naive,Realtime,609.9719657897949,340.6109924204407,208.0,0.6375528481751958
"CPU:Intel(R) Xeon(R) Gold 6126,Memory:191889MiB,Cores:48",dnaseq-1,gatk-apply-bqsr,Naive,Realtime,5613.892818450928,3134.8221090106804,1398.0,1.24236202361279
"CPU:Intel(R) Xeon(R) Gold 6126,Memory:191889MiB,Cores:48",dnaseq-1,gatk-apply-bqsr,Naive,Realtime,3565.6447715759277,1991.071512102518,1517.0,0.31250594073995913
"CPU:Intel(R) Xeon(R) Gold 6126,Memory:191889MiB,Cores:48",dnaseq-1,gatk-apply-bqsr,Naive,Realtime,405.5044136047363,226.4354240771386,190.0,0.19176538987967687
"CPU:Intel(R) Xeon(R) Gold 6126,Memory:191889MiB,Cores:48",dnaseq-1,gatk-apply-bqsr,Naive,Realtime,1729.362572669983,965.6835644392237,828.0,0.16628449811500445
"CPU:Intel(R) Xeon(R) Gold 6126,Memory:191889MiB,Cores:48",dnaseq-1,gatk-apply-bqsr,Perfect,Realtime,6639.323947906494,2447.0,2447.0,0.0
"CPU:Intel(R) Xeon(R) Gold 6126,Memory:191889MiB,Cores:48",dnaseq-1,gatk-apply-bqsr,Perfect,Realtime,4590.344056129456,1161.0,1161.0,0.0
"CPU:Intel(R) Xeon(R) Gold 6126,Memory:191889MiB,Cores:48",dnaseq-1,gatk-apply-bqsr,Perfect,Realtime,203.0108642578125,122.0,122.0,0.0
"CPU:Intel(R) Xeon(R) Gold 6126,Memory:191889MiB,Cores:48",dnaseq-1,gatk-apply-bqsr,Perfect,Realtime,3055.7511615753174,756.0,756.0,0.0
"CPU:Intel(R) Xeon(R) Gold 6126,Memory:191889MiB,Cores:48",dnaseq-1,gatk-apply-bqsr,Perfect,Realtime,203.0108642578125,219.0,219.0,0.0
"CPU:Intel(R) Xeon(R) Gold 6126,Memory:191889MiB,Cores:48",dnaseq-1,gatk-apply-bqsr,Perfect,Realtime,1729.362572669983,565.0,565.0,0.0
"CPU:Intel(R) Xeon(R) Gold 6126,Memory:191889MiB,Cores:48",dnaseq-1,gatk-apply-bqsr,Perfect,Realtime,405.5044136047363,207.0,207.0,0.0
"CPU:Intel(R) Xeon(R) Gold 6126,Memory:191889MiB,Cores:48",dnaseq-1,gatk-apply-bqsr,Perfect,Realtime,405.5044136047363,153.0,153.0,0.0
"CPU:Intel(R) Xeon(R) Gold 6126,Memory:191889MiB,Cores:48",dnaseq-1,gatk-apply-bqsr,Perfect,Realtime,609.9719657897949,208.0,208.0,0.0
"CPU:Intel(R) Xeon(R) Gold 6126,Memory:191889MiB,Cores:48",dnaseq-1,gatk-apply-bqsr,Perfect,Realtime,5613.892818450928,1398.0,1398.0,0.0
"CPU:Intel(R) Xeon(R) Gold 6126,Memory:191889MiB,Cores:48",dnaseq-1,gatk-apply-bqsr,Perfect,Realtime,3565.6447715759277,1517.0,1517.0,0.0
"CPU:Intel(R) Xeon(R) Gold 6126,Memory:191889MiB,Cores:48",dnaseq-1,gatk-apply-bqsr,Perfect,Realtime,405.5044136047363,190.0,190.0,0.0
"CPU:Intel(R) Xeon(R) Gold 6126,Memory:191889MiB,Cores:48",dnaseq-1,gatk-apply-bqsr,Perfect,Realtime,1729.362572669983,828.0,828.0,0.0
"CPU:Intel(R) Xeon(R) Gold 6126,Memory:191889MiB,Cores:48",dnaseq-1,gatk-base-recalibrator,Lotaru-G,Realtime,3565.6447715759277,2897.60026755621,3092.0,0.06287184102321801
"CPU:Intel(R) Xeon(R) Gold 6126,Memory:191889MiB,Cores:48",dnaseq-1,gatk-base-recalibrator,Lotaru-G,Realtime,1729.362572669983,2040.5738409153628,2013.0,0.013697884210314346
"CPU:Intel(R) Xeon(R) Gold 6126,Memory:191889MiB,Cores:48",dnaseq-1,gatk-base-recalibrator,Lotaru-G,Realtime,6639.323947906494,4332.142454318374,4011.0,0.08006543363709147
"CPU:Intel(R) Xeon(R) Gold 6126,Memory:191889MiB,Cores:48",dnaseq-1,gatk-base-recalibrator,Lotaru-G,Realtime,405.5044136047363,1422.705068828479,1225.0,0.16139189292120731
"CPU:Intel(R) Xeon(R) Gold 6126,Memory:191889MiB,Cores:48",dnaseq-1,gatk-base-recalibrator,Lotaru-G,Realtime,5613.892818450928,3853.5550252362896,3652.0,0.055190313591536026
"CPU:Intel(R) Xeon(R) Gold 6126,Memory:191889MiB,Cores:48",dnaseq-1,gatk-base-recalibrator,Lotaru-G,Realtime,5613.892818450928,3853.5550252362896,3857.0,0.0008931746859503328
"CPU:Intel(R) Xeon(R) Gold 6126,Memory:191889MiB,Cores:48",dnaseq-1,gatk-base-recalibrator,Lotaru-G,Realtime,4590.344056129456,3375.8461312614563,3281.0,0.02890769011321436
"CPU:Intel(R) Xeon(R) Gold 6126,Memory:191889MiB,Cores:48",dnaseq-1,gatk-base-recalibrator,Lotaru-G,Realtime,1729.362572669983,2040.5738409153628,2100.0,0.02829817099268439
"CPU:Intel(R) Xeon(R) Gold 6126,Memory:191889MiB,Cores:48",dnaseq-1,gatk-base-recalibrator,Lotaru-G,Realtime,203.0108642578125,1328.1976324888942,1127.0,0.17852496227940923
"CPU:Intel(R) Xeon(R) Gold 6126,Memory:191889MiB,Cores:48",dnaseq-1,gatk-base-recalibrator,Lotaru-G,Realtime,203.0108642578125,1328.1976324888942,888.0,0.4957180546046106
"CPU:Intel(R) Xeon(R) Gold 6126,Memory:191889MiB,Cores:48",dnaseq-1,gatk-base-recalibrator,Lotaru-G,Realtime,812.8875761032104,1612.838228229431,1496.0,0.07810041993945924
"CPU:Intel(R) Xeon(R) Gold 6126,Memory:191889MiB,Cores:48",dnaseq-1,gatk-base-recalibrator,Lotaru-G,Realtime,5102.182312011719,3614.73038974755,4176.0,0.1344036423018319
"CPU:Intel(R) Xeon(R) Gold 6126,Memory:191889MiB,Cores:48",dnaseq-1,gatk-base-recalibrator,Lotaru-G,Realtime,1729.362572669983,2040.5738409153628,2343.0,0.12907646567846232
"CPU:Intel(R) Xeon(R) Gold 6126,Memory:191889MiB,Cores:48",dnaseq-1,gatk-base-recalibrator,Lotaru-G,Realtime,812.8875761032104,1612.838228229431,1565.0,0.03056755797407733
"CPU:Intel(R) Xeon(R) Gold 6126,Memory:191889MiB,Cores:48",dnaseq-1,gatk-base-recalibrator,Lotaru-G,Realtime,1729.362572669983,2040.5738409153628,3409.0,0.40141571108378915
"CPU:Intel(R) Xeon(R) Gold 6126,Memory:191889MiB,Cores:48",dnaseq-1,gatk-base-recalibrator,Lotaru-G,Realtime,203.0108642578125,1328.1976324888942,2391.0,0.44450119929364523
"CPU:Intel(R) Xeon(R) Gold 6126,Memory:191889MiB,Cores:48",dnaseq-1,gatk-base-recalibrator,Lotaru-G,Realtime,609.9719657897949,1518.1338083313537,1428.0,0.06311891339730655
"CPU:Intel(R) Xeon(R) Gold 6126,Memory:191889MiB,Cores:48",dnaseq-1,gatk-base-recalibrator,Lotaru-G,Realtime,405.5044136047363,1422.705068828479,1385.0,0.02722387641045411
"CPU:Intel(R) Xeon(R) Gold 6126,Memory:191889MiB,Cores:48",dnaseq-1,gatk-base-recalibrator,Lotaru-G,Realtime,5613.892818450928,3853.5550252362896,4069.0,0.05294789254453439
"CPU:Intel(R) Xeon(R) Gold 6126,Memory:191889MiB,Cores:48",dnaseq-1,gatk-base-recalibrator,Lotaru-G,Realtime,5102.182312011719,3614.73038974755,4767.0,0.241717979914506
"CPU:Intel(R) Xeon(R) Gold 6126,Memory:191889MiB,Cores:48",dnaseq-1,gatk-base-recalibrator,Lotaru-A,Realtime,3565.6447715759277,1782.8992185989812,3092.0,0.42338317639101514
"CPU:Intel(R) Xeon(R) Gold 6126,Memory:191889MiB,Cores:48",dnaseq-1,gatk-base-recalibrator,Lotaru-A,Realtime,1729.362572669983,1255.5691505129068,2013.0,0.3762696718763503
"CPU:Intel(R) Xeon(R) Gold 6126,Memory:191889MiB,Cores:48",dnaseq-1,gatk-base-recalibrator,Lotaru-A,Realtime,6639.323947906494,2665.575884688128,4011.0,0.3354335864651887
"CPU:Intel(R) Xeon(R) Gold 6126,Memory:191889MiB,Cores:48",dnaseq-1,gatk-base-recalibrator,Lotaru-A,Realtime,405.5044136047363,875.3932638370379,1225.0,0.2853932540105813
"CPU:Intel(R) Xeon(R) Gold 6126,Memory:191889MiB,Cores:48",dnaseq-1,gatk-base-recalibrator,Lotaru-A,Realtime,5613.892818450928,2371.100085905372,3652.0,0.35073929739721466
"CPU:Intel(R) Xeon(R) Gold 6126,Memory:191889MiB,Cores:48",dnaseq-1,gatk-base-recalibrator,Lotaru-A,Realtime,5613.892818450928,2371.100085905372,3857.0,0.38524757949044025
"CPU:Intel(R) Xeon(R) Gold 6126,Memory:191889MiB,Cores:48",dnaseq-1,gatk-base-recalibrator,Lotaru-A,Realtime,4590.344056129456,2077.164851524741,3281.0,0.3669110479961167
"CPU:Intel(R) Xeon(R) Gold 6126,Memory:191889MiB,Cores:48",dnaseq-1,gatk-base-recalibrator,Lotaru-A,Realtime,1729.362572669983,1255.5691505129068,2100.0,0.4021099283271872
"CPU:Intel(R) Xeon(R) Gold 6126,Memory:191889MiB,Cores:48",dnaseq-1,gatk-base-recalibrator,Lotaru-A,Realtime,203.0108642578125,817.2426499348152,1127.0,0.2748512422938641
"CPU:Intel(R) Xeon(R) Gold 6126,Memory:191889MiB,Cores:48",dnaseq-1,gatk-base-recalibrator,Lotaru-A,Realtime,203.0108642578125,817.2426499348152,888.0,0.07968170052385679
"CPU:Intel(R) Xeon(R) Gold 6126,Memory:191889MiB,Cores:48",dnaseq-1,gatk-base-recalibrator,Lotaru-A,Realtime,812.8875761032104,992.3825756897769,1496.0,0.33664266330897263
"CPU:Intel(R) Xeon(R) Gold 6126,Memory:191889MiB,Cores:48",dnaseq-1,gatk-base-recalibrator,Lotaru-A,Realtime,5102.182312011719,2224.1508117895974,4176.0,0.46739683625728035
"CPU:Intel(R) Xeon(R) Gold 6126,Memory:191889MiB,Cores:48",dnaseq-1,gatk-base-recalibrator,Lotaru-A,Realtime,1729.362572669983,1255.5691505129068,2343.0,0.46411901386559673
"CPU:Intel(R) Xeon(R) Gold 6126,Memory:191889MiB,Cores:48",dnaseq-1,gatk-base-recalibrator,Lotaru-A,Realtime,812.8875761032104,992.3825756897769,1565.0,0.3658897279937528
"CPU:Intel(R) Xeon(R) Gold 6126,Memory:191889MiB,Cores:48",dnaseq-1,gatk-base-recalibrator,Lotaru-A,Realtime,1729.362572669983,1255.5691505129068,3409.0,0.6316898942467272
"CPU:Intel(R) Xeon(R) Gold 6126,Memory:191889MiB,Cores:48",dnaseq-1,gatk-base-recalibrator,Lotaru-A,Realtime,203.0108642578125,817.2426499348152,2391.0,0.6582004809975679
"CPU:Intel(R) Xeon(R) Gold 6126,Memory:191889MiB,Cores:48",dnaseq-1,gatk-base-recalibrator,Lotaru-A,Realtime,609.9719657897949,934.1107574114897,1428.0,0.34586081413761227
"CPU:Intel(R) Xeon(R) Gold 6126,Memory:191889MiB,Cores:48",dnaseq-1,gatk-base-recalibrator,Lotaru-A,Realtime,405.5044136047363,875.3932638370379,1385.0,0.3679471019227163
"CPU:Intel(R) Xeon(R) Gold 6126,Memory:191889MiB,Cores:48",dnaseq-1,gatk-base-recalibrator,Lotaru-A,Realtime,5613.892818450928,2371.100085905372,4069.0,0.4172769511168906
"CPU:Intel(R) Xeon(R) Gold 6126,Memory:191889MiB,Cores:48",dnaseq-1,gatk-base-recalibrator,Lotaru-A,Realtime,5102.182312011719,2224.1508117895974,4767.0,0.5334275620328095
"CPU:Intel(R) Xeon(R) Gold 6126,Memory:191889MiB,Cores:48",dnaseq-1,gatk-base-recalibrator,OnlineP,Realtime,3565.6447715759277,4155.0,3092.0,0.34379042690815004
"CPU:Intel(R) Xeon(R) Gold 6126,Memory:191889MiB,Cores:48",dnaseq-1,gatk-base-recalibrator,OnlineP,Realtime,1729.362572669983,5365.017108147767,2013.0,1.6651848525324229
"CPU:Intel(R) Xeon(R) Gold 6126,Memory:191889MiB,Cores:48",dnaseq-1,gatk-base-recalibrator,OnlineP,Realtime,6639.323947906494,3581.9999999999995,4011.0,0.10695587135377722
"CPU:Intel(R) Xeon(R) Gold 6126,Memory:191889MiB,Cores:48",dnaseq-1,gatk-base-recalibrator,OnlineP,Realtime,405.5044136047363,1258.0,1225.0,0.026938775510204082
"CPU:Intel(R) Xeon(R) Gold 6126,Memory:191889MiB,Cores:48",dnaseq-1,gatk-base-recalibrator,OnlineP,Realtime,5613.892818450928,3732.530867492133,3652.0,0.022051168535633346
"CPU:Intel(R) Xeon(R) Gold 6126,Memory:191889MiB,Cores:48",dnaseq-1,gatk-base-recalibrator,OnlineP,Realtime,5613.892818450928,3732.530867492133,3857.0,0.032270970315754995
"CPU:Intel(R) Xeon(R) Gold 6126,Memory:191889MiB,Cores:48",dnaseq-1,gatk-base-recalibrator,OnlineP,Realtime,4590.344056129456,3052.0000000000005,3281.0,0.06979579396525436
"CPU:Intel(R) Xeon(R) Gold 6126,Memory:191889MiB,Cores:48",dnaseq-1,gatk-base-recalibrator,OnlineP,Realtime,1729.362572669983,5365.017108147767,2100.0,1.5547700514989369
"CPU:Intel(R) Xeon(R) Gold 6126,Memory:191889MiB,Cores:48",dnaseq-1,gatk-base-recalibrator,OnlineP,Realtime,203.0108642578125,918.0,1127.0,0.18544809228039041
"CPU:Intel(R) Xeon(R) Gold 6126,Memory:191889MiB,Cores:48",dnaseq-1,gatk-base-recalibrator,OnlineP,Realtime,203.0108642578125,918.0,888.0,0.033783783783783786
"CPU:Intel(R) Xeon(R) Gold 6126,Memory:191889MiB,Cores:48",dnaseq-1,gatk-base-recalibrator,OnlineP,Realtime,812.8875761032104,2521.82845963947,1496.0,0.6857142109889506
"CPU:Intel(R) Xeon(R) Gold 6126,Memory:191889MiB,Cores:48",dnaseq-1,gatk-base-recalibrator,OnlineP,Realtime,5102.182312011719,3392.307902381907,4176.0,0.1876657321882407
"CPU:Intel(R) Xeon(R) Gold 6126,Memory:191889MiB,Cores:48",dnaseq-1,gatk-base-recalibrator,OnlineP,Realtime,1729.362572669983,5365.017108147767,2343.0,1.2898067042884198
"CPU:Intel(R) Xeon(R) Gold 6126,Memory:191889MiB,Cores:48",dnaseq-1,gatk-base-recalibrator,OnlineP,Realtime,812.8875761032104,2521.82845963947,1565.0,0.6113919869900768
"CPU:Intel(R) Xeon(R) Gold 6126,Memory:191889MiB,Cores:48",dnaseq-1,gatk-base-recalibrator,OnlineP,Realtime,1729.362572669983,5365.017108147767,3409.0,0.5737803191985238
"CPU:Intel(R) Xeon(R) Gold 6126,Memory:191889MiB,Cores:48",dnaseq-1,gatk-base-recalibrator,OnlineP,Realtime,203.0108642578125,918.0,2391.0,0.616060225846926
"CPU:Intel(R) Xeon(R) Gold 6126,Memory:191889MiB,Cores:48",dnaseq-1,gatk-base-recalibrator,OnlineP,Realtime,609.9719657897949,1892.3215314532385,1428.0,0.32515513407089536
"CPU:Intel(R) Xeon(R) Gold 6126,Memory:191889MiB,Cores:48",dnaseq-1,gatk-base-recalibrator,OnlineP,Realtime,405.5044136047363,1258.0,1385.0,0.09169675090252707
"CPU:Intel(R) Xeon(R) Gold 6126,Memory:191889MiB,Cores:48",dnaseq-1,gatk-base-recalibrator,OnlineP,Realtime,5613.892818450928,3732.530867492133,4069.0,0.08269086569374957
"CPU:Intel(R) Xeon(R) Gold 6126,Memory:191889MiB,Cores:48",dnaseq-1,gatk-base-recalibrator,OnlineP,Realtime,5102.182312011719,3392.307902381907,4767.0,0.2883767773480372
"CPU:Intel(R) Xeon(R) Gold 6126,Memory:191889MiB,Cores:48",dnaseq-1,gatk-base-recalibrator,Naive,Realtime,3565.6447715759277,8409.764123728717,3092.0,1.7198460943495204
"CPU:Intel(R) Xeon(R) Gold 6126,Memory:191889MiB,Cores:48",dnaseq-1,gatk-base-recalibrator,Naive,Realtime,1729.362572669983,4078.794230007196,2013.0,1.0262266418316919
"CPU:Intel(R) Xeon(R) Gold 6126,Memory:191889MiB,Cores:48",dnaseq-1,gatk-base-recalibrator,Naive,Realtime,6639.323947906494,15659.201047736222,4011.0,2.904064085698385
"CPU:Intel(R) Xeon(R) Gold 6126,Memory:191889MiB,Cores:48",dnaseq-1,gatk-base-recalibrator,Naive,Realtime,405.5044136047363,956.4038730755391,1225.0,0.21926214442813136
"CPU:Intel(R) Xeon(R) Gold 6126,Memory:191889MiB,Cores:48",dnaseq-1,gatk-base-recalibrator,Naive,Realtime,5613.892818450928,13240.666820043481,3652.0,2.625593324217821
"CPU:Intel(R) Xeon(R) Gold 6126,Memory:191889MiB,Cores:48",dnaseq-1,gatk-base-recalibrator,Naive,Realtime,5613.892818450928,13240.666820043481,3857.0,2.432892616034089
"CPU:Intel(R) Xeon(R) Gold 6126,Memory:191889MiB,Cores:48",dnaseq-1,gatk-base-recalibrator,Naive,Realtime,4590.344056129456,10826.57225603182,3281.0,2.299778194462609
"CPU:Intel(R) Xeon(R) Gold 6126,Memory:191889MiB,Cores:48",dnaseq-1,gatk-base-recalibrator,Naive,Realtime,1729.362572669983,4078.794230007196,2100.0,0.9422829666700933
"CPU:Intel(R) Xeon(R) Gold 6126,Memory:191889MiB,Cores:48",dnaseq-1,gatk-base-recalibrator,Naive,Realtime,203.0108642578125,478.8119939967938,1127.0,0.5751446370924634
"CPU:Intel(R) Xeon(R) Gold 6126,Memory:191889MiB,Cores:48",dnaseq-1,gatk-base-recalibrator,Naive,Realtime,203.0108642578125,478.8119939967938,888.0,0.46079730405766467
"CPU:Intel(R) Xeon(R) Gold 6126,Memory:191889MiB,Cores:48",dnaseq-1,gatk-base-recalibrator,Naive,Realtime,812.8875761032104,1917.2388760185293,1496.0,0.28157678878243936
"CPU:Intel(R) Xeon(R) Gold 6126,Memory:191889MiB,Cores:48",dnaseq-1,gatk-base-recalibrator,Naive,Realtime,5102.182312011719,12033.77018998868,4176.0,1.8816499497099328
"CPU:Intel(R) Xeon(R) Gold 6126,Memory:191889MiB,Cores:48",dnaseq-1,gatk-base-recalibrator,Naive,Realtime,1729.362572669983,4078.794230007196,2343.0,0.7408426077708903
"CPU:Intel(R) Xeon(R) Gold 6126,Memory:191889MiB,Cores:48",dnaseq-1,gatk-base-recalibrator,Naive,Realtime,812.8875761032104,1917.2388760185293,1565.0,0.22507276422909217
"CPU:Intel(R) Xeon(R) Gold 6126,Memory:191889MiB,Cores:48",dnaseq-1,gatk-base-recalibrator,Naive,Realtime,1729.362572669983,4078.794230007196,3409.0,0.19647821355447226
"CPU:Intel(R) Xeon(R) Gold 6126,Memory:191889MiB,Cores:48",dnaseq-1,gatk-base-recalibrator,Naive,Realtime,203.0108642578125,478.8119939967938,2391.0,0.7997440426613159
"CPU:Intel(R) Xeon(R) Gold 6126,Memory:191889MiB,Cores:48",dnaseq-1,gatk-base-recalibrator,Naive,Realtime,609.9719657897949,1438.651543550169,1428.0,0.007459064110762591
"CPU:Intel(R) Xeon(R) Gold 6126,Memory:191889MiB,Cores:48",dnaseq-1,gatk-base-recalibrator,Naive,Realtime,405.5044136047363,956.4038730755391,1385.0,0.3094556873100801
"CPU:Intel(R) Xeon(R) Gold 6126,Memory:191889MiB,Cores:48",dnaseq-1,gatk-base-recalibrator,Naive,Realtime,5613.892818450928,13240.666820043481,4069.0,2.2540346080224825
"CPU:Intel(R) Xeon(R) Gold 6126,Memory:191889MiB,Cores:48",dnaseq-1,gatk-base-recalibrator,Naive,Realtime,5102.182312011719,12033.77018998868,4767.0,1.5243906419107782
"CPU:Intel(R) Xeon(R) Gold 6126,Memory:191889MiB,Cores:48",dnaseq-1,gatk-base-recalibrator,Perfect,Realtime,3565.6447715759277,3092.0,3092.0,0.0
"CPU:Intel(R) Xeon(R) Gold 6126,Memory:191889MiB,Cores:48",dnaseq-1,gatk-base-recalibrator,Perfect,Realtime,1729.362572669983,2013.0,2013.0,0.0
"CPU:Intel(R) Xeon(R) Gold 6126,Memory:191889MiB,Cores:48",dnaseq-1,gatk-base-recalibrator,Perfect,Realtime,6639.323947906494,4011.0,4011.0,0.0
"CPU:Intel(R) Xeon(R) Gold 6126,Memory:191889MiB,Cores:48",dnaseq-1,gatk-base-recalibrator,Perfect,Realtime,405.5044136047363,1225.0,1225.0,0.0
"CPU:Intel(R) Xeon(R) Gold 6126,Memory:191889MiB,Cores:48",dnaseq-1,gatk-base-recalibrator,Perfect,Realtime,5613.892818450928,3652.0,3652.0,0.0
"CPU:Intel(R) Xeon(R) Gold 6126,Memory:191889MiB,Cores:48",dnaseq-1,gatk-base-recalibrator,Perfect,Realtime,5613.892818450928,3857.0,3857.0,0.0
"CPU:Intel(R) Xeon(R) Gold 6126,Memory:191889MiB,Cores:48",dnaseq-1,gatk-base-recalibrator,Perfect,Realtime,4590.344056129456,3281.0,3281.0,0.0
"CPU:Intel(R) Xeon(R) Gold 6126,Memory:191889MiB,Cores:48",dnaseq-1,gatk-base-recalibrator,Perfect,Realtime,1729.362572669983,2100.0,2100.0,0.0
"CPU:Intel(R) Xeon(R) Gold 6126,Memory:191889MiB,Cores:48",dnaseq-1,gatk-base-recalibrator,Perfect,Realtime,203.0108642578125,1127.0,1127.0,0.0
"CPU:Intel(R) Xeon(R) Gold 6126,Memory:191889MiB,Cores:48",dnaseq-1,gatk-base-recalibrator,Perfect,Realtime,203.0108642578125,888.0,888.0,0.0
"CPU:Intel(R) Xeon(R) Gold 6126,Memory:191889MiB,Cores:48",dnaseq-1,gatk-base-recalibrator,Perfect,Realtime,812.8875761032104,1496.0,1496.0,0.0
"CPU:Intel(R) Xeon(R) Gold 6126,Memory:191889MiB,Cores:48",dnaseq-1,gatk-base-recalibrator,Perfect,Realtime,5102.182312011719,4176.0,4176.0,0.0
"CPU:Intel(R) Xeon(R) Gold 6126,Memory:191889MiB,Cores:48",dnaseq-1,gatk-base-recalibrator,Perfect,Realtime,1729.362572669983,2343.0,2343.0,0.0
"CPU:Intel(R) Xeon(R) Gold 6126,Memory:191889MiB,Cores:48",dnaseq-1,gatk-base-recalibrator,Perfect,Realtime,812.8875761032104,1565.0,1565.0,0.0
"CPU:Intel(R) Xeon(R) Gold 6126,Memory:191889MiB,Cores:48",dnaseq-1,gatk-base-recalibrator,Perfect,Realtime,1729.362572669983,3409.0,3409.0,0.0
"CPU:Intel(R) Xeon(R) Gold 6126,Memory:191889MiB,Cores:48",dnaseq-1,gatk-base-recalibrator,Perfect,Realtime,203.0108642578125,2391.0,2391.0,0.0
"CPU:Intel(R) Xeon(R) Gold 6126,Memory:191889MiB,Cores:48",dnaseq-1,gatk-base-recalibrator,Perfect,Realtime,609.9719657897949,1428.0,1428.0,0.0
"CPU:Intel(R) Xeon(R) Gold 6126,Memory:191889MiB,Cores:48",dnaseq-1,gatk-base-recalibrator,Perfect,Realtime,405.5044136047363,1385.0,1385.0,0.0
"CPU:Intel(R) Xeon(R) Gold 6126,Memory:191889MiB,Cores:48",dnaseq-1,gatk-base-recalibrator,Perfect,Realtime,5613.892818450928,4069.0,4069.0,0.0
"CPU:Intel(R) Xeon(R) Gold 6126,Memory:191889MiB,Cores:48",dnaseq-1,gatk-base-recalibrator,Perfect,Realtime,5102.182312011719,4767.0,4767.0,0.0
"CPU:Intel(R) Xeon(R) Gold 6126,Memory:191889MiB,Cores:48",dnaseq-1,picard-collect-wgs-metrics,Lotaru-G,Realtime,203.0108642578125,557.5919504932722,742.0,0.2485283686074499
"CPU:Intel(R) Xeon(R) Gold 6126,Memory:191889MiB,Cores:48",dnaseq-1,picard-collect-wgs-metrics,Lotaru-G,Realtime,4590.344056129456,1481.8981709621414,1465.0,0.011534587687468546
"CPU:Intel(R) Xeon(R) Gold 6126,Memory:191889MiB,Cores:48",dnaseq-1,picard-collect-wgs-metrics,Lotaru-G,Realtime,203.0108642578125,557.5919504932722,712.0,0.21686523807124694
"CPU:Intel(R) Xeon(R) Gold 6126,Memory:191889MiB,Cores:48",dnaseq-1,picard-collect-wgs-metrics,Lotaru-G,Realtime,203.0108642578125,557.5919504932722,513.0,0.0869238801038444
"CPU:Intel(R) Xeon(R) Gold 6126,Memory:191889MiB,Cores:48",dnaseq-1,picard-collect-wgs-metrics,Lotaru-G,Realtime,609.9719657897949,643.3289258230182,759.0,0.15239930721604986
"CPU:Intel(R) Xeon(R) Gold 6126,Memory:191889MiB,Cores:48",dnaseq-1,picard-collect-wgs-metrics,Lotaru-G,Realtime,3565.6447715759277,1266.018528044304,1132.0,0.11839092583419085
"CPU:Intel(R) Xeon(R) Gold 6126,Memory:191889MiB,Cores:48",dnaseq-1,picard-collect-wgs-metrics,Lotaru-G,Realtime,405.5044136047363,600.2525005542846,647.0,0.07225270393464521
"CPU:Intel(R) Xeon(R) Gold 6126,Memory:191889MiB,Cores:48",dnaseq-1,picard-collect-wgs-metrics,Lotaru-G,Realtime,203.0108642578125,557.5919504932722,775.0,0.28052651549255203
"CPU:Intel(R) Xeon(R) Gold 6126,Memory:191889MiB,Cores:48",dnaseq-1,picard-collect-wgs-metrics,Lotaru-G,Realtime,5102.182312011719,1589.7302555328802,1081.0,0.47061078217657737
"CPU:Intel(R) Xeon(R) Gold 6126,Memory:191889MiB,Cores:48",dnaseq-1,picard-collect-wgs-metrics,Lotaru-G,Realtime,4590.344056129456,1481.8981709621414,1327.0,0.11672808663311335
"CPU:Intel(R) Xeon(R) Gold 6126,Memory:191889MiB,Cores:48",dnaseq-1,picard-collect-wgs-metrics,Lotaru-G,Realtime,609.9719657897949,643.3289258230182,699.0,0.07964388294274942
"CPU:Intel(R) Xeon(R) Gold 6126,Memory:191889MiB,Cores:48",dnaseq-1,picard-collect-wgs-metrics,Lotaru-G,Realtime,812.8875761032104,686.0783940399317,713.0,0.037758213127725516
"CPU:Intel(R) Xeon(R) Gold 6126,Memory:191889MiB,Cores:48",dnaseq-1,picard-collect-wgs-metrics,Lotaru-G,Realtime,1474.3470220565796,825.4320865325163,798.0,0.03437604828636132
"CPU:Intel(R) Xeon(R) Gold 6126,Memory:191889MiB,Cores:48",dnaseq-1,picard-collect-wgs-metrics,Lotaru-G,Realtime,405.5044136047363,600.2525005542846,687.0,0.1262700137492219
"CPU:Intel(R) Xeon(R) Gold 6126,Memory:191889MiB,Cores:48",dnaseq-1,picard-collect-wgs-metrics,Lotaru-G,Realtime,203.0108642578125,557.5919504932722,804.0,0.3064776735158306
"CPU:Intel(R) Xeon(R) Gold 6126,Memory:191889MiB,Cores:48",dnaseq-1,picard-collect-wgs-metrics,Lotaru-A,Realtime,203.0108642578125,485.5010918452171,742.0,0.34568586004687724
"CPU:Intel(R) Xeon(R) Gold 6126,Memory:191889MiB,Cores:48",dnaseq-1,picard-collect-wgs-metrics,Lotaru-A,Realtime,4590.344056129456,1290.304100281718,1465.0,0.11924634793056786
"CPU:Intel(R) Xeon(R) Gold 6126,Memory:191889MiB,Cores:48",dnaseq-1,picard-collect-wgs-metrics,Lotaru-A,Realtime,203.0108642578125,485.5010918452171,712.0,0.3181164440376164
"CPU:Intel(R) Xeon(R) Gold 6126,Memory:191889MiB,Cores:48",dnaseq-1,picard-collect-wgs-metrics,Lotaru-A,Realtime,203.0108642578125,485.5010918452171,513.0,0.05360410946351442
"CPU:Intel(R) Xeon(R) Gold 6126,Memory:191889MiB,Cores:48",dnaseq-1,picard-collect-wgs-metrics,Lotaru-A,Realtime,609.9719657897949,560.1531650992774,759.0,0.26198528972427215
"CPU:Intel(R) Xeon(R) Gold 6126,Memory:191889MiB,Cores:48",dnaseq-1,picard-collect-wgs-metrics,Lotaru-A,Realtime,3565.6447715759277,1102.3354571708448,1132.0,0.02620542652752222
"CPU:Intel(R) Xeon(R) Gold 6126,Memory:191889MiB,Cores:48",dnaseq-1,picard-collect-wgs-metrics,Lotaru-A,Realtime,405.5044136047363,522.6460750448787,647.0,0.19220081136803915
"CPU:Intel(R) Xeon(R) Gold 6126,Memory:191889MiB,Cores:48",dnaseq-1,picard-collect-wgs-metrics,Lotaru-A,Realtime,203.0108642578125,485.5010918452171,775.0,0.373546978264236
"CPU:Intel(R) Xeon(R) Gold 6126,Memory:191889MiB,Cores:48",dnaseq-1,picard-collect-wgs-metrics,Lotaru-A,Realtime,5102.182312011719,1384.1946142117094,1081.0,0.28047605384986996
"CPU:Intel(R) Xeon(R) Gold 6126,Memory:191889MiB,Cores:48",dnaseq-1,picard-collect-wgs-metrics,Lotaru-A,Realtime,4590.344056129456,1290.304100281718,1327.0,0.027653277858539493
"CPU:Intel(R) Xeon(R) Gold 6126,Memory:191889MiB,Cores:48",dnaseq-1,picard-collect-wgs-metrics,Lotaru-A,Realtime,609.9719657897949,560.1531650992774,699.0,0.1986363875546818
"CPU:Intel(R) Xeon(R) Gold 6126,Memory:191889MiB,Cores:48",dnaseq-1,picard-collect-wgs-metrics,Lotaru-A,Realtime,812.8875761032104,597.3755702590958,713.0,0.16216610061837902
"CPU:Intel(R) Xeon(R) Gold 6126,Memory:191889MiB,Cores:48",dnaseq-1,picard-collect-wgs-metrics,Lotaru-A,Realtime,1474.3470220565796,718.7122749908632,798.0,0.09935805138989574
"CPU:Intel(R) Xeon(R) Gold 6126,Memory:191889MiB,Cores:48",dnaseq-1,picard-collect-wgs-metrics,Lotaru-A,Realtime,405.5044136047363,522.6460750448787,687.0,0.23923424302055507
"CPU:Intel(R) Xeon(R) Gold 6126,Memory:191889MiB,Cores:48",dnaseq-1,picard-collect-wgs-metrics,Lotaru-A,Realtime,203.0108642578125,485.5010918452171,804.0,0.39614292059052597
"CPU:Intel(R) Xeon(R) Gold 6126,Memory:191889MiB,Cores:48",dnaseq-1,picard-collect-wgs-metrics,OnlineP,Realtime,203.0108642578125,236.80171059135358,742.0,0.6808602283135397
"CPU:Intel(R) Xeon(R) Gold 6126,Memory:191889MiB,Cores:48",dnaseq-1,picard-collect-wgs-metrics,OnlineP,Realtime,4590.344056129456,1300.9408718180566,1465.0,0.11198575302521732
"CPU:Intel(R) Xeon(R) Gold 6126,Memory:191889MiB,Cores:48",dnaseq-1,picard-collect-wgs-metrics,OnlineP,Realtime,203.0108642578125,236.80171059135358,712.0,0.6674133278211326
"CPU:Intel(R) Xeon(R) Gold 6126,Memory:191889MiB,Cores:48",dnaseq-1,picard-collect-wgs-metrics,OnlineP,Realtime,203.0108642578125,236.80171059135358,513.0,0.5383982249681216
"CPU:Intel(R) Xeon(R) Gold 6126,Memory:191889MiB,Cores:48",dnaseq-1,picard-collect-wgs-metrics,OnlineP,Realtime,609.9719657897949,479.0,759.0,0.3689064558629776
"CPU:Intel(R) Xeon(R) Gold 6126,Memory:191889MiB,Cores:48",dnaseq-1,picard-collect-wgs-metrics,OnlineP,Realtime,3565.6447715759277,1010.5327533201933,1132.0,0.10730322144859253
"CPU:Intel(R) Xeon(R) Gold 6126,Memory:191889MiB,Cores:48",dnaseq-1,picard-collect-wgs-metrics,OnlineP,Realtime,405.5044136047363,473.0,647.0,0.2689335394126739
"CPU:Intel(R) Xeon(R) Gold 6126,Memory:191889MiB,Cores:48",dnaseq-1,picard-collect-wgs-metrics,OnlineP,Realtime,203.0108642578125,236.80171059135358,775.0,0.6944494056885759
"CPU:Intel(R) Xeon(R) Gold 6126,Memory:191889MiB,Cores:48",dnaseq-1,picard-collect-wgs-metrics,OnlineP,Realtime,5102.182312011719,1446.0,1081.0,0.33765032377428306
"CPU:Intel(R) Xeon(R) Gold 6126,Memory:191889MiB,Cores:48",dnaseq-1,picard-collect-wgs-metrics,OnlineP,Realtime,4590.344056129456,1300.9408718180566,1327.0,0.019637624854516488
"CPU:Intel(R) Xeon(R) Gold 6126,Memory:191889MiB,Cores:48",dnaseq-1,picard-collect-wgs-metrics,OnlineP,Realtime,609.9719657897949,479.0,699.0,0.3147353361945637
"CPU:Intel(R) Xeon(R) Gold 6126,Memory:191889MiB,Cores:48",dnaseq-1,picard-collect-wgs-metrics,OnlineP,Realtime,812.8875761032104,638.3459745552001,713.0,0.10470410300813453
"CPU:Intel(R) Xeon(R) Gold 6126,Memory:191889MiB,Cores:48",dnaseq-1,picard-collect-wgs-metrics,OnlineP,Realtime,1474.3470220565796,971.8931308600963,798.0,0.21791119155400543
"CPU:Intel(R) Xeon(R) Gold 6126,Memory:191889MiB,Cores:48",dnaseq-1,picard-collect-wgs-metrics,OnlineP,Realtime,405.5044136047363,473.0,687.0,0.31149927219796214
"CPU:Intel(R) Xeon(R) Gold 6126,Memory:191889MiB,Cores:48",dnaseq-1,picard-collect-wgs-metrics,OnlineP,Realtime,203.0108642578125,236.80171059135358,804.0,0.7054705092147343
"CPU:Intel(R) Xeon(R) Gold 6126,Memory:191889MiB,Cores:48",dnaseq-1,picard-collect-wgs-metrics,Naive,Realtime,203.0108642578125,150.7119137833173,742.0,0.7968842132300306
"CPU:Intel(R) Xeon(R) Gold 6126,Memory:191889MiB,Cores:48",dnaseq-1,picard-collect-wgs-metrics,Naive,Realtime,4590.344056129456,3407.795637698351,1465.0,1.3261403670295913
"CPU:Intel(R) Xeon(R) Gold 6126,Memory:191889MiB,Cores:48",dnaseq-1,picard-collect-wgs-metrics,Naive,Realtime,203.0108642578125,150.7119137833173,712.0,0.7883259637874757
"CPU:Intel(R) Xeon(R) Gold 6126,Memory:191889MiB,Cores:48",dnaseq-1,picard-collect-wgs-metrics,Naive,Realtime,203.0108642578125,150.7119137833173,513.0,0.706214593014976
"CPU:Intel(R) Xeon(R) Gold 6126,Memory:191889MiB,Cores:48",dnaseq-1,picard-collect-wgs-metrics,Naive,Realtime,609.9719657897949,452.8331163676349,759.0,0.4033819283693875
"CPU:Intel(R) Xeon(R) Gold 6126,Memory:191889MiB,Cores:48",dnaseq-1,picard-collect-wgs-metrics,Naive,Realtime,3565.6447715759277,2647.075807298855,1132.0,1.3384061901933348
"CPU:Intel(R) Xeon(R) Gold 6126,Memory:191889MiB,Cores:48",dnaseq-1,picard-collect-wgs-metrics,Naive,Realtime,405.5044136047363,301.0397815179972,647.0,0.5347144025996952
"CPU:Intel(R) Xeon(R) Gold 6126,Memory:191889MiB,Cores:48",dnaseq-1,picard-collect-wgs-metrics,Naive,Realtime,203.0108642578125,150.7119137833173,775.0,0.805533014473139
"CPU:Intel(R) Xeon(R) Gold 6126,Memory:191889MiB,Cores:48",dnaseq-1,picard-collect-wgs-metrics,Naive,Realtime,5102.182312011719,3787.7759080821443,1081.0,2.5039555116393566
"CPU:Intel(R) Xeon(R) Gold 6126,Memory:191889MiB,Cores:48",dnaseq-1,picard-collect-wgs-metrics,Naive,Realtime,4590.344056129456,3407.795637698351,1327.0,1.5680449417470619
"CPU:Intel(R) Xeon(R) Gold 6126,Memory:191889MiB,Cores:48",dnaseq-1,picard-collect-wgs-metrics,Naive,Realtime,609.9719657897949,452.8331163676349,699.0,0.35217007672727485
"CPU:Intel(R) Xeon(R) Gold 6126,Memory:191889MiB,Cores:48",dnaseq-1,picard-collect-wgs-metrics,Naive,Realtime,812.8875761032104,603.4743151953365,713.0,0.15361246115661073
"CPU:Intel(R) Xeon(R) Gold 6126,Memory:191889MiB,Cores:48",dnaseq-1,picard-collect-wgs-metrics,Naive,Realtime,1474.3470220565796,1094.5308867445542,798.0,0.3715925899054564
"CPU:Intel(R) Xeon(R) Gold 6126,Memory:191889MiB,Cores:48",dnaseq-1,picard-collect-wgs-metrics,Naive,Realtime,405.5044136047363,301.0397815179972,687.0,0.5618052670771511
"CPU:Intel(R) Xeon(R) Gold 6126,Memory:191889MiB,Cores:48",dnaseq-1,picard-collect-wgs-metrics,Naive,Realtime,203.0108642578125,150.7119137833173,804.0,0.812547370916272
"CPU:Intel(R) Xeon(R) Gold 6126,Memory:191889MiB,Cores:48",dnaseq-1,picard-collect-wgs-metrics,Perfect,Realtime,203.0108642578125,742.0,742.0,0.0
"CPU:Intel(R) Xeon(R) Gold 6126,Memory:191889MiB,Cores:48",dnaseq-1,picard-collect-wgs-metrics,Perfect,Realtime,4590.344056129456,1465.0,1465.0,0.0
"CPU:Intel(R) Xeon(R) Gold 6126,Memory:191889MiB,Cores:48",dnaseq-1,picard-collect-wgs-metrics,Perfect,Realtime,203.0108642578125,712.0,712.0,0.0
"CPU:Intel(R) Xeon(R) Gold 6126,Memory:191889MiB,Cores:48",dnaseq-1,picard-collect-wgs-metrics,Perfect,Realtime,203.0108642578125,513.0,513.0,0.0
"CPU:Intel(R) Xeon(R) Gold 6126,Memory:191889MiB,Cores:48",dnaseq-1,picard-collect-wgs-metrics,Perfect,Realtime,609.9719657897949,759.0,759.0,0.0
"CPU:Intel(R) Xeon(R) Gold 6126,Memory:191889MiB,Cores:48",dnaseq-1,picard-collect-wgs-metrics,Perfect,Realtime,3565.6447715759277,1132.0,1132.0,0.0
"CPU:Intel(R) Xeon(R) Gold 6126,Memory:191889MiB,Cores:48",dnaseq-1,picard-collect-wgs-metrics,Perfect,Realtime,405.5044136047363,647.0,647.0,0.0
"CPU:Intel(R) Xeon(R) Gold 6126,Memory:191889MiB,Cores:48",dnaseq-1,picard-collect-wgs-metrics,Perfect,Realtime,203.0108642578125,775.0,775.0,0.0
"CPU:Intel(R) Xeon(R) Gold 6126,Memory:191889MiB,Cores:48",dnaseq-1,picard-collect-wgs-metrics,Perfect,Realtime,5102.182312011719,1081.0,1081.0,0.0
"CPU:Intel(R) Xeon(R) Gold 6126,Memory:191889MiB,Cores:48",dnaseq-1,picard-collect-wgs-metrics,Perfect,Realtime,4590.344056129456,1327.0,1327.0,0.0
"CPU:Intel(R) Xeon(R) Gold 6126,Memory:191889MiB,Cores:48",dnaseq-1,picard-collect-wgs-metrics,Perfect,Realtime,609.9719657897949,699.0,699.0,0.0
"CPU:Intel(R) Xeon(R) Gold 6126,Memory:191889MiB,Cores:48",dnaseq-1,picard-collect-wgs-metrics,Perfect,Realtime,812.8875761032104,713.0,713.0,0.0
"CPU:Intel(R) Xeon(R) Gold 6126,Memory:191889MiB,Cores:48",dnaseq-1,picard-collect-wgs-metrics,Perfect,Realtime,1474.3470220565796,798.0,798.0,0.0
"CPU:Intel(R) Xeon(R) Gold 6126,Memory:191889MiB,Cores:48",dnaseq-1,picard-collect-wgs-metrics,Perfect,Realtime,405.5044136047363,687.0,687.0,0.0
"CPU:Intel(R) Xeon(R) Gold 6126,Memory:191889MiB,Cores:48",dnaseq-1,picard-collect-wgs-metrics,Perfect,Realtime,203.0108642578125,804.0,804.0,0.0
"CPU:Intel(R) Xeon(R) Gold 6126,Memory:191889MiB,Cores:48",dnaseq-1,picard-markduplicate,Lotaru-G,Realtime,5102.182312011719,2308.0429025996887,1879.0,0.22833576508764697
"CPU:Intel(R) Xeon(R) Gold 6126,Memory:191889MiB,Cores:48",dnaseq-1,picard-markduplicate,Lotaru-G,Realtime,5102.182312011719,2308.0429025996887,1450.0,0.5917537259308198
"CPU:Intel(R) Xeon(R) Gold 6126,Memory:191889MiB,Cores:48",dnaseq-1,picard-markduplicate,Lotaru-G,Realtime,4590.344056129456,2075.4931682150677,1544.0,0.34423132656416305
"CPU:Intel(R) Xeon(R) Gold 6126,Memory:191889MiB,Cores:48",dnaseq-1,picard-markduplicate,Lotaru-G,Realtime,6639.323947906494,3006.431260700644,2188.0,0.37405450671875873
"CPU:Intel(R) Xeon(R) Gold 6126,Memory:191889MiB,Cores:48",dnaseq-1,picard-markduplicate,Lotaru-G,Realtime,812.8875761032104,359.2351687707422,450.0,0.20169962495390628
"CPU:Intel(R) Xeon(R) Gold 6126,Memory:191889MiB,Cores:48",dnaseq-1,picard-markduplicate,Lotaru-G,Realtime,5102.182312011719,2308.0429025996887,2171.0,0.06312432178705144
"CPU:Intel(R) Xeon(R) Gold 6126,Memory:191889MiB,Cores:48",dnaseq-1,picard-markduplicate,Lotaru-G,Realtime,4590.344056129456,2075.4931682150677,1691.0,0.22737620828803531
"CPU:Intel(R) Xeon(R) Gold 6126,Memory:191889MiB,Cores:48",dnaseq-1,picard-markduplicate,Lotaru-G,Realtime,1474.3470220565796,659.7641282513274,621.0,0.062422106684907254
"CPU:Intel(R) Xeon(R) Gold 6126,Memory:191889MiB,Cores:48",dnaseq-1,picard-markduplicate,Lotaru-G,Realtime,203.0108642578125,82.14242371489605,115.0,0.2857180546530778
"CPU:Intel(R) Xeon(R) Gold 6126,Memory:191889MiB,Cores:48",dnaseq-1,picard-markduplicate,Lotaru-G,Realtime,203.0108642578125,82.14242371489605,125.0,0.3428606102808316
"CPU:Intel(R) Xeon(R) Gold 6126,Memory:191889MiB,Cores:48",dnaseq-1,picard-markduplicate,Lotaru-G,Realtime,3565.6447715759277,1609.9290105764735,1914.0,0.15886676563402638
"CPU:Intel(R) Xeon(R) Gold 6126,Memory:191889MiB,Cores:48",dnaseq-1,picard-markduplicate,Lotaru-G,Realtime,812.8875761032104,359.2351687707422,341.0,0.05347556824264568
"CPU:Intel(R) Xeon(R) Gold 6126,Memory:191889MiB,Cores:48",dnaseq-1,picard-markduplicate,Lotaru-G,Realtime,609.9719657897949,267.0420379553456,274.0,0.02539402206078241
"CPU:Intel(R) Xeon(R) Gold 6126,Memory:191889MiB,Cores:48",dnaseq-1,picard-markduplicate,Lotaru-G,Realtime,203.0108642578125,82.14242371489605,207.0,0.6031766970294876
"CPU:Intel(R) Xeon(R) Gold 6126,Memory:191889MiB,Cores:48",dnaseq-1,picard-markduplicate,Lotaru-G,Realtime,812.8875761032104,359.2351687707422,372.0,0.034314062444241455
"CPU:Intel(R) Xeon(R) Gold 6126,Memory:191889MiB,Cores:48",dnaseq-1,picard-markduplicate,Lotaru-G,Realtime,812.8875761032104,359.2351687707422,356.0,0.00908755272680387
"CPU:Intel(R) Xeon(R) Gold 6126,Memory:191889MiB,Cores:48",dnaseq-1,picard-markduplicate,Lotaru-G,Realtime,203.0108642578125,82.14242371489605,127.0,0.35320926208743264
"CPU:Intel(R) Xeon(R) Gold 6126,Memory:191889MiB,Cores:48",dnaseq-1,picard-markduplicate,Lotaru-G,Realtime,609.9719657897949,267.0420379553456,272.0,0.01822780163475875
"CPU:Intel(R) Xeon(R) Gold 6126,Memory:191889MiB,Cores:48",dnaseq-1,picard-markduplicate,Lotaru-G,Realtime,2545.566870689392,1146.4645426970899,895.0,0.2809659694939552
"CPU:Intel(R) Xeon(R) Gold 6126,Memory:191889MiB,Cores:48",dnaseq-1,picard-markduplicate,Lotaru-G,Realtime,5613.892818450928,2540.534595017518,2799.0,0.09234205251249808
"CPU:Intel(R) Xeon(R) Gold 6126,Memory:191889MiB,Cores:48",dnaseq-1,picard-markduplicate,Lotaru-A,Realtime,5102.182312011719,2798.683785139898,1879.0,0.48945385052682183
"CPU:Intel(R) Xeon(R) Gold 6126,Memory:191889MiB,Cores:48",dnaseq-1,picard-markduplicate,Lotaru-A,Realtime,5102.182312011719,2798.683785139898,1450.0,0.9301267483723435
"CPU:Intel(R) Xeon(R) Gold 6126,Memory:191889MiB,Cores:48",dnaseq-1,picard-markduplicate,Lotaru-A,Realtime,4590.344056129456,2516.698918165478,1544.0,0.6299863459620972
"CPU:Intel(R) Xeon(R) Gold 6126,Memory:191889MiB,Cores:48",dnaseq-1,picard-markduplicate,Lotaru-A,Realtime,6639.323947906494,3645.534669647319,2188.0,0.6661493005700726
"CPU:Intel(R) Xeon(R) Gold 6126,Memory:191889MiB,Cores:48",dnaseq-1,picard-markduplicate,Lotaru-A,Realtime,812.8875761032104,435.60093304948714,450.0,0.03199792655669525
"CPU:Intel(R) Xeon(R) Gold 6126,Memory:191889MiB,Cores:48",dnaseq-1,picard-markduplicate,Lotaru-A,Realtime,5102.182312011719,2798.683785139898,2171.0,0.28912196459691303
"CPU:Intel(R) Xeon(R) Gold 6126,Memory:191889MiB,Cores:48",dnaseq-1,picard-markduplicate,Lotaru-A,Realtime,4590.344056129456,2516.698918165478,1691.0,0.48829031233913545
"CPU:Intel(R) Xeon(R) Gold 6126,Memory:191889MiB,Cores:48",dnaseq-1,picard-markduplicate,Lotaru-A,Realtime,1474.3470220565796,800.0159640334925,621.0,0.2882704734838849
"CPU:Intel(R) Xeon(R) Gold 6126,Memory:191889MiB,Cores:48",dnaseq-1,picard-markduplicate,Lotaru-A,Realtime,203.0108642578125,99.60415773209017,115.0,0.13387688928617242
"CPU:Intel(R) Xeon(R) Gold 6126,Memory:191889MiB,Cores:48",dnaseq-1,picard-markduplicate,Lotaru-A,Realtime,203.0108642578125,99.60415773209017,125.0,0.20316673814327862
"CPU:Intel(R) Xeon(R) Gold 6126,Memory:191889MiB,Cores:48",dnaseq-1,picard-markduplicate,Lotaru-A,Realtime,3565.6447715759277,1952.1657123668165,1914.0,0.01994028859290307
"CPU:Intel(R) Xeon(R) Gold 6126,Memory:191889MiB,Cores:48",dnaseq-1,picard-markduplicate,Lotaru-A,Realtime,812.8875761032104,435.60093304948714,341.0,0.2774220910542145
"CPU:Intel(R) Xeon(R) Gold 6126,Memory:191889MiB,Cores:48",dnaseq-1,picard-markduplicate,Lotaru-A,Realtime,609.9719657897949,323.80950143280927,274.0,0.1817865015795959
"CPU:Intel(R) Xeon(R) Gold 6126,Memory:191889MiB,Cores:48",dnaseq-1,picard-markduplicate,Lotaru-A,Realtime,203.0108642578125,99.60415773209017,207.0,0.5188204940478736
"CPU:Intel(R) Xeon(R) Gold 6126,Memory:191889MiB,Cores:48",dnaseq-1,picard-markduplicate,Lotaru-A,Realtime,812.8875761032104,435.60093304948714,372.0,0.17097025013302994
"CPU:Intel(R) Xeon(R) Gold 6126,Memory:191889MiB,Cores:48",dnaseq-1,picard-markduplicate,Lotaru-A,Realtime,812.8875761032104,435.60093304948714,356.0,0.2235981265435032
"CPU:Intel(R) Xeon(R) Gold 6126,Memory:191889MiB,Cores:48",dnaseq-1,picard-markduplicate,Lotaru-A,Realtime,203.0108642578125,99.60415773209017,127.0,0.21571529344810889
"CPU:Intel(R) Xeon(R) Gold 6126,Memory:191889MiB,Cores:48",dnaseq-1,picard-markduplicate,Lotaru-A,Realtime,609.9719657897949,323.80950143280927,272.0,0.1904761082088576
"CPU:Intel(R) Xeon(R) Gold 6126,Memory:191889MiB,Cores:48",dnaseq-1,picard-markduplicate,Lotaru-A,Realtime,2545.566870689392,1390.1785457584617,895.0,0.5532721181658791
"CPU:Intel(R) Xeon(R) Gold 6126,Memory:191889MiB,Cores:48",dnaseq-1,picard-markduplicate,Lotaru-A,Realtime,5613.892818450928,3080.598271658594,2799.0,0.1006067422860286
"CPU:Intel(R) Xeon(R) Gold 6126,Memory:191889MiB,Cores:48",dnaseq-1,picard-markduplicate,OnlineP,Realtime,5102.182312011719,2360.0,1879.0,0.25598722724853645
"CPU:Intel(R) Xeon(R) Gold 6126,Memory:191889MiB,Cores:48",dnaseq-1,picard-markduplicate,OnlineP,Realtime,5102.182312011719,2360.0,1450.0,0.6275862068965518
"CPU:Intel(R) Xeon(R) Gold 6126,Memory:191889MiB,Cores:48",dnaseq-1,picard-markduplicate,OnlineP,Realtime,4590.344056129456,2123.2506621650164,1544.0,0.37516234596179815
"CPU:Intel(R) Xeon(R) Gold 6126,Memory:191889MiB,Cores:48",dnaseq-1,picard-markduplicate,OnlineP,Realtime,6639.323947906494,3071.0005168124494,2188.0,0.4035651356546844
"CPU:Intel(R) Xeon(R) Gold 6126,Memory:191889MiB,Cores:48",dnaseq-1,picard-markduplicate,OnlineP,Realtime,812.8875761032104,418.9683211960646,450.0,0.06895928623096755
"CPU:Intel(R) Xeon(R) Gold 6126,Memory:191889MiB,Cores:48",dnaseq-1,picard-markduplicate,OnlineP,Realtime,5102.182312011719,2360.0,2171.0,0.08705665591893137
"CPU:Intel(R) Xeon(R) Gold 6126,Memory:191889MiB,Cores:48",dnaseq-1,picard-markduplicate,OnlineP,Realtime,4590.344056129456,2123.2506621650164,1691.0,0.25561836911000374
"CPU:Intel(R) Xeon(R) Gold 6126,Memory:191889MiB,Cores:48",dnaseq-1,picard-markduplicate,OnlineP,Realtime,1474.3470220565796,587.0,621.0,0.05475040257648953
"CPU:Intel(R) Xeon(R) Gold 6126,Memory:191889MiB,Cores:48",dnaseq-1,picard-markduplicate,OnlineP,Realtime,203.0108642578125,111.99999999999999,115.0,0.026086956521739254
"CPU:Intel(R) Xeon(R) Gold 6126,Memory:191889MiB,Cores:48",dnaseq-1,picard-markduplicate,OnlineP,Realtime,203.0108642578125,111.99999999999999,125.0,0.10400000000000012
"CPU:Intel(R) Xeon(R) Gold 6126,Memory:191889MiB,Cores:48",dnaseq-1,picard-markduplicate,OnlineP,Realtime,3565.6447715759277,1262.0,1914.0,0.3406478578892372
"CPU:Intel(R) Xeon(R) Gold 6126,Memory:191889MiB,Cores:48",dnaseq-1,picard-markduplicate,OnlineP,Realtime,812.8875761032104,418.9683211960646,341.0,0.2286461032142657
"CPU:Intel(R) Xeon(R) Gold 6126,Memory:191889MiB,Cores:48",dnaseq-1,picard-markduplicate,OnlineP,Realtime,609.9719657897949,314.384101807414,274.0,0.1473872328737738
"CPU:Intel(R) Xeon(R) Gold 6126,Memory:191889MiB,Cores:48",dnaseq-1,picard-markduplicate,OnlineP,Realtime,203.0108642578125,111.99999999999999,207.0,0.45893719806763295
"CPU:Intel(R) Xeon(R) Gold 6126,Memory:191889MiB,Cores:48",dnaseq-1,picard-markduplicate,OnlineP,Realtime,812.8875761032104,418.9683211960646,372.0,0.12625892794641025
"CPU:Intel(R) Xeon(R) Gold 6126,Memory:191889MiB,Cores:48",dnaseq-1,picard-markduplicate,OnlineP,Realtime,812.8875761032104,418.9683211960646,356.0,0.17687730673051857
"CPU:Intel(R) Xeon(R) Gold 6126,Memory:191889MiB,Cores:48",dnaseq-1,picard-markduplicate,OnlineP,Realtime,203.0108642578125,111.99999999999999,127.0,0.11811023622047255
"CPU:Intel(R) Xeon(R) Gold 6126,Memory:191889MiB,Cores:48",dnaseq-1,picard-markduplicate,OnlineP,Realtime,609.9719657897949,314.384101807414,272.0,0.15582390370372803
"CPU:Intel(R) Xeon(R) Gold 6126,Memory:191889MiB,Cores:48",dnaseq-1,picard-markduplicate,OnlineP,Realtime,2545.566870689392,900.9605826186,895.0,0.006659868847597798
"CPU:Intel(R) Xeon(R) Gold 6126,Memory:191889MiB,Cores:48",dnaseq-1,picard-markduplicate,OnlineP,Realtime,5613.892818450928,2596.6902476913606,2799.0,0.0722792970020148
"CPU:Intel(R) Xeon(R) Gold 6126,Memory:191889MiB,Cores:48",dnaseq-1,picard-markduplicate,Naive,Realtime,5102.182312011719,2329.850621233216,1879.0,0.23994178884151987
"CPU:Intel(R) Xeon(R) Gold 6126,Memory:191889MiB,Cores:48",dnaseq-1,picard-markduplicate,Naive,Realtime,5102.182312011719,2329.850621233216,1450.0,0.6067935318849764
"CPU:Intel(R) Xeon(R) Gold 6126,Memory:191889MiB,Cores:48",dnaseq-1,picard-markduplicate,Naive,Realtime,4590.344056129456,2096.1257941860167,1544.0,0.35759442628628024
"CPU:Intel(R) Xeon(R) Gold 6126,Memory:191889MiB,Cores:48",dnaseq-1,picard-markduplicate,Naive,Realtime,6639.323947906494,3031.7679923317846,2188.0,0.3856343657823513
"CPU:Intel(R) Xeon(R) Gold 6126,Memory:191889MiB,Cores:48",dnaseq-1,picard-markduplicate,Naive,Realtime,812.8875761032104,371.19540391924704,450.0,0.17512132462389546
"CPU:Intel(R) Xeon(R) Gold 6126,Memory:191889MiB,Cores:48",dnaseq-1,picard-markduplicate,Naive,Realtime,5102.182312011719,2329.850621233216,2171.0,0.0731693326730612
"CPU:Intel(R) Xeon(R) Gold 6126,Memory:191889MiB,Cores:48",dnaseq-1,picard-markduplicate,Naive,Realtime,4590.344056129456,2096.1257941860167,1691.0,0.2395776429249064
"CPU:Intel(R) Xeon(R) Gold 6126,Memory:191889MiB,Cores:48",dnaseq-1,picard-markduplicate,Naive,Realtime,1474.3470220565796,673.2429605984597,621.0,0.08412715072215736
"CPU:Intel(R) Xeon(R) Gold 6126,Memory:191889MiB,Cores:48",dnaseq-1,picard-markduplicate,Naive,Realtime,203.0108642578125,92.70248675642975,115.0,0.19389141950930652
"CPU:Intel(R) Xeon(R) Gold 6126,Memory:191889MiB,Cores:48",dnaseq-1,picard-markduplicate,Naive,Realtime,203.0108642578125,92.70248675642975,125.0,0.258380105948562
"CPU:Intel(R) Xeon(R) Gold 6126,Memory:191889MiB,Cores:48",dnaseq-1,picard-markduplicate,Naive,Realtime,3565.6447715759277,1628.2091031117318,1914.0,0.14931603808164484
"CPU:Intel(R) Xeon(R) Gold 6126,Memory:191889MiB,Cores:48",dnaseq-1,picard-markduplicate,Naive,Realtime,812.8875761032104,371.19540391924704,341.0,0.08854957161069514
"CPU:Intel(R) Xeon(R) Gold 6126,Memory:191889MiB,Cores:48",dnaseq-1,picard-markduplicate,Naive,Realtime,609.9719657897949,278.5364137389796,274.0,0.016556254521823372
"CPU:Intel(R) Xeon(R) Gold 6126,Memory:191889MiB,Cores:48",dnaseq-1,picard-markduplicate,Naive,Realtime,203.0108642578125,92.70248675642975,207.0,0.5521618997273925
"CPU:Intel(R) Xeon(R) Gold 6126,Memory:191889MiB,Cores:48",dnaseq-1,picard-markduplicate,Naive,Realtime,812.8875761032104,371.19540391924704,372.0,0.0021628926901961242
"CPU:Intel(R) Xeon(R) Gold 6126,Memory:191889MiB,Cores:48",dnaseq-1,picard-markduplicate,Naive,Realtime,812.8875761032104,371.19540391924704,356.0,0.04268371887428944
"CPU:Intel(R) Xeon(R) Gold 6126,Memory:191889MiB,Cores:48",dnaseq-1,picard-markduplicate,Naive,Realtime,203.0108642578125,92.70248675642975,127.0,0.270059159398191
"CPU:Intel(R) Xeon(R) Gold 6126,Memory:191889MiB,Cores:48",dnaseq-1,picard-markduplicate,Naive,Realtime,609.9719657897949,278.5364137389796,272.0,0.024030932863895602
"CPU:Intel(R) Xeon(R) Gold 6126,Memory:191889MiB,Cores:48",dnaseq-1,picard-markduplicate,Naive,Realtime,2545.566870689392,1162.4027116992504,895.0,0.2987739795522351
"CPU:Intel(R) Xeon(R) Gold 6126,Memory:191889MiB,Cores:48",dnaseq-1,picard-markduplicate,Naive,Realtime,5613.892818450928,2563.51711302286,2799.0,0.08413107787679171
"CPU:Intel(R) Xeon(R) Gold 6126,Memory:191889MiB,Cores:48",dnaseq-1,picard-markduplicate,Perfect,Realtime,5102.182312011719,1879.0,1879.0,0.0
"CPU:Intel(R) Xeon(R) Gold 6126,Memory:191889MiB,Cores:48",dnaseq-1,picard-markduplicate,Perfect,Realtime,5102.182312011719,1450.0,1450.0,0.0
"CPU:Intel(R) Xeon(R) Gold 6126,Memory:191889MiB,Cores:48",dnaseq-1,picard-markduplicate,Perfect,Realtime,4590.344056129456,1544.0,1544.0,0.0
"CPU:Intel(R) Xeon(R) Gold 6126,Memory:191889MiB,Cores:48",dnaseq-1,picard-markduplicate,Perfect,Realtime,6639.323947906494,2188.0,2188.0,0.0
"CPU:Intel(R) Xeon(R) Gold 6126,Memory:191889MiB,Cores:48",dnaseq-1,picard-markduplicate,Perfect,Realtime,812.8875761032104,450.0,450.0,0.0
"CPU:Intel(R) Xeon(R) Gold 6126,Memory:191889MiB,Cores:48",dnaseq-1,picard-markduplicate,Perfect,Realtime,5102.182312011719,2171.0,2171.0,0.0
"CPU:Intel(R) Xeon(R) Gold 6126,Memory:191889MiB,Cores:48",dnaseq-1,picard-markduplicate,Perfect,Realtime,4590.344056129456,1691.0,1691.0,0.0
"CPU:Intel(R) Xeon(R) Gold 6126,Memory:191889MiB,Cores:48",dnaseq-1,picard-markduplicate,Perfect,Realtime,1474.3470220565796,621.0,621.0,0.0
"CPU:Intel(R) Xeon(R) Gold 6126,Memory:191889MiB,Cores:48",dnaseq-1,picard-markduplicate,Perfect,Realtime,203.0108642578125,115.0,115.0,0.0
"CPU:Intel(R) Xeon(R) Gold 6126,Memory:191889MiB,Cores:48",dnaseq-1,picard-markduplicate,Perfect,Realtime,203.0108642578125,125.0,125.0,0.0
"CPU:Intel(R) Xeon(R) Gold 6126,Memory:191889MiB,Cores:48",dnaseq-1,picard-markduplicate,Perfect,Realtime,3565.6447715759277,1914.0,1914.0,0.0
"CPU:Intel(R) Xeon(R) Gold 6126,Memory:191889MiB,Cores:48",dnaseq-1,picard-markduplicate,Perfect,Realtime,812.8875761032104,341.0,341.0,0.0
"CPU:Intel(R) Xeon(R) Gold 6126,Memory:191889MiB,Cores:48",dnaseq-1,picard-markduplicate,Perfect,Realtime,609.9719657897949,274.0,274.0,0.0
"CPU:Intel(R) Xeon(R) Gold 6126,Memory:191889MiB,Cores:48",dnaseq-1,picard-markduplicate,Perfect,Realtime,203.0108642578125,207.0,207.0,0.0
"CPU:Intel(R) Xeon(R) Gold 6126,Memory:191889MiB,Cores:48",dnaseq-1,picard-markduplicate,Perfect,Realtime,812.8875761032104,372.0,372.0,0.0
"CPU:Intel(R) Xeon(R) Gold 6126,Memory:191889MiB,Cores:48",dnaseq-1,picard-markduplicate,Perfect,Realtime,812.8875761032104,356.0,356.0,0.0
"CPU:Intel(R) Xeon(R) Gold 6126,Memory:191889MiB,Cores:48",dnaseq-1,picard-markduplicate,Perfect,Realtime,203.0108642578125,127.0,127.0,0.0
"CPU:Intel(R) Xeon(R) Gold 6126,Memory:191889MiB,Cores:48",dnaseq-1,picard-markduplicate,Perfect,Realtime,609.9719657897949,272.0,272.0,0.0
"CPU:Intel(R) Xeon(R) Gold 6126,Memory:191889MiB,Cores:48",dnaseq-1,picard-markduplicate,Perfect,Realtime,2545.566870689392,895.0,895.0,0.0
"CPU:Intel(R) Xeon(R) Gold 6126,Memory:191889MiB,Cores:48",dnaseq-1,picard-markduplicate,Perfect,Realtime,5613.892818450928,2799.0,2799.0,0.0
"CPU:Intel(R) Xeon(R) Gold 6126,Memory:191889MiB,Cores:48",dnaseq-1,picard-validate-sam,Lotaru-G,Realtime,4590.344056129456,346.6721376855981,408.0,0.15031338802549485
"CPU:Intel(R) Xeon(R) Gold 6126,Memory:191889MiB,Cores:48",dnaseq-1,picard-validate-sam,Lotaru-G,Realtime,203.0108642578125,68.37648093607362,41.0,0.6677190472213078
"CPU:Intel(R) Xeon(R) Gold 6126,Memory:191889MiB,Cores:48",dnaseq-1,picard-validate-sam,Lotaru-G,Realtime,1474.3470220565796,149.019394412424,153.0,0.026017029984156916
"CPU:Intel(R) Xeon(R) Gold 6126,Memory:191889MiB,Cores:48",dnaseq-1,picard-validate-sam,Lotaru-G,Realtime,405.5044136047363,81.22097503728504,91.0,0.10746181277708743
"CPU:Intel(R) Xeon(R) Gold 6126,Memory:191889MiB,Cores:48",dnaseq-1,picard-validate-sam,Lotaru-G,Realtime,203.0108642578125,68.37648093607362,85.0,0.19557081251678093
"CPU:Intel(R) Xeon(R) Gold 6126,Memory:191889MiB,Cores:48",dnaseq-1,picard-validate-sam,Lotaru-G,Realtime,3055.7511615753174,249.33042262636215,183.0,0.3624613258271156
"CPU:Intel(R) Xeon(R) Gold 6126,Memory:191889MiB,Cores:48",dnaseq-1,picard-validate-sam,Lotaru-G,Realtime,203.0108642578125,68.37648093607362,105.0,0.34879541965644173
"CPU:Intel(R) Xeon(R) Gold 6126,Memory:191889MiB,Cores:48",dnaseq-1,picard-validate-sam,Lotaru-G,Realtime,405.5044136047363,81.22097503728504,62.0,0.31001572640782327
"CPU:Intel(R) Xeon(R) Gold 6126,Memory:191889MiB,Cores:48",dnaseq-1,picard-validate-sam,Lotaru-G,Realtime,203.0108642578125,68.37648093607362,46.0,0.48644523774073084
"CPU:Intel(R) Xeon(R) Gold 6126,Memory:191889MiB,Cores:48",dnaseq-1,picard-validate-sam,Lotaru-G,Realtime,2545.566870689392,216.96860598603098,303.0,0.2839319934454423
"CPU:Intel(R) Xeon(R) Gold 6126,Memory:191889MiB,Cores:48",dnaseq-1,picard-validate-sam,Lotaru-G,Realtime,609.9719657897949,94.19068333861281,127.0,0.2583410760739148
"CPU:Intel(R) Xeon(R) Gold 6126,Memory:191889MiB,Cores:48",dnaseq-1,picard-validate-sam,Lotaru-G,Realtime,812.8875761032104,107.06194945113985,87.0,0.2305971201280443
"CPU:Intel(R) Xeon(R) Gold 6126,Memory:191889MiB,Cores:48",dnaseq-1,picard-validate-sam,Lotaru-G,Realtime,609.9719657897949,94.19068333861281,72.0,0.3082039352585113
"CPU:Intel(R) Xeon(R) Gold 6126,Memory:191889MiB,Cores:48",dnaseq-1,picard-validate-sam,Lotaru-G,Realtime,5102.182312011719,379.13886800692103,553.0,0.3143962603853146
"CPU:Intel(R) Xeon(R) Gold 6126,Memory:191889MiB,Cores:48",dnaseq-1,picard-validate-sam,Lotaru-G,Realtime,812.8875761032104,107.06194945113985,235.0,0.5444172363781283
"CPU:Intel(R) Xeon(R) Gold 6126,Memory:191889MiB,Cores:48",dnaseq-1,picard-validate-sam,Lotaru-G,Realtime,812.8875761032104,107.06194945113985,76.0,0.4087098611992086
"CPU:Intel(R) Xeon(R) Gold 6126,Memory:191889MiB,Cores:48",dnaseq-1,picard-validate-sam,Lotaru-G,Realtime,609.9719657897949,94.19068333861281,92.0,0.0238117754197045
"CPU:Intel(R) Xeon(R) Gold 6126,Memory:191889MiB,Cores:48",dnaseq-1,picard-validate-sam,Lotaru-A,Realtime,4590.344056129456,138.13521447803356,408.0,0.661433297847957
"CPU:Intel(R) Xeon(R) Gold 6126,Memory:191889MiB,Cores:48",dnaseq-1,picard-validate-sam,Lotaru-A,Realtime,203.0108642578125,27.245338844980058,41.0,0.33547954036634003
"CPU:Intel(R) Xeon(R) Gold 6126,Memory:191889MiB,Cores:48",dnaseq-1,picard-validate-sam,Lotaru-A,Realtime,1474.3470220565796,59.378368697214235,153.0,0.6119060869463122
"CPU:Intel(R) Xeon(R) Gold 6126,Memory:191889MiB,Cores:48",dnaseq-1,picard-validate-sam,Lotaru-A,Realtime,405.5044136047363,32.36336465281638,91.0,0.644358630188831
"CPU:Intel(R) Xeon(R) Gold 6126,Memory:191889MiB,Cores:48",dnaseq-1,picard-validate-sam,Lotaru-A,Realtime,203.0108642578125,27.245338844980058,85.0,0.6794666018237641
"CPU:Intel(R) Xeon(R) Gold 6126,Memory:191889MiB,Cores:48",dnaseq-1,picard-validate-sam,Lotaru-A,Realtime,3055.7511615753174,99.34836885168602,183.0,0.4571127385153769
"CPU:Intel(R) Xeon(R) Gold 6126,Memory:191889MiB,Cores:48",dnaseq-1,picard-validate-sam,Lotaru-A,Realtime,203.0108642578125,27.245338844980058,105.0,0.7405205824287614
"CPU:Intel(R) Xeon(R) Gold 6126,Memory:191889MiB,Cores:48",dnaseq-1,picard-validate-sam,Lotaru-A,Realtime,405.5044136047363,32.36336465281638,62.0,0.4780102475352197
"CPU:Intel(R) Xeon(R) Gold 6126,Memory:191889MiB,Cores:48",dnaseq-1,picard-validate-sam,Lotaru-A,Realtime,203.0108642578125,27.245338844980058,46.0,0.4077100251091292
"CPU:Intel(R) Xeon(R) Gold 6126,Memory:191889MiB,Cores:48",dnaseq-1,picard-validate-sam,Lotaru-A,Realtime,2545.566870689392,86.45345750301246,303.0,0.7146750577458335
"CPU:Intel(R) Xeon(R) Gold 6126,Memory:191889MiB,Cores:48",dnaseq-1,picard-validate-sam,Lotaru-A,Realtime,609.9719657897949,37.5312833955284,127.0,0.7044780834997765
"CPU:Intel(R) Xeon(R) Gold 6126,Memory:191889MiB,Cores:48",dnaseq-1,picard-validate-sam,Lotaru-A,Realtime,812.8875761032104,42.659976797102644,87.0,0.5096554391137628
"CPU:Intel(R) Xeon(R) Gold 6126,Memory:191889MiB,Cores:48",dnaseq-1,picard-validate-sam,Lotaru-A,Realtime,609.9719657897949,37.5312833955284,72.0,0.4787321750621056
"CPU:Intel(R) Xeon(R) Gold 6126,Memory:191889MiB,Cores:48",dnaseq-1,picard-validate-sam,Lotaru-A,Realtime,5102.182312011719,151.07192980300076,553.0,0.7268138701573222
"CPU:Intel(R) Xeon(R) Gold 6126,Memory:191889MiB,Cores:48",dnaseq-1,picard-validate-sam,Lotaru-A,Realtime,812.8875761032104,42.659976797102644,235.0,0.8184681838421164
"CPU:Intel(R) Xeon(R) Gold 6126,Memory:191889MiB,Cores:48",dnaseq-1,picard-validate-sam,Lotaru-A,Realtime,812.8875761032104,42.659976797102644,76.0,0.43868451582759677
"CPU:Intel(R) Xeon(R) Gold 6126,Memory:191889MiB,Cores:48",dnaseq-1,picard-validate-sam,Lotaru-A,Realtime,609.9719657897949,37.5312833955284,92.0,0.5920512674399088
"CPU:Intel(R) Xeon(R) Gold 6126,Memory:191889MiB,Cores:48",dnaseq-1,picard-validate-sam,OnlineP,Realtime,4590.344056129456,342.44340004480284,408.0,0.1606779410666597
"CPU:Intel(R) Xeon(R) Gold 6126,Memory:191889MiB,Cores:48",dnaseq-1,picard-validate-sam,OnlineP,Realtime,203.0108642578125,47.0,41.0,0.14634146341463414
"CPU:Intel(R) Xeon(R) Gold 6126,Memory:191889MiB,Cores:48",dnaseq-1,picard-validate-sam,OnlineP,Realtime,1474.3470220565796,166.7780655954959,153.0,0.09005271631043064
"CPU:Intel(R) Xeon(R) Gold 6126,Memory:191889MiB,Cores:48",dnaseq-1,picard-validate-sam,OnlineP,Realtime,405.5044136047363,110.0,91.0,0.2087912087912088
"CPU:Intel(R) Xeon(R) Gold 6126,Memory:191889MiB,Cores:48",dnaseq-1,picard-validate-sam,OnlineP,Realtime,203.0108642578125,47.0,85.0,0.4470588235294118
"CPU:Intel(R) Xeon(R) Gold 6126,Memory:191889MiB,Cores:48",dnaseq-1,picard-validate-sam,OnlineP,Realtime,3055.7511615753174,227.96152198296062,183.0,0.24569137695606896
"CPU:Intel(R) Xeon(R) Gold 6126,Memory:191889MiB,Cores:48",dnaseq-1,picard-validate-sam,OnlineP,Realtime,203.0108642578125,47.0,105.0,0.5523809523809524
"CPU:Intel(R) Xeon(R) Gold 6126,Memory:191889MiB,Cores:48",dnaseq-1,picard-validate-sam,OnlineP,Realtime,405.5044136047363,110.0,62.0,0.7741935483870968
"CPU:Intel(R) Xeon(R) Gold 6126,Memory:191889MiB,Cores:48",dnaseq-1,picard-validate-sam,OnlineP,Realtime,203.0108642578125,47.0,46.0,0.021739130434782608
"CPU:Intel(R) Xeon(R) Gold 6126,Memory:191889MiB,Cores:48",dnaseq-1,picard-validate-sam,OnlineP,Realtime,2545.566870689392,189.9013589354577,303.0,0.37326284179716934
"CPU:Intel(R) Xeon(R) Gold 6126,Memory:191889MiB,Cores:48",dnaseq-1,picard-validate-sam,OnlineP,Realtime,609.9719657897949,69.0,127.0,0.4566929133858268
"CPU:Intel(R) Xeon(R) Gold 6126,Memory:191889MiB,Cores:48",dnaseq-1,picard-validate-sam,OnlineP,Realtime,812.8875761032104,91.95380426786807,87.0,0.056940278941012244
"CPU:Intel(R) Xeon(R) Gold 6126,Memory:191889MiB,Cores:48",dnaseq-1,picard-validate-sam,OnlineP,Realtime,609.9719657897949,69.0,72.0,0.041666666666666664
"CPU:Intel(R) Xeon(R) Gold 6126,Memory:191889MiB,Cores:48",dnaseq-1,picard-validate-sam,OnlineP,Realtime,5102.182312011719,380.62695022624945,553.0,0.3117053341297478
"CPU:Intel(R) Xeon(R) Gold 6126,Memory:191889MiB,Cores:48",dnaseq-1,picard-validate-sam,OnlineP,Realtime,812.8875761032104,91.95380426786807,235.0,0.6087072158814125
"CPU:Intel(R) Xeon(R) Gold 6126,Memory:191889MiB,Cores:48",dnaseq-1,picard-validate-sam,OnlineP,Realtime,812.8875761032104,91.95380426786807,76.0,0.20991847720879034
"CPU:Intel(R) Xeon(R) Gold 6126,Memory:191889MiB,Cores:48",dnaseq-1,picard-validate-sam,OnlineP,Realtime,609.9719657897949,69.0,92.0,0.25
"CPU:Intel(R) Xeon(R) Gold 6126,Memory:191889MiB,Cores:48",dnaseq-1,picard-validate-sam,Naive,Realtime,4590.344056129456,865.9981103477602,408.0,1.1225443881072554
"CPU:Intel(R) Xeon(R) Gold 6126,Memory:191889MiB,Cores:48",dnaseq-1,picard-validate-sam,Naive,Realtime,203.0108642578125,38.2993132274208,41.0,0.06587040908729765
"CPU:Intel(R) Xeon(R) Gold 6126,Memory:191889MiB,Cores:48",dnaseq-1,picard-validate-sam,Naive,Realtime,1474.3470220565796,278.1451062242202,153.0,0.8179418707465375
"CPU:Intel(R) Xeon(R) Gold 6126,Memory:191889MiB,Cores:48",dnaseq-1,picard-validate-sam,Naive,Realtime,405.5044136047363,76.50103164935285,91.0,0.15932932253458404
"CPU:Intel(R) Xeon(R) Gold 6126,Memory:191889MiB,Cores:48",dnaseq-1,picard-validate-sam,Naive,Realtime,203.0108642578125,38.2993132274208,85.0,0.5494198443832847
"CPU:Intel(R) Xeon(R) Gold 6126,Memory:191889MiB,Cores:48",dnaseq-1,picard-validate-sam,Naive,Realtime,3055.7511615753174,576.4872304252762,183.0,2.150203444946864
"CPU:Intel(R) Xeon(R) Gold 6126,Memory:191889MiB,Cores:48",dnaseq-1,picard-validate-sam,Naive,Realtime,203.0108642578125,38.2993132274208,105.0,0.6352446359293258
"CPU:Intel(R) Xeon(R) Gold 6126,Memory:191889MiB,Cores:48",dnaseq-1,picard-validate-sam,Naive,Realtime,405.5044136047363,76.50103164935285,62.0,0.23388760724762667
"CPU:Intel(R) Xeon(R) Gold 6126,Memory:191889MiB,Cores:48",dnaseq-1,picard-validate-sam,Naive,Realtime,203.0108642578125,38.2993132274208,46.0,0.1674062341865044
"CPU:Intel(R) Xeon(R) Gold 6126,Memory:191889MiB,Cores:48",dnaseq-1,picard-validate-sam,Naive,Realtime,2545.566870689392,480.23766254237074,303.0,0.5849427806678903
"CPU:Intel(R) Xeon(R) Gold 6126,Memory:191889MiB,Cores:48",dnaseq-1,picard-validate-sam,Naive,Realtime,609.9719657897949,115.0751584804897,127.0,0.0938963899174039
"CPU:Intel(R) Xeon(R) Gold 6126,Memory:191889MiB,Cores:48",dnaseq-1,picard-validate-sam,Naive,Realtime,812.8875761032104,153.35650143491085,87.0,0.7627184072978259
"CPU:Intel(R) Xeon(R) Gold 6126,Memory:191889MiB,Cores:48",dnaseq-1,picard-validate-sam,Naive,Realtime,609.9719657897949,115.0751584804897,72.0,0.5982660900068014
"CPU:Intel(R) Xeon(R) Gold 6126,Memory:191889MiB,Cores:48",dnaseq-1,picard-validate-sam,Naive,Realtime,5102.182312011719,962.5597094300475,553.0,0.7406143027668128
"CPU:Intel(R) Xeon(R) Gold 6126,Memory:191889MiB,Cores:48",dnaseq-1,picard-validate-sam,Naive,Realtime,812.8875761032104,153.35650143491085,235.0,0.34741914283016656
"CPU:Intel(R) Xeon(R) Gold 6126,Memory:191889MiB,Cores:48",dnaseq-1,picard-validate-sam,Naive,Realtime,812.8875761032104,153.35650143491085,76.0,1.0178487030909322
"CPU:Intel(R) Xeon(R) Gold 6126,Memory:191889MiB,Cores:48",dnaseq-1,picard-validate-sam,Naive,Realtime,609.9719657897949,115.0751584804897,92.0,0.2508169400053229
"CPU:Intel(R) Xeon(R) Gold 6126,Memory:191889MiB,Cores:48",dnaseq-1,picard-validate-sam,Perfect,Realtime,4590.344056129456,408.0,408.0,0.0
"CPU:Intel(R) Xeon(R) Gold 6126,Memory:191889MiB,Cores:48",dnaseq-1,picard-validate-sam,Perfect,Realtime,203.0108642578125,41.0,41.0,0.0
"CPU:Intel(R) Xeon(R) Gold 6126,Memory:191889MiB,Cores:48",dnaseq-1,picard-validate-sam,Perfect,Realtime,1474.3470220565796,153.0,153.0,0.0
"CPU:Intel(R) Xeon(R) Gold 6126,Memory:191889MiB,Cores:48",dnaseq-1,picard-validate-sam,Perfect,Realtime,405.5044136047363,91.0,91.0,0.0
"CPU:Intel(R) Xeon(R) Gold 6126,Memory:191889MiB,Cores:48",dnaseq-1,picard-validate-sam,Perfect,Realtime,203.0108642578125,85.0,85.0,0.0
"CPU:Intel(R) Xeon(R) Gold 6126,Memory:191889MiB,Cores:48",dnaseq-1,picard-validate-sam,Perfect,Realtime,3055.7511615753174,183.0,183.0,0.0
"CPU:Intel(R) Xeon(R) Gold 6126,Memory:191889MiB,Cores:48",dnaseq-1,picard-validate-sam,Perfect,Realtime,203.0108642578125,105.0,105.0,0.0
"CPU:Intel(R) Xeon(R) Gold 6126,Memory:191889MiB,Cores:48",dnaseq-1,picard-validate-sam,Perfect,Realtime,405.5044136047363,62.0,62.0,0.0
"CPU:Intel(R) Xeon(R) Gold 6126,Memory:191889MiB,Cores:48",dnaseq-1,picard-validate-sam,Perfect,Realtime,203.0108642578125,46.0,46.0,0.0
"CPU:Intel(R) Xeon(R) Gold 6126,Memory:191889MiB,Cores:48",dnaseq-1,picard-validate-sam,Perfect,Realtime,2545.566870689392,303.0,303.0,0.0
"CPU:Intel(R) Xeon(R) Gold 6126,Memory:191889MiB,Cores:48",dnaseq-1,picard-validate-sam,Perfect,Realtime,609.9719657897949,127.0,127.0,0.0
"CPU:Intel(R) Xeon(R) Gold 6126,Memory:191889MiB,Cores:48",dnaseq-1,picard-validate-sam,Perfect,Realtime,812.8875761032104,87.0,87.0,0.0
"CPU:Intel(R) Xeon(R) Gold 6126,Memory:191889MiB,Cores:48",dnaseq-1,picard-validate-sam,Perfect,Realtime,609.9719657897949,72.0,72.0,0.0
"CPU:Intel(R) Xeon(R) Gold 6126,Memory:191889MiB,Cores:48",dnaseq-1,picard-validate-sam,Perfect,Realtime,5102.182312011719,553.0,553.0,0.0
"CPU:Intel(R) Xeon(R) Gold 6126,Memory:191889MiB,Cores:48",dnaseq-1,picard-validate-sam,Perfect,Realtime,812.8875761032104,235.0,235.0,0.0
"CPU:Intel(R) Xeon(R) Gold 6126,Memory:191889MiB,Cores:48",dnaseq-1,picard-validate-sam,Perfect,Realtime,812.8875761032104,76.0,76.0,0.0
"CPU:Intel(R) Xeon(R) Gold 6126,Memory:191889MiB,Cores:48",dnaseq-1,picard-validate-sam,Perfect,Realtime,609.9719657897949,92.0,92.0,0.0
"CPU:Intel(R) Xeon(R) Gold 6126,Memory:191889MiB,Cores:48",dnaseq-1,samtools-index-markduplicate,Lotaru-G,Realtime,6639.323947906494,45.53924509015728,53.0,0.1407689605630702
"CPU:Intel(R) Xeon(R) Gold 6126,Memory:191889MiB,Cores:48",dnaseq-1,samtools-index-markduplicate,Lotaru-G,Realtime,203.0108642578125,31.37204909505805,28.0,0.12043032482350176
"CPU:Intel(R) Xeon(R) Gold 6126,Memory:191889MiB,Cores:48",dnaseq-1,samtools-index-markduplicate,Lotaru-G,Realtime,5102.182312011719,42.155788358807044,38.0,0.10936285154755379
"CPU:Intel(R) Xeon(R) Gold 6126,Memory:191889MiB,Cores:48",dnaseq-1,samtools-index-markduplicate,Lotaru-G,Realtime,812.8875761032104,32.714470260291726,29.0,0.12808518138936986
"CPU:Intel(R) Xeon(R) Gold 6126,Memory:191889MiB,Cores:48",dnaseq-1,samtools-index-markduplicate,Lotaru-G,Realtime,609.9719657897949,32.267825545466,32.0,0.008369548295812601
"CPU:Intel(R) Xeon(R) Gold 6126,Memory:191889MiB,Cores:48",dnaseq-1,samtools-index-markduplicate,Lotaru-G,Realtime,6639.323947906494,45.53924509015728,51.0,0.10707362568319059
"CPU:Intel(R) Xeon(R) Gold 6126,Memory:191889MiB,Cores:48",dnaseq-1,samtools-index-markduplicate,Lotaru-G,Realtime,609.9719657897949,32.267825545466,29.0,0.1126836394988277
"CPU:Intel(R) Xeon(R) Gold 6126,Memory:191889MiB,Cores:48",dnaseq-1,samtools-index-markduplicate,Lotaru-G,Realtime,812.8875761032104,32.714470260291726,128.0,0.7444182010914708
"CPU:Intel(R) Xeon(R) Gold 6126,Memory:191889MiB,Cores:48",dnaseq-1,samtools-index-markduplicate,Lotaru-G,Realtime,405.5044136047363,31.817764796587426,27.0,0.1784357332069417
"CPU:Intel(R) Xeon(R) Gold 6126,Memory:191889MiB,Cores:48",dnaseq-1,samtools-index-markduplicate,Lotaru-G,Realtime,5102.182312011719,42.155788358807044,40.0,0.0538947089701761
"CPU:Intel(R) Xeon(R) Gold 6126,Memory:191889MiB,Cores:48",dnaseq-1,samtools-index-markduplicate,Lotaru-G,Realtime,2545.566870689392,36.52833183663648,39.0,0.06337610675291071
"CPU:Intel(R) Xeon(R) Gold 6126,Memory:191889MiB,Cores:48",dnaseq-1,samtools-index-markduplicate,Lotaru-G,Realtime,3055.7511615753174,37.65131649394967,57.0,0.33945058782544435
"CPU:Intel(R) Xeon(R) Gold 6126,Memory:191889MiB,Cores:48",dnaseq-1,samtools-index-markduplicate,Lotaru-G,Realtime,1729.362572669983,34.73175573603321,30.0,0.15772519120110692
"CPU:Intel(R) Xeon(R) Gold 6126,Memory:191889MiB,Cores:48",dnaseq-1,samtools-index-markduplicate,Lotaru-G,Realtime,5613.892818450928,43.282132423065356,50.0,0.13435735153869288
"CPU:Intel(R) Xeon(R) Gold 6126,Memory:191889MiB,Cores:48",dnaseq-1,samtools-index-markduplicate,Lotaru-G,Realtime,4590.344056129456,41.02916310073879,56.0,0.267336373201093
"CPU:Intel(R) Xeon(R) Gold 6126,Memory:191889MiB,Cores:48",dnaseq-1,samtools-index-markduplicate,Lotaru-G,Realtime,4590.344056129456,41.02916310073879,108.0,0.620100341659826
"CPU:Intel(R) Xeon(R) Gold 6126,Memory:191889MiB,Cores:48",dnaseq-1,samtools-index-markduplicate,Lotaru-G,Realtime,1729.362572669983,34.73175573603321,28.0,0.2404198477154717
"CPU:Intel(R) Xeon(R) Gold 6126,Memory:191889MiB,Cores:48",dnaseq-1,samtools-index-markduplicate,Lotaru-A,Realtime,6639.323947906494,18.452450798007778,53.0,0.6518405509809854
"CPU:Intel(R) Xeon(R) Gold 6126,Memory:191889MiB,Cores:48",dnaseq-1,samtools-index-markduplicate,Lotaru-A,Realtime,203.0108642578125,12.711918944048612,28.0,0.5460028948554067
"CPU:Intel(R) Xeon(R) Gold 6126,Memory:191889MiB,Cores:48",dnaseq-1,samtools-index-markduplicate,Lotaru-A,Realtime,5102.182312011719,17.081477942862172,38.0,0.5504874225562586
"CPU:Intel(R) Xeon(R) Gold 6126,Memory:191889MiB,Cores:48",dnaseq-1,samtools-index-markduplicate,Lotaru-A,Realtime,812.8875761032104,13.25586648759348,29.0,0.5429011556002249
"CPU:Intel(R) Xeon(R) Gold 6126,Memory:191889MiB,Cores:48",dnaseq-1,samtools-index-markduplicate,Lotaru-A,Realtime,609.9719657897949,13.074886552414597,32.0,0.5914097952370438
"CPU:Intel(R) Xeon(R) Gold 6126,Memory:191889MiB,Cores:48",dnaseq-1,samtools-index-markduplicate,Lotaru-A,Realtime,6639.323947906494,18.452450798007778,51.0,0.6381872392547495
"CPU:Intel(R) Xeon(R) Gold 6126,Memory:191889MiB,Cores:48",dnaseq-1,samtools-index-markduplicate,Lotaru-A,Realtime,609.9719657897949,13.074886552414597,29.0,0.5491418430201863
"CPU:Intel(R) Xeon(R) Gold 6126,Memory:191889MiB,Cores:48",dnaseq-1,samtools-index-markduplicate,Lotaru-A,Realtime,812.8875761032104,13.25586648759348,128.0,0.8964385430656759
"CPU:Intel(R) Xeon(R) Gold 6126,Memory:191889MiB,Cores:48",dnaseq-1,samtools-index-markduplicate,Lotaru-A,Realtime,405.5044136047363,12.892522444086605,27.0,0.5224991687375331
"CPU:Intel(R) Xeon(R) Gold 6126,Memory:191889MiB,Cores:48",dnaseq-1,samtools-index-markduplicate,Lotaru-A,Realtime,5102.182312011719,17.081477942862172,40.0,0.5729630514284457
"CPU:Intel(R) Xeon(R) Gold 6126,Memory:191889MiB,Cores:48",dnaseq-1,samtools-index-markduplicate,Lotaru-A,Realtime,2545.566870689392,14.801238900961057,39.0,0.6204810538215114
"CPU:Intel(R) Xeon(R) Gold 6126,Memory:191889MiB,Cores:48",dnaseq-1,samtools-index-markduplicate,Lotaru-A,Realtime,3055.7511615753174,15.256271018752312,57.0,0.7323461224780295
"CPU:Intel(R) Xeon(R) Gold 6126,Memory:191889MiB,Cores:48",dnaseq-1,samtools-index-markduplicate,Lotaru-A,Realtime,1729.362572669983,14.073268289335267,30.0,0.5308910570221578
"CPU:Intel(R) Xeon(R) Gold 6126,Memory:191889MiB,Cores:48",dnaseq-1,samtools-index-markduplicate,Lotaru-A,Realtime,5613.892818450928,17.53787128856229,50.0,0.6492425742287543
"CPU:Intel(R) Xeon(R) Gold 6126,Memory:191889MiB,Cores:48",dnaseq-1,samtools-index-markduplicate,Lotaru-A,Realtime,4590.344056129456,16.624970657747106,56.0,0.7031255239688017
"CPU:Intel(R) Xeon(R) Gold 6126,Memory:191889MiB,Cores:48",dnaseq-1,samtools-index-markduplicate,Lotaru-A,Realtime,4590.344056129456,16.624970657747106,108.0,0.8460650865023417
"CPU:Intel(R) Xeon(R) Gold 6126,Memory:191889MiB,Cores:48",dnaseq-1,samtools-index-markduplicate,Lotaru-A,Realtime,1729.362572669983,14.073268289335267,28.0,0.4973832753808833
"CPU:Intel(R) Xeon(R) Gold 6126,Memory:191889MiB,Cores:48",dnaseq-1,samtools-index-markduplicate,OnlineP,Realtime,6639.323947906494,32.5,53.0,0.3867924528301887
"CPU:Intel(R) Xeon(R) Gold 6126,Memory:191889MiB,Cores:48",dnaseq-1,samtools-index-markduplicate,OnlineP,Realtime,203.0108642578125,32.5,28.0,0.16071428571428573
"CPU:Intel(R) Xeon(R) Gold 6126,Memory:191889MiB,Cores:48",dnaseq-1,samtools-index-markduplicate,OnlineP,Realtime,5102.182312011719,32.5,38.0,0.14473684210526316
"CPU:Intel(R) Xeon(R) Gold 6126,Memory:191889MiB,Cores:48",dnaseq-1,samtools-index-markduplicate,OnlineP,Realtime,812.8875761032104,32.5,29.0,0.1206896551724138
"CPU:Intel(R) Xeon(R) Gold 6126,Memory:191889MiB,Cores:48",dnaseq-1,samtools-index-markduplicate,OnlineP,Realtime,609.9719657897949,32.5,32.0,0.015625
"CPU:Intel(R) Xeon(R) Gold 6126,Memory:191889MiB,Cores:48",dnaseq-1,samtools-index-markduplicate,OnlineP,Realtime,6639.323947906494,32.5,51.0,0.3627450980392157
"CPU:Intel(R) Xeon(R) Gold 6126,Memory:191889MiB,Cores:48",dnaseq-1,samtools-index-markduplicate,OnlineP,Realtime,609.9719657897949,32.5,29.0,0.1206896551724138
"CPU:Intel(R) Xeon(R) Gold 6126,Memory:191889MiB,Cores:48",dnaseq-1,samtools-index-markduplicate,OnlineP,Realtime,812.8875761032104,32.5,128.0,0.74609375
"CPU:Intel(R) Xeon(R) Gold 6126,Memory:191889MiB,Cores:48",dnaseq-1,samtools-index-markduplicate,OnlineP,Realtime,405.5044136047363,32.5,27.0,0.2037037037037037
"CPU:Intel(R) Xeon(R) Gold 6126,Memory:191889MiB,Cores:48",dnaseq-1,samtools-index-markduplicate,OnlineP,Realtime,5102.182312011719,32.5,40.0,0.1875
"CPU:Intel(R) Xeon(R) Gold 6126,Memory:191889MiB,Cores:48",dnaseq-1,samtools-index-markduplicate,OnlineP,Realtime,2545.566870689392,32.5,39.0,0.16666666666666666
"CPU:Intel(R) Xeon(R) Gold 6126,Memory:191889MiB,Cores:48",dnaseq-1,samtools-index-markduplicate,OnlineP,Realtime,3055.7511615753174,32.5,57.0,0.4298245614035088
"CPU:Intel(R) Xeon(R) Gold 6126,Memory:191889MiB,Cores:48",dnaseq-1,samtools-index-markduplicate,OnlineP,Realtime,1729.362572669983,32.5,30.0,0.08333333333333333
"CPU:Intel(R) Xeon(R) Gold 6126,Memory:191889MiB,Cores:48",dnaseq-1,samtools-index-markduplicate,OnlineP,Realtime,5613.892818450928,32.5,50.0,0.35
"CPU:Intel(R) Xeon(R) Gold 6126,Memory:191889MiB,Cores:48",dnaseq-1,samtools-index-markduplicate,OnlineP,Realtime,4590.344056129456,32.5,56.0,0.41964285714285715
"CPU:Intel(R) Xeon(R) Gold 6126,Memory:191889MiB,Cores:48",dnaseq-1,samtools-index-markduplicate,OnlineP,Realtime,4590.344056129456,32.5,108.0,0.6990740740740741
"CPU:Intel(R) Xeon(R) Gold 6126,Memory:191889MiB,Cores:48",dnaseq-1,samtools-index-markduplicate,OnlineP,Realtime,1729.362572669983,32.5,28.0,0.16071428571428573
"CPU:Intel(R) Xeon(R) Gold 6126,Memory:191889MiB,Cores:48",dnaseq-1,samtools-index-markduplicate,Naive,Realtime,6639.323947906494,330.576229616041,53.0,5.237287351246057
"CPU:Intel(R) Xeon(R) Gold 6126,Memory:191889MiB,Cores:48",dnaseq-1,samtools-index-markduplicate,Naive,Realtime,203.0108642578125,10.108042114529267,28.0,0.638998495909669
"CPU:Intel(R) Xeon(R) Gold 6126,Memory:191889MiB,Cores:48",dnaseq-1,samtools-index-markduplicate,Naive,Realtime,5102.182312011719,254.04095428275122,38.0,5.685288270598716
"CPU:Intel(R) Xeon(R) Gold 6126,Memory:191889MiB,Cores:48",dnaseq-1,samtools-index-markduplicate,Naive,Realtime,812.8875761032104,40.474197692169376,29.0,0.3956619893851509
"CPU:Intel(R) Xeon(R) Gold 6126,Memory:191889MiB,Cores:48",dnaseq-1,samtools-index-markduplicate,Naive,Realtime,609.9719657897949,30.37089833308357,32.0,0.05090942709113844
"CPU:Intel(R) Xeon(R) Gold 6126,Memory:191889MiB,Cores:48",dnaseq-1,samtools-index-markduplicate,Naive,Realtime,6639.323947906494,330.576229616041,51.0,5.481886855216491
"CPU:Intel(R) Xeon(R) Gold 6126,Memory:191889MiB,Cores:48",dnaseq-1,samtools-index-markduplicate,Naive,Realtime,609.9719657897949,30.37089833308357,29.0,0.04727235631322655
"CPU:Intel(R) Xeon(R) Gold 6126,Memory:191889MiB,Cores:48",dnaseq-1,samtools-index-markduplicate,Naive,Realtime,812.8875761032104,40.474197692169376,128.0,0.6837953305299267
"CPU:Intel(R) Xeon(R) Gold 6126,Memory:191889MiB,Cores:48",dnaseq-1,samtools-index-markduplicate,Naive,Realtime,405.5044136047363,20.19032678536283,27.0,0.2522101190606359
"CPU:Intel(R) Xeon(R) Gold 6126,Memory:191889MiB,Cores:48",dnaseq-1,samtools-index-markduplicate,Naive,Realtime,5102.182312011719,254.04095428275122,40.0,5.35102385706878
"CPU:Intel(R) Xeon(R) Gold 6126,Memory:191889MiB,Cores:48",dnaseq-1,samtools-index-markduplicate,Naive,Realtime,2545.566870689392,126.74541940574322,39.0,2.249882548865211
"CPU:Intel(R) Xeon(R) Gold 6126,Memory:191889MiB,Cores:48",dnaseq-1,samtools-index-markduplicate,Naive,Realtime,3055.7511615753174,152.1478249237904,57.0,1.669260086382288
"CPU:Intel(R) Xeon(R) Gold 6126,Memory:191889MiB,Cores:48",dnaseq-1,samtools-index-markduplicate,Naive,Realtime,1729.362572669983,86.10607998614125,30.0,1.8702026662047084
"CPU:Intel(R) Xeon(R) Gold 6126,Memory:191889MiB,Cores:48",dnaseq-1,samtools-index-markduplicate,Naive,Realtime,5613.892818450928,279.51935105941817,50.0,4.590387021188364
"CPU:Intel(R) Xeon(R) Gold 6126,Memory:191889MiB,Cores:48",dnaseq-1,samtools-index-markduplicate,Naive,Realtime,4590.344056129456,228.55619677876447,56.0,3.081360656763651
"CPU:Intel(R) Xeon(R) Gold 6126,Memory:191889MiB,Cores:48",dnaseq-1,samtools-index-markduplicate,Naive,Realtime,4590.344056129456,228.55619677876447,108.0,1.1162610812848561
"CPU:Intel(R) Xeon(R) Gold 6126,Memory:191889MiB,Cores:48",dnaseq-1,samtools-index-markduplicate,Naive,Realtime,1729.362572669983,86.10607998614125,28.0,2.0752171423621877
"CPU:Intel(R) Xeon(R) Gold 6126,Memory:191889MiB,Cores:48",dnaseq-1,samtools-index-markduplicate,Perfect,Realtime,6639.323947906494,53.0,53.0,0.0
"CPU:Intel(R) Xeon(R) Gold 6126,Memory:191889MiB,Cores:48",dnaseq-1,samtools-index-markduplicate,Perfect,Realtime,203.0108642578125,28.0,28.0,0.0
"CPU:Intel(R) Xeon(R) Gold 6126,Memory:191889MiB,Cores:48",dnaseq-1,samtools-index-markduplicate,Perfect,Realtime,5102.182312011719,38.0,38.0,0.0
"CPU:Intel(R) Xeon(R) Gold 6126,Memory:191889MiB,Cores:48",dnaseq-1,samtools-index-markduplicate,Perfect,Realtime,812.8875761032104,29.0,29.0,0.0
"CPU:Intel(R) Xeon(R) Gold 6126,Memory:191889MiB,Cores:48",dnaseq-1,samtools-index-markduplicate,Perfect,Realtime,609.9719657897949,32.0,32.0,0.0
"CPU:Intel(R) Xeon(R) Gold 6126,Memory:191889MiB,Cores:48",dnaseq-1,samtools-index-markduplicate,Perfect,Realtime,6639.323947906494,51.0,51.0,0.0
"CPU:Intel(R) Xeon(R) Gold 6126,Memory:191889MiB,Cores:48",dnaseq-1,samtools-index-markduplicate,Perfect,Realtime,609.9719657897949,29.0,29.0,0.0
"CPU:Intel(R) Xeon(R) Gold 6126,Memory:191889MiB,Cores:48",dnaseq-1,samtools-index-markduplicate,Perfect,Realtime,812.8875761032104,128.0,128.0,0.0
"CPU:Intel(R) Xeon(R) Gold 6126,Memory:191889MiB,Cores:48",dnaseq-1,samtools-index-markduplicate,Perfect,Realtime,405.5044136047363,27.0,27.0,0.0
"CPU:Intel(R) Xeon(R) Gold 6126,Memory:191889MiB,Cores:48",dnaseq-1,samtools-index-markduplicate,Perfect,Realtime,5102.182312011719,40.0,40.0,0.0
"CPU:Intel(R) Xeon(R) Gold 6126,Memory:191889MiB,Cores:48",dnaseq-1,samtools-index-markduplicate,Perfect,Realtime,2545.566870689392,39.0,39.0,0.0
"CPU:Intel(R) Xeon(R) Gold 6126,Memory:191889MiB,Cores:48",dnaseq-1,samtools-index-markduplicate,Perfect,Realtime,3055.7511615753174,57.0,57.0,0.0
"CPU:Intel(R) Xeon(R) Gold 6126,Memory:191889MiB,Cores:48",dnaseq-1,samtools-index-markduplicate,Perfect,Realtime,1729.362572669983,30.0,30.0,0.0
"CPU:Intel(R) Xeon(R) Gold 6126,Memory:191889MiB,Cores:48",dnaseq-1,samtools-index-markduplicate,Perfect,Realtime,5613.892818450928,50.0,50.0,0.0
"CPU:Intel(R) Xeon(R) Gold 6126,Memory:191889MiB,Cores:48",dnaseq-1,samtools-index-markduplicate,Perfect,Realtime,4590.344056129456,56.0,56.0,0.0
"CPU:Intel(R) Xeon(R) Gold 6126,Memory:191889MiB,Cores:48",dnaseq-1,samtools-index-markduplicate,Perfect,Realtime,4590.344056129456,108.0,108.0,0.0
"CPU:Intel(R) Xeon(R) Gold 6126,Memory:191889MiB,Cores:48",dnaseq-1,samtools-index-markduplicate,Perfect,Realtime,1729.362572669983,28.0,28.0,0.0
"CPU:Intel(R) Xeon(R) Gold 6126,Memory:191889MiB,Cores:48",dnaseq-1,samtools-sort-markduplicate,Lotaru-G,Realtime,3565.6447715759277,175.6371054312561,177.0,0.007699969314937352
"CPU:Intel(R) Xeon(R) Gold 6126,Memory:191889MiB,Cores:48",dnaseq-1,samtools-sort-markduplicate,Lotaru-G,Realtime,203.0108642578125,55.25136067802031,55.0,0.0045701941458238535
"CPU:Intel(R) Xeon(R) Gold 6126,Memory:191889MiB,Cores:48",dnaseq-1,samtools-sort-markduplicate,Lotaru-G,Realtime,812.8875761032104,77.08557284229354,56.0,0.37652808646952757
"CPU:Intel(R) Xeon(R) Gold 6126,Memory:191889MiB,Cores:48",dnaseq-1,samtools-sort-markduplicate,Lotaru-G,Realtime,2545.566870689392,139.11726973421912,142.0,0.020300917364654076
"CPU:Intel(R) Xeon(R) Gold 6126,Memory:191889MiB,Cores:48",dnaseq-1,samtools-sort-markduplicate,Lotaru-G,Realtime,203.0108642578125,55.25136067802031,42.0,0.3155085875719122
"CPU:Intel(R) Xeon(R) Gold 6126,Memory:191889MiB,Cores:48",dnaseq-1,samtools-sort-markduplicate,Lotaru-G,Realtime,812.8875761032104,77.08557284229354,54.0,0.4275106081906212
"CPU:Intel(R) Xeon(R) Gold 6126,Memory:191889MiB,Cores:48",dnaseq-1,samtools-sort-markduplicate,Lotaru-G,Realtime,2545.566870689392,139.11726973421912,153.0,0.09073679912275084
"CPU:Intel(R) Xeon(R) Gold 6126,Memory:191889MiB,Cores:48",dnaseq-1,samtools-sort-markduplicate,Lotaru-G,Realtime,2545.566870689392,139.11726973421912,201.0,0.3078742799292581
"CPU:Intel(R) Xeon(R) Gold 6126,Memory:191889MiB,Cores:48",dnaseq-1,samtools-sort-markduplicate,Lotaru-G,Realtime,812.8875761032104,77.08557284229354,53.0,0.45444477060931215
"CPU:Intel(R) Xeon(R) Gold 6126,Memory:191889MiB,Cores:48",dnaseq-1,samtools-sort-markduplicate,Lotaru-G,Realtime,203.0108642578125,55.25136067802031,34.0,0.6250400199417738
"CPU:Intel(R) Xeon(R) Gold 6126,Memory:191889MiB,Cores:48",dnaseq-1,samtools-sort-markduplicate,Lotaru-G,Realtime,5102.182312011719,230.64672623597738,249.0,0.07370792676314304
"CPU:Intel(R) Xeon(R) Gold 6126,Memory:191889MiB,Cores:48",dnaseq-1,samtools-sort-markduplicate,Lotaru-G,Realtime,609.9719657897949,69.82098575284714,56.0,0.24680331701512742
"CPU:Intel(R) Xeon(R) Gold 6126,Memory:191889MiB,Cores:48",dnaseq-1,samtools-sort-markduplicate,Lotaru-G,Realtime,3565.6447715759277,175.6371054312561,182.0,0.03496095916892259
"CPU:Intel(R) Xeon(R) Gold 6126,Memory:191889MiB,Cores:48",dnaseq-1,samtools-sort-markduplicate,Lotaru-G,Realtime,6639.323947906494,285.67797427807756,327.0,0.1263670511373775
"CPU:Intel(R) Xeon(R) Gold 6126,Memory:191889MiB,Cores:48",dnaseq-1,samtools-sort-markduplicate,Lotaru-G,Realtime,405.5044136047363,62.50083755173024,44.0,0.4204735807211419
"CPU:Intel(R) Xeon(R) Gold 6126,Memory:191889MiB,Cores:48",dnaseq-1,samtools-sort-markduplicate,Lotaru-G,Realtime,203.0108642578125,55.25136067802031,44.0,0.25571274268227984
"CPU:Intel(R) Xeon(R) Gold 6126,Memory:191889MiB,Cores:48",dnaseq-1,samtools-sort-markduplicate,Lotaru-G,Realtime,3055.7511615753174,157.382390919739,145.0,0.08539579944647592
"CPU:Intel(R) Xeon(R) Gold 6126,Memory:191889MiB,Cores:48",dnaseq-1,samtools-sort-markduplicate,Lotaru-G,Realtime,405.5044136047363,62.50083755173024,53.0,0.1792610858817027
"CPU:Intel(R) Xeon(R) Gold 6126,Memory:191889MiB,Cores:48",dnaseq-1,samtools-sort-markduplicate,Lotaru-G,Realtime,5613.892818450928,248.9664875045691,286.0,0.12948780592808007
"CPU:Intel(R) Xeon(R) Gold 6126,Memory:191889MiB,Cores:48",dnaseq-1,samtools-sort-markduplicate,Lotaru-G,Realtime,1474.3470220565796,100.7664998239252,110.0,0.08394091069158907
"CPU:Intel(R) Xeon(R) Gold 6126,Memory:191889MiB,Cores:48",dnaseq-1,samtools-sort-markduplicate,Lotaru-G,Realtime,5102.182312011719,230.64672623597738,366.0,0.3698176878798432
"CPU:Intel(R) Xeon(R) Gold 6126,Memory:191889MiB,Cores:48",dnaseq-1,samtools-sort-markduplicate,Lotaru-G,Realtime,6639.323947906494,285.67797427807756,321.0,0.1100374633081696
"CPU:Intel(R) Xeon(R) Gold 6126,Memory:191889MiB,Cores:48",dnaseq-1,samtools-sort-markduplicate,Lotaru-G,Realtime,203.0108642578125,55.25136067802031,42.0,0.3155085875719122
"CPU:Intel(R) Xeon(R) Gold 6126,Memory:191889MiB,Cores:48",dnaseq-1,samtools-sort-markduplicate,Lotaru-A,Realtime,3565.6447715759277,145.89431229502858,177.0,0.1757383486156577
"CPU:Intel(R) Xeon(R) Gold 6126,Memory:191889MiB,Cores:48",dnaseq-1,samtools-sort-markduplicate,Lotaru-A,Realtime,203.0108642578125,45.894967636205756,55.0,0.16554604297807715
"CPU:Intel(R) Xeon(R) Gold 6126,Memory:191889MiB,Cores:48",dnaseq-1,samtools-sort-markduplicate,Lotaru-A,Realtime,812.8875761032104,64.03172387793956,56.0,0.14342364067749205
"CPU:Intel(R) Xeon(R) Gold 6126,Memory:191889MiB,Cores:48",dnaseq-1,samtools-sort-markduplicate,Lotaru-A,Realtime,2545.566870689392,115.558829931753,142.0,0.18620542301582396
"CPU:Intel(R) Xeon(R) Gold 6126,Memory:191889MiB,Cores:48",dnaseq-1,samtools-sort-markduplicate,Lotaru-A,Realtime,203.0108642578125,45.894967636205756,42.0,0.09273732467156562
"CPU:Intel(R) Xeon(R) Gold 6126,Memory:191889MiB,Cores:48",dnaseq-1,samtools-sort-markduplicate,Lotaru-A,Realtime,812.8875761032104,64.03172387793956,54.0,0.18577266440628806
"CPU:Intel(R) Xeon(R) Gold 6126,Memory:191889MiB,Cores:48",dnaseq-1,samtools-sort-markduplicate,Lotaru-A,Realtime,2545.566870689392,115.558829931753,153.0,0.24471352985782355
"CPU:Intel(R) Xeon(R) Gold 6126,Memory:191889MiB,Cores:48",dnaseq-1,samtools-sort-markduplicate,Lotaru-A,Realtime,2545.566870689392,115.558829931753,201.0,0.42508044810073137
"CPU:Intel(R) Xeon(R) Gold 6126,Memory:191889MiB,Cores:48",dnaseq-1,samtools-sort-markduplicate,Lotaru-A,Realtime,812.8875761032104,64.03172387793956,53.0,0.20814573354602933
"CPU:Intel(R) Xeon(R) Gold 6126,Memory:191889MiB,Cores:48",dnaseq-1,samtools-sort-markduplicate,Lotaru-A,Realtime,203.0108642578125,45.894967636205756,34.0,0.3498519893001693
"CPU:Intel(R) Xeon(R) Gold 6126,Memory:191889MiB,Cores:48",dnaseq-1,samtools-sort-markduplicate,Lotaru-A,Realtime,5102.182312011719,191.58847684647242,249.0,0.23056836607842401
"CPU:Intel(R) Xeon(R) Gold 6126,Memory:191889MiB,Cores:48",dnaseq-1,samtools-sort-markduplicate,Lotaru-A,Realtime,609.9719657897949,57.997338746621416,56.0,0.03566676333252529
"CPU:Intel(R) Xeon(R) Gold 6126,Memory:191889MiB,Cores:48",dnaseq-1,samtools-sort-markduplicate,Lotaru-A,Realtime,3565.6447715759277,145.89431229502858,182.0,0.19838289947786492
"CPU:Intel(R) Xeon(R) Gold 6126,Memory:191889MiB,Cores:48",dnaseq-1,samtools-sort-markduplicate,Lotaru-A,Realtime,6639.323947906494,237.30060622896087,327.0,0.27431007269430924
"CPU:Intel(R) Xeon(R) Gold 6126,Memory:191889MiB,Cores:48",dnaseq-1,samtools-sort-markduplicate,Lotaru-A,Realtime,405.5044136047363,51.916801350623174,44.0,0.17992730342325397
"CPU:Intel(R) Xeon(R) Gold 6126,Memory:191889MiB,Cores:48",dnaseq-1,samtools-sort-markduplicate,Lotaru-A,Realtime,203.0108642578125,45.894967636205756,44.0,0.04306744627740355
"CPU:Intel(R) Xeon(R) Gold 6126,Memory:191889MiB,Cores:48",dnaseq-1,samtools-sort-markduplicate,Lotaru-A,Realtime,3055.7511615753174,130.7308933052852,145.0,0.0984076323773434
"CPU:Intel(R) Xeon(R) Gold 6126,Memory:191889MiB,Cores:48",dnaseq-1,samtools-sort-markduplicate,Lotaru-A,Realtime,405.5044136047363,51.916801350623174,53.0,0.020437710365600482
"CPU:Intel(R) Xeon(R) Gold 6126,Memory:191889MiB,Cores:48",dnaseq-1,samtools-sort-markduplicate,Lotaru-A,Realtime,5613.892818450928,206.8059274251965,286.0,0.2769023516601521
"CPU:Intel(R) Xeon(R) Gold 6126,Memory:191889MiB,Cores:48",dnaseq-1,samtools-sort-markduplicate,Lotaru-A,Realtime,1474.3470220565796,83.7024679841511,110.0,0.23906847287135366
"CPU:Intel(R) Xeon(R) Gold 6126,Memory:191889MiB,Cores:48",dnaseq-1,samtools-sort-markduplicate,Lotaru-A,Realtime,5102.182312011719,191.58847684647242,366.0,0.4765342162664688
"CPU:Intel(R) Xeon(R) Gold 6126,Memory:191889MiB,Cores:48",dnaseq-1,samtools-sort-markduplicate,Lotaru-A,Realtime,6639.323947906494,237.30060622896087,321.0,0.2607457749876608
"CPU:Intel(R) Xeon(R) Gold 6126,Memory:191889MiB,Cores:48",dnaseq-1,samtools-sort-markduplicate,Lotaru-A,Realtime,203.0108642578125,45.894967636205756,42.0,0.09273732467156562
"CPU:Intel(R) Xeon(R) Gold 6126,Memory:191889MiB,Cores:48",dnaseq-1,samtools-sort-markduplicate,OnlineP,Realtime,3565.6447715759277,160.0,177.0,0.096045197740113
"CPU:Intel(R) Xeon(R) Gold 6126,Memory:191889MiB,Cores:48",dnaseq-1,samtools-sort-markduplicate,OnlineP,Realtime,203.0108642578125,38.0,55.0,0.3090909090909091
"CPU:Intel(R) Xeon(R) Gold 6126,Memory:191889MiB,Cores:48",dnaseq-1,samtools-sort-markduplicate,OnlineP,Realtime,812.8875761032104,57.99999999999999,56.0,0.03571428571428559
"CPU:Intel(R) Xeon(R) Gold 6126,Memory:191889MiB,Cores:48",dnaseq-1,samtools-sort-markduplicate,OnlineP,Realtime,2545.566870689392,114.22638131456101,142.0,0.1955888639819647
"CPU:Intel(R) Xeon(R) Gold 6126,Memory:191889MiB,Cores:48",dnaseq-1,samtools-sort-markduplicate,OnlineP,Realtime,203.0108642578125,38.0,42.0,0.09523809523809523
"CPU:Intel(R) Xeon(R) Gold 6126,Memory:191889MiB,Cores:48",dnaseq-1,samtools-sort-markduplicate,OnlineP,Realtime,812.8875761032104,57.99999999999999,54.0,0.07407407407407395
"CPU:Intel(R) Xeon(R) Gold 6126,Memory:191889MiB,Cores:48",dnaseq-1,samtools-sort-markduplicate,OnlineP,Realtime,2545.566870689392,114.22638131456101,153.0,0.25342234434927446
"CPU:Intel(R) Xeon(R) Gold 6126,Memory:191889MiB,Cores:48",dnaseq-1,samtools-sort-markduplicate,OnlineP,Realtime,2545.566870689392,114.22638131456101,201.0,0.43170954569870146
"CPU:Intel(R) Xeon(R) Gold 6126,Memory:191889MiB,Cores:48",dnaseq-1,samtools-sort-markduplicate,OnlineP,Realtime,812.8875761032104,57.99999999999999,53.0,0.0943396226415093
"CPU:Intel(R) Xeon(R) Gold 6126,Memory:191889MiB,Cores:48",dnaseq-1,samtools-sort-markduplicate,OnlineP,Realtime,203.0108642578125,38.0,34.0,0.11764705882352941
"CPU:Intel(R) Xeon(R) Gold 6126,Memory:191889MiB,Cores:48",dnaseq-1,samtools-sort-markduplicate,OnlineP,Realtime,5102.182312011719,230.08117162288818,249.0,0.07597923043016797
"CPU:Intel(R) Xeon(R) Gold 6126,Memory:191889MiB,Cores:48",dnaseq-1,samtools-sort-markduplicate,OnlineP,Realtime,609.9719657897949,43.52185352051216,56.0,0.22282404427656857
"CPU:Intel(R) Xeon(R) Gold 6126,Memory:191889MiB,Cores:48",dnaseq-1,samtools-sort-markduplicate,OnlineP,Realtime,3565.6447715759277,160.0,182.0,0.12087912087912088
"CPU:Intel(R) Xeon(R) Gold 6126,Memory:191889MiB,Cores:48",dnaseq-1,samtools-sort-markduplicate,OnlineP,Realtime,6639.323947906494,299.39804956046754,327.0,0.0844096343716589
"CPU:Intel(R) Xeon(R) Gold 6126,Memory:191889MiB,Cores:48",dnaseq-1,samtools-sort-markduplicate,OnlineP,Realtime,405.5044136047363,101.0,44.0,1.2954545454545454
"CPU:Intel(R) Xeon(R) Gold 6126,Memory:191889MiB,Cores:48",dnaseq-1,samtools-sort-markduplicate,OnlineP,Realtime,203.0108642578125,38.0,44.0,0.13636363636363635
"CPU:Intel(R) Xeon(R) Gold 6126,Memory:191889MiB,Cores:48",dnaseq-1,samtools-sort-markduplicate,OnlineP,Realtime,3055.7511615753174,137.11971247095374,145.0,0.0543468105451466
"CPU:Intel(R) Xeon(R) Gold 6126,Memory:191889MiB,Cores:48",dnaseq-1,samtools-sort-markduplicate,OnlineP,Realtime,405.5044136047363,101.0,53.0,0.9056603773584906
"CPU:Intel(R) Xeon(R) Gold 6126,Memory:191889MiB,Cores:48",dnaseq-1,samtools-sort-markduplicate,OnlineP,Realtime,5613.892818450928,253.15658242820166,286.0,0.11483712437691727
"CPU:Intel(R) Xeon(R) Gold 6126,Memory:191889MiB,Cores:48",dnaseq-1,samtools-sort-markduplicate,OnlineP,Realtime,1474.3470220565796,105.19551509103681,110.0,0.043677135536029
"CPU:Intel(R) Xeon(R) Gold 6126,Memory:191889MiB,Cores:48",dnaseq-1,samtools-sort-markduplicate,OnlineP,Realtime,5102.182312011719,230.08117162288818,366.0,0.37136291906314706
"CPU:Intel(R) Xeon(R) Gold 6126,Memory:191889MiB,Cores:48",dnaseq-1,samtools-sort-markduplicate,OnlineP,Realtime,6639.323947906494,299.39804956046754,321.0,0.06729579576178336
"CPU:Intel(R) Xeon(R) Gold 6126,Memory:191889MiB,Cores:48",dnaseq-1,samtools-sort-markduplicate,OnlineP,Realtime,203.0108642578125,38.0,42.0,0.09523809523809523
"CPU:Intel(R) Xeon(R) Gold 6126,Memory:191889MiB,Cores:48",dnaseq-1,samtools-sort-markduplicate,Naive,Realtime,3565.6447715759277,460.50476049087763,177.0,1.6017218106829245
"CPU:Intel(R) Xeon(R) Gold 6126,Memory:191889MiB,Cores:48",dnaseq-1,samtools-sort-markduplicate,Naive,Realtime,203.0108642578125,26.21895208612462,55.0,0.5232917802522796
"CPU:Intel(R) Xeon(R) Gold 6126,Memory:191889MiB,Cores:48",dnaseq-1,samtools-sort-markduplicate,Naive,Realtime,812.8875761032104,104.98482673414784,56.0,0.8747290488240687
"CPU:Intel(R) Xeon(R) Gold 6126,Memory:191889MiB,Cores:48",dnaseq-1,samtools-sort-markduplicate,Naive,Realtime,2545.566870689392,328.76120230625986,142.0,1.3152197345511258
"CPU:Intel(R) Xeon(R) Gold 6126,Memory:191889MiB,Cores:48",dnaseq-1,samtools-sort-markduplicate,Naive,Realtime,203.0108642578125,26.21895208612462,42.0,0.3757392360446519
"CPU:Intel(R) Xeon(R) Gold 6126,Memory:191889MiB,Cores:48",dnaseq-1,samtools-sort-markduplicate,Naive,Realtime,812.8875761032104,104.98482673414784,54.0,0.9441634580397749
"CPU:Intel(R) Xeon(R) Gold 6126,Memory:191889MiB,Cores:48",dnaseq-1,samtools-sort-markduplicate,Naive,Realtime,2545.566870689392,328.76120230625986,153.0,1.1487660281454892
"CPU:Intel(R) Xeon(R) Gold 6126,Memory:191889MiB,Cores:48",dnaseq-1,samtools-sort-markduplicate,Naive,Realtime,2545.566870689392,328.76120230625986,201.0,0.635627872170447
"CPU:Intel(R) Xeon(R) Gold 6126,Memory:191889MiB,Cores:48",dnaseq-1,samtools-sort-markduplicate,Naive,Realtime,812.8875761032104,104.98482673414784,53.0,0.9808457874367518
"CPU:Intel(R) Xeon(R) Gold 6126,Memory:191889MiB,Cores:48",dnaseq-1,samtools-sort-markduplicate,Naive,Realtime,203.0108642578125,26.21895208612462,34.0,0.2288543504080994
"CPU:Intel(R) Xeon(R) Gold 6126,Memory:191889MiB,Cores:48",dnaseq-1,samtools-sort-markduplicate,Naive,Realtime,5102.182312011719,658.9493328959105,249.0,1.6463828630357853
"CPU:Intel(R) Xeon(R) Gold 6126,Memory:191889MiB,Cores:48",dnaseq-1,samtools-sort-markduplicate,Naive,Realtime,609.9719657897949,78.77817674137813,56.0,0.40675315609603807
"CPU:Intel(R) Xeon(R) Gold 6126,Memory:191889MiB,Cores:48",dnaseq-1,samtools-sort-markduplicate,Naive,Realtime,3565.6447715759277,460.50476049087763,182.0,1.5302459367630639
"CPU:Intel(R) Xeon(R) Gold 6126,Memory:191889MiB,Cores:48",dnaseq-1,samtools-sort-markduplicate,Naive,Realtime,6639.323947906494,857.471924523966,327.0,1.622238301296532
"CPU:Intel(R) Xeon(R) Gold 6126,Memory:191889MiB,Cores:48",dnaseq-1,samtools-sort-markduplicate,Naive,Realtime,405.5044136047363,52.371092699318396,44.0,0.1902521068026908
"CPU:Intel(R) Xeon(R) Gold 6126,Memory:191889MiB,Cores:48",dnaseq-1,samtools-sort-markduplicate,Naive,Realtime,203.0108642578125,26.21895208612462,44.0,0.40411472531534953
"CPU:Intel(R) Xeon(R) Gold 6126,Memory:191889MiB,Cores:48",dnaseq-1,samtools-sort-markduplicate,Naive,Realtime,3055.7511615753174,394.651752187591,145.0,1.7217362219833863
"CPU:Intel(R) Xeon(R) Gold 6126,Memory:191889MiB,Cores:48",dnaseq-1,samtools-sort-markduplicate,Naive,Realtime,405.5044136047363,52.371092699318396,53.0,0.011866175484558565
"CPU:Intel(R) Xeon(R) Gold 6126,Memory:191889MiB,Cores:48",dnaseq-1,samtools-sort-markduplicate,Naive,Realtime,5613.892818450928,725.036994259974,286.0,1.5350943855243846
"CPU:Intel(R) Xeon(R) Gold 6126,Memory:191889MiB,Cores:48",dnaseq-1,samtools-sort-markduplicate,Naive,Realtime,1474.3470220565796,190.41263663865408,110.0,0.7310239694423099
"CPU:Intel(R) Xeon(R) Gold 6126,Memory:191889MiB,Cores:48",dnaseq-1,samtools-sort-markduplicate,Naive,Realtime,5102.182312011719,658.9493328959105,366.0,0.8004080133768047
"CPU:Intel(R) Xeon(R) Gold 6126,Memory:191889MiB,Cores:48",dnaseq-1,samtools-sort-markduplicate,Naive,Realtime,6639.323947906494,857.471924523966,321.0,1.6712521013207664
"CPU:Intel(R) Xeon(R) Gold 6126,Memory:191889MiB,Cores:48",dnaseq-1,samtools-sort-markduplicate,Naive,Realtime,203.0108642578125,26.21895208612462,42.0,0.3757392360446519
"CPU:Intel(R) Xeon(R) Gold 6126,Memory:191889MiB,Cores:48",dnaseq-1,samtools-sort-markduplicate,Perfect,Realtime,3565.6447715759277,177.0,177.0,0.0
"CPU:Intel(R) Xeon(R) Gold 6126,Memory:191889MiB,Cores:48",dnaseq-1,samtools-sort-markduplicate,Perfect,Realtime,203.0108642578125,55.0,55.0,0.0
"CPU:Intel(R) Xeon(R) Gold 6126,Memory:191889MiB,Cores:48",dnaseq-1,samtools-sort-markduplicate,Perfect,Realtime,812.8875761032104,56.0,56.0,0.0
"CPU:Intel(R) Xeon(R) Gold 6126,Memory:191889MiB,Cores:48",dnaseq-1,samtools-sort-markduplicate,Perfect,Realtime,2545.566870689392,142.0,142.0,0.0
"CPU:Intel(R) Xeon(R) Gold 6126,Memory:191889MiB,Cores:48",dnaseq-1,samtools-sort-markduplicate,Perfect,Realtime,203.0108642578125,42.0,42.0,0.0
"CPU:Intel(R) Xeon(R) Gold 6126,Memory:191889MiB,Cores:48",dnaseq-1,samtools-sort-markduplicate,Perfect,Realtime,812.8875761032104,54.0,54.0,0.0
"CPU:Intel(R) Xeon(R) Gold 6126,Memory:191889MiB,Cores:48",dnaseq-1,samtools-sort-markduplicate,Perfect,Realtime,2545.566870689392,153.0,153.0,0.0
"CPU:Intel(R) Xeon(R) Gold 6126,Memory:191889MiB,Cores:48",dnaseq-1,samtools-sort-markduplicate,Perfect,Realtime,2545.566870689392,201.0,201.0,0.0
"CPU:Intel(R) Xeon(R) Gold 6126,Memory:191889MiB,Cores:48",dnaseq-1,samtools-sort-markduplicate,Perfect,Realtime,812.8875761032104,53.0,53.0,0.0
"CPU:Intel(R) Xeon(R) Gold 6126,Memory:191889MiB,Cores:48",dnaseq-1,samtools-sort-markduplicate,Perfect,Realtime,203.0108642578125,34.0,34.0,0.0
"CPU:Intel(R) Xeon(R) Gold 6126,Memory:191889MiB,Cores:48",dnaseq-1,samtools-sort-markduplicate,Perfect,Realtime,5102.182312011719,249.0,249.0,0.0
"CPU:Intel(R) Xeon(R) Gold 6126,Memory:191889MiB,Cores:48",dnaseq-1,samtools-sort-markduplicate,Perfect,Realtime,609.9719657897949,56.0,56.0,0.0
"CPU:Intel(R) Xeon(R) Gold 6126,Memory:191889MiB,Cores:48",dnaseq-1,samtools-sort-markduplicate,Perfect,Realtime,3565.6447715759277,182.0,182.0,0.0
"CPU:Intel(R) Xeon(R) Gold 6126,Memory:191889MiB,Cores:48",dnaseq-1,samtools-sort-markduplicate,Perfect,Realtime,6639.323947906494,327.0,327.0,0.0
"CPU:Intel(R) Xeon(R) Gold 6126,Memory:191889MiB,Cores:48",dnaseq-1,samtools-sort-markduplicate,Perfect,Realtime,405.5044136047363,44.0,44.0,0.0
"CPU:Intel(R) Xeon(R) Gold 6126,Memory:191889MiB,Cores:48",dnaseq-1,samtools-sort-markduplicate,Perfect,Realtime,203.0108642578125,44.0,44.0,0.0
"CPU:Intel(R) Xeon(R) Gold 6126,Memory:191889MiB,Cores:48",dnaseq-1,samtools-sort-markduplicate,Perfect,Realtime,3055.7511615753174,145.0,145.0,0.0
"CPU:Intel(R) Xeon(R) Gold 6126,Memory:191889MiB,Cores:48",dnaseq-1,samtools-sort-markduplicate,Perfect,Realtime,405.5044136047363,53.0,53.0,0.0
"CPU:Intel(R) Xeon(R) Gold 6126,Memory:191889MiB,Cores:48",dnaseq-1,samtools-sort-markduplicate,Perfect,Realtime,5613.892818450928,286.0,286.0,0.0
"CPU:Intel(R) Xeon(R) Gold 6126,Memory:191889MiB,Cores:48",dnaseq-1,samtools-sort-markduplicate,Perfect,Realtime,1474.3470220565796,110.0,110.0,0.0
"CPU:Intel(R) Xeon(R) Gold 6126,Memory:191889MiB,Cores:48",dnaseq-1,samtools-sort-markduplicate,Perfect,Realtime,5102.182312011719,366.0,366.0,0.0
"CPU:Intel(R) Xeon(R) Gold 6126,Memory:191889MiB,Cores:48",dnaseq-1,samtools-sort-markduplicate,Perfect,Realtime,6639.323947906494,321.0,321.0,0.0
"CPU:Intel(R) Xeon(R) Gold 6126,Memory:191889MiB,Cores:48",dnaseq-1,samtools-sort-markduplicate,Perfect,Realtime,203.0108642578125,42.0,42.0,0.0
"CPU:Intel(R) Xeon(R) Gold 6126,Memory:191889MiB,Cores:48",pts-workflow,gatk-apply-bqsr,PTS-Hybrid,Realtime,203.0108642578125,126.48,131.00,0.0345
"CPU:Intel(R) Xeon(R) Gold 6126,Memory:191889MiB,Cores:48",pts-workflow,gatk-apply-bqsr,PTS-Hybrid,Realtime,405.5044136047363,186.54,207.00,0.0989
"CPU:Intel(R) Xeon(R) Gold 6126,Memory:191889MiB,Cores:48",pts-workflow,picard-validate-sam,PTS-Hybrid,Realtime,812.8875761032104,109.82,105.00,0.0459
"CPU:Intel(R) Xeon(R) Gold 6126,Memory:191889MiB,Cores:48",pts-workflow,samtools-sort-markduplicate,PTS-Hybrid,Realtime,6639.323947906494,335.88,288.00,0.1663
"CPU:Intel(R) Xeon(R) Gold 6126,Memory:191889MiB,Cores:48",pts-workflow,picard-validate-sam,PTS-Hybrid,Realtime,2545.566870689392,307.69,422.00,0.2709
"CPU:Intel(R) Xeon(R) Gold 6126,Memory:191889MiB,Cores:48",pts-workflow,samtools-sort-markduplicate,PTS-Hybrid,Realtime,203.0108642578125,32.52,56.00,0.4193
"CPU:Intel(R) Xeon(R) Gold 6126,Memory:191889MiB,Cores:48",pts-workflow,picard-markduplicate,PTS-Hybrid,Realtime,2545.566870689392,1224.85,1483.00,0.1741
"CPU:Intel(R) Xeon(R) Gold 6126,Memory:191889MiB,Cores:48",pts-workflow,picard-markduplicate,PTS-Hybrid,Realtime,812.8875761032104,488.73,450.00,0.0861
"CPU:Intel(R) Xeon(R) Gold 6126,Memory:191889MiB,Cores:48",pts-workflow,picard-collect-wgs-metrics,PTS-Hybrid,Realtime,1474.3470220565796,818.06,621.00,0.3173
"CPU:Intel(R) Xeon(R) Gold 6126,Memory:191889MiB,Cores:48",pts-workflow,samtools-index-markduplicate,PTS-Hybrid,Realtime,812.8875761032104,33.88,128.00,0.7353
"CPU:Intel(R) Xeon(R) Gold 6126,Memory:191889MiB,Cores:48",pts-workflow,samtools-sort-markduplicate,PTS-Hybrid,Realtime,203.0108642578125,32.52,43.00,0.2437
"CPU:Intel(R) Xeon(R) Gold 6126,Memory:191889MiB,Cores:48",pts-workflow,samtools-index-markduplicate,PTS-Hybrid,Realtime,5102.182312011719,54.72,40.00,0.3681
"CPU:Intel(R) Xeon(R) Gold 6126,Memory:191889MiB,Cores:48",pts-workflow,samtools-sort-markduplicate,PTS-Hybrid,Realtime,1729.362572669983,124.42,127.00,0.0204
"CPU:Intel(R) Xeon(R) Gold 6126,Memory:191889MiB,Cores:48",pts-workflow,picard-collect-wgs-metrics,PTS-Hybrid,Realtime,405.5044136047363,576.19,707.00,0.1850
"CPU:Intel(R) Xeon(R) Gold 6126,Memory:191889MiB,Cores:48",pts-workflow,samtools-index-markduplicate,PTS-Hybrid,Realtime,4590.344056129456,49.58,57.00,0.1303
"CPU:Intel(R) Xeon(R) Gold 6126,Memory:191889MiB,Cores:48",pts-workflow,samtools-sort-markduplicate,PTS-Hybrid,Realtime,812.8875761032104,82.69,60.00,0.3782
"CPU:Intel(R) Xeon(R) Gold 6126,Memory:191889MiB,Cores:48",pts-workflow,gatk-apply-bqsr,PTS-Hybrid,Realtime,4590.344056129456,1564.14,1161.00,0.3472
"CPU:Intel(R) Xeon(R) Gold 6126,Memory:191889MiB,Cores:48",pts-workflow,gatk-base-recalibrator,PTS-Hybrid,Realtime,203.0108642578125,906.55,888.00,0.0209
"CPU:Intel(R) Xeon(R) Gold 6126,Memory:191889MiB,Cores:48",pts-workflow,picard-validate-sam,PTS-Hybrid,Realtime,405.5044136047363,68.33,52.00,0.3140
"CPU:Intel(R) Xeon(R) Gold 6126,Memory:191889MiB,Cores:48",pts-workflow,gatk-base-recalibrator,PTS-Hybrid,Realtime,1729.362572669983,2277.73,2221.00,0.0255
"CPU:Intel(R) Xeon(R) Gold 6126,Memory:191889MiB,Cores:48",pts-workflow,gatk-apply-bqsr,PTS-Hybrid,Realtime,405.5044136047363,186.54,150.00,0.2436
"CPU:Intel(R) Xeon(R) Gold 6126,Memory:191889MiB,Cores:48",pts-workflow,picard-markduplicate,PTS-Hybrid,Realtime,203.0108642578125,107.03,240.00,0.5541
"CPU:Intel(R) Xeon(R) Gold 6126,Memory:191889MiB,Cores:48",pts-workflow,gatk-apply-bqsr,PTS-Hybrid,Realtime,405.5044136047363,186.54,171.00,0.0909
"CPU:Intel(R) Xeon(R) Gold 6126,Memory:191889MiB,Cores:48",pts-workflow,fastq-cleaner,PTS-Hybrid,Realtime,5102.182312011719,1613.71,2216.00,0.2718
"CPU:Intel(R) Xeon(R) Gold 6126,Memory:191889MiB,Cores:48",pts-workflow,picard-collect-wgs-metrics,PTS-Hybrid,Realtime,3565.6447715759277,1219.84,1639.00,0.2557
"CPU:Intel(R) Xeon(R) Gold 6126,Memory:191889MiB,Cores:48",pts-workflow,picard-collect-wgs-metrics,PTS-Hybrid,Realtime,203.0108642578125,532.95,754.00,0.2932
"CPU:Intel(R) Xeon(R) Gold 6126,Memory:191889MiB,Cores:48",pts-workflow,fastqc,PTS-Hybrid,Realtime,103.70779609680176,61.68,50.00,0.2335
"CPU:Intel(R) Xeon(R) Gold 6126,Memory:191889MiB,Cores:48",pts-workflow,fastqc,PTS-Hybrid,Realtime,2866.965470314026,378.66,498.00,0.2396
"CPU:Intel(R) Xeon(R) Gold 6126,Memory:191889MiB,Cores:48",pts-workflow,fastqc,PTS-Hybrid,Realtime,721.4454488754272,138.88,127.00,0.0935
"CPU:Intel(R) Xeon(R) Gold 6126,Memory:191889MiB,Cores:48",pts-workflow,fastqc,PTS-Hybrid,Realtime,298.1696586608887,90.70,78.00,0.1628
"CPU:Intel(R) Xeon(R) Gold 6126,Memory:191889MiB,Cores:48",pts-workflow,gatk-apply-bqsr,PTS-Hybrid,Realtime,405.5044136047363,186.54,180.00,0.0363
"CPU:Intel(R) Xeon(R) Gold 6126,Memory:191889MiB,Cores:48",pts-workflow,samtools-sort-markduplicate,PTS-Hybrid,Realtime,2545.566870689392,175.27,205.00,0.1450
"CPU:Intel(R) Xeon(R) Gold 6126,Memory:191889MiB,Cores:48",pts-workflow,fastqc,PTS-Hybrid,Realtime,415.2684383392334,100.05,72.00,0.3896
"CPU:Intel(R) Xeon(R) Gold 6126,Memory:191889MiB,Cores:48",pts-workflow,picard-collect-wgs-metrics,PTS-Hybrid,Realtime,1474.3470220565796,818.06,961.00,0.1487
"CPU:Intel(R) Xeon(R) Gold 6126,Memory:191889MiB,Cores:48",pts-workflow,fastqc,PTS-Hybrid,Realtime,846.3378324508667,154.49,119.00,0.2983
"CPU:Intel(R) Xeon(R) Gold 6126,Memory:191889MiB,Cores:48",pts-workflow,samtools-index-markduplicate,PTS-Hybrid,Realtime,5613.892818450928,56.87,44.00,0.2926
"CPU:Intel(R) Xeon(R) Gold 6126,Memory:191889MiB,Cores:48",pts-workflow,samtools-sort-markduplicate,PTS-Hybrid,Realtime,609.9719657897949,50.04,63.00,0.2057
"CPU:Intel(R) Xeon(R) Gold 6126,Memory:191889MiB,Cores:48",pts-workflow,gatk-apply-bqsr,PTS-Hybrid,Realtime,405.5044136047363,186.54,151.00,0.2353
"CPU:Intel(R) Xeon(R) Gold 6126,Memory:191889MiB,Cores:48",pts-workflow,samtools-index-markduplicate,PTS-Hybrid,Realtime,5102.182312011719,54.72,53.00,0.0325
"CPU:Intel(R) Xeon(R) Gold 6126,Memory:191889MiB,Cores:48",pts-workflow,picard-validate-sam,PTS-Hybrid,Realtime,405.5044136047363,68.33,117.00,0.4160
"CPU:Intel(R) Xeon(R) Gold 6126,Memory:191889MiB,Cores:48",pts-workflow,samtools-index-markduplicate,PTS-Hybrid,Realtime,812.8875761032104,33.88,30.00,0.1294
"CPU:Intel(R) Xeon(R) Gold 6126,Memory:191889MiB,Cores:48",pts-workflow,fastq-cleaner,PTS-Hybrid,Realtime,609.9719657897949,199.69,206.00,0.0306
"CPU:Intel(R) Xeon(R) Gold 6126,Memory:191889MiB,Cores:48",pts-workflow,picard-collect-wgs-metrics,PTS-Hybrid,Realtime,405.5044136047363,576.19,724.00,0.2042
"CPU:Intel(R) Xeon(R) Gold 6126,Memory:191889MiB,Cores:48",pts-workflow,picard-markduplicate,PTS-Hybrid,Realtime,6639.323947906494,2452.44,2079.00,0.1796
"CPU:Intel(R) Xeon(R) Gold 6126,Memory:191889MiB,Cores:48",pts-workflow,gatk-apply-bqsr,PTS-Hybrid,Realtime,1729.362572669983,660.45,841.00,0.2147
"CPU:Intel(R) Xeon(R) Gold 6126,Memory:191889MiB,Cores:48",pts-workflow,samtools-sort-markduplicate,PTS-Hybrid,Realtime,609.9719657897949,50.04,49.00,0.0213
"CPU:Intel(R) Xeon(R) Gold 6126,Memory:191889MiB,Cores:48",pts-workflow,picard-validate-sam,PTS-Hybrid,Realtime,812.8875761032104,109.82,83.00,0.3232
"CPU:Intel(R) Xeon(R) Gold 6126,Memory:191889MiB,Cores:48",pts-workflow,gatk-base-recalibrator,PTS-Hybrid,Realtime,5102.182312011719,4023.66,3419.00,0.1769
"CPU:Intel(R) Xeon(R) Gold 6126,Memory:191889MiB,Cores:48",pts-workflow,gatk-base-recalibrator,PTS-Hybrid,Realtime,812.8875761032104,1738.28,2368.00,0.2659
"CPU:Intel(R) Xeon(R) Gold 6126,Memory:191889MiB,Cores:48",pts-workflow,picard-validate-sam,PTS-Hybrid,Realtime,609.9719657897949,80.41,111.00,0.2756
"CPU:Intel(R) Xeon(R) Gold 6126,Memory:191889MiB,Cores:48",pts-workflow,burrows-wheeler-aligner,PTS-Hybrid,Realtime,3055.7511615753174,1498.24,1415.00,0.0588
"CPU:Intel(R) Xeon(R) Gold 6126,Memory:191889MiB,Cores:48",pts-workflow,picard-validate-sam,PTS-Hybrid,Realtime,405.5044136047363,68.33,63.00,0.0845
"CPU:Intel(R) Xeon(R) Gold 6126,Memory:191889MiB,Cores:48",pts-workflow,fastqc,PTS-Hybrid,Realtime,99.30306816101074,61.65,43.00,0.4336
"CPU:Intel(R) Xeon(R) Gold 6126,Memory:191889MiB,Cores:48",pts-workflow,samtools-sort-markduplicate,PTS-Hybrid,Realtime,203.0108642578125,32.52,42.00,0.2257
"CPU:Intel(R) Xeon(R) Gold 6126,Memory:191889MiB,Cores:48",pts-workflow,fastqc,PTS-Hybrid,Realtime,207.1609992980957,85.31,78.00,0.0937
"CPU:Intel(R) Xeon(R) Gold 6126,Memory:191889MiB,Cores:48",pts-workflow,fastqc,PTS-Hybrid,Realtime,198.34341430664062,94.94,58.00,0.6368
"CPU:Intel(R) Xeon(R) Gold 6126,Memory:191889MiB,Cores:48",pts-workflow,burrows-wheeler-aligner,PTS-Hybrid,Realtime,3055.7511615753174,1498.24,1424.00,0.0521
"CPU:Intel(R) Xeon(R) Gold 6126,Memory:191889MiB,Cores:48",pts-workflow,burrows-wheeler-aligner,PTS-Hybrid,Realtime,4590.344056129456,2183.91,2081.00,0.0495
"CPU:Intel(R) Xeon(R) Gold 6126,Memory:191889MiB,Cores:48",pts-workflow,picard-validate-sam,PTS-Hybrid,Realtime,405.5044136047363,68.33,62.00,0.1020
"CPU:Intel(R) Xeon(R) Gold 6126,Memory:191889MiB,Cores:48",pts-workflow,samtools-index-markduplicate,PTS-Hybrid,Realtime,1729.362572669983,37.91,30.00,0.2638
"CPU:Intel(R) Xeon(R) Gold 6126,Memory:191889MiB,Cores:48",pts-workflow,gatk-base-recalibrator,PTS-Hybrid,Realtime,3565.6447715759277,3346.81,4199.00,0.2030
"CPU:Intel(R) Xeon(R) Gold 6126,Memory:191889MiB,Cores:48",pts-workflow,fastqc,PTS-Hybrid,Realtime,397.61913776397705,97.42,91.00,0.0705
"CPU:Intel(R) Xeon(R) Gold 6126,Memory:191889MiB,Cores:48",pts-workflow,fastq-cleaner,PTS-Hybrid,Realtime,609.9719657897949,199.69,220.00,0.0923
"CPU:Intel(R) Xeon(R) Gold 6126,Memory:191889MiB,Cores:48",pts-workflow,fastq-cleaner,PTS-Hybrid,Realtime,5613.892818450928,1786.42,1993.00,0.1037
"CPU:Intel(R) Xeon(R) Gold 6126,Memory:191889MiB,Cores:48",pts-workflow,gatk-base-recalibrator,PTS-Hybrid,Realtime,1474.3470220565796,2223.71,2049.00,0.0853
"CPU:Intel(R) Xeon(R) Gold 6126,Memory:191889MiB,Cores:48",pts-workflow,gatk-apply-bqsr,PTS-Hybrid,Realtime,812.8875761032104,357.13,210.00,0.7006
"CPU:Intel(R) Xeon(R) Gold 6126,Memory:191889MiB,Cores:48",pts-workflow,picard-validate-sam,PTS-Hybrid,Realtime,4590.344056129456,477.91,408.00,0.1713
"CPU:Intel(R) Xeon(R) Gold 6126,Memory:191889MiB,Cores:48",pts-workflow,gatk-base-recalibrator,PTS-Hybrid,Realtime,5102.182312011719,4023.66,3472.00,0.1589
"CPU:Intel(R) Xeon(R) Gold 6126,Memory:191889MiB,Cores:48",pts-workflow,gatk-base-recalibrator,PTS-Hybrid,Realtime,405.5044136047363,1329.65,2907.00,0.5426
"CPU:Intel(R) Xeon(R) Gold 6126,Memory:191889MiB,Cores:48",pts-workflow,picard-validate-sam,PTS-Hybrid,Realtime,203.0108642578125,51.59,110.00,0.5310
"CPU:Intel(R) Xeon(R) Gold 6126,Memory:191889MiB,Cores:48",pts-workflow,picard-validate-sam,PTS-Hybrid,Realtime,203.0108642578125,51.59,74.00,0.3028
"CPU:Intel(R) Xeon(R) Gold 6126,Memory:191889MiB,Cores:48",pts-workflow,samtools-sort-markduplicate,PTS-Hybrid,Realtime,5102.182312011719,281.73,234.00,0.2040
"CPU:Intel(R) Xeon(R) Gold 6126,Memory:191889MiB,Cores:48",pts-workflow,picard-collect-wgs-metrics,PTS-Hybrid,Realtime,5102.182312011719,1624.76,1551.00,0.0476
"CPU:Intel(R) Xeon(R) Gold 6126,Memory:191889MiB,Cores:48",pts-workflow,picard-validate-sam,PTS-Hybrid,Realtime,203.0108642578125,51.59,105.00,0.5087
"CPU:Intel(R) Xeon(R) Gold 6126,Memory:191889MiB,Cores:48",pts-workflow,burrows-wheeler-aligner,PTS-Hybrid,Realtime,6639.323947906494,3101.25,2498.00,0.2415
"CPU:Intel(R) Xeon(R) Gold 6126,Memory:191889MiB,Cores:48",pts-workflow,picard-validate-sam,PTS-Hybrid,Realtime,405.5044136047363,68.33,62.00,0.1020
"CPU:Intel(R) Xeon(R) Gold 6126,Memory:191889MiB,Cores:48",pts-workflow,gatk-base-recalibrator,PTS-Hybrid,Realtime,1474.3470220565796,2223.71,2100.00,0.0589
"CPU:Intel(R) Xeon(R) Gold 6126,Memory:191889MiB,Cores:48",pts-workflow,samtools-sort-markduplicate,PTS-Hybrid,Realtime,4590.344056129456,225.91,234.00,0.0346
"CPU:Intel(R) Xeon(R) Gold 6126,Memory:191889MiB,Cores:48",pts-workflow,gatk-base-recalibrator,PTS-Hybrid,Realtime,1729.362572669983,2277.73,3378.00,0.3257
"CPU:Intel(R) Xeon(R) Gold 6126,Memory:191889MiB,Cores:48",pts-workflow,samtools-sort-markduplicate,PTS-Hybrid,Realtime,2545.566870689392,175.27,142.00,0.2343
"CPU:Intel(R) Xeon(R) Gold 6126,Memory:191889MiB,Cores:48",pts-workflow,gatk-base-recalibrator,PTS-Hybrid,Realtime,1474.3470220565796,2223.71,3195.00,0.3040
"CPU:Intel(R) Xeon(R) Gold 6126,Memory:191889MiB,Cores:48",pts-workflow,picard-markduplicate,PTS-Hybrid,Realtime,1474.3470220565796,782.50,547.00,0.4305
"CPU:Intel(R) Xeon(R) Gold 6126,Memory:191889MiB,Cores:48",pts-workflow,picard-collect-wgs-metrics,PTS-Hybrid,Realtime,4590.344056129456,1480.64,883.00,0.6768
"CPU:Intel(R) Xeon(R) Gold 6126,Memory:191889MiB,Cores:48",pts-workflow,picard-validate-sam,PTS-Hybrid,Realtime,3055.7511615753174,353.92,367.00,0.0356
"CPU:Intel(R) Xeon(R) Gold 6126,Memory:191889MiB,Cores:48",pts-workflow,picard-markduplicate,PTS-Hybrid,Realtime,812.8875761032104,488.73,360.00,0.3576
"CPU:Intel(R) Xeon(R) Gold 6126,Memory:191889MiB,Cores:48",pts-workflow,fastqc,PTS-Hybrid,Realtime,1496.0746879577637,212.62,181.00,0.1747
"CPU:Intel(R) Xeon(R) Gold 6126,Memory:191889MiB,Cores:48",pts-workflow,samtools-index-markduplicate,PTS-Hybrid,Realtime,609.9719657897949,26.47,32.00,0.1727
"CPU:Intel(R) Xeon(R) Gold 6126,Memory:191889MiB,Cores:48",pts-workflow,gatk-base-recalibrator,PTS-Hybrid,Realtime,4590.344056129456,3677.46,3974.00,0.0746
"CPU:Intel(R) Xeon(R) Gold 6126,Memory:191889MiB,Cores:48",pts-workflow,burrows-wheeler-aligner,PTS-Hybrid,Realtime,6639.323947906494,3101.25,2449.00,0.2663
"CPU:Intel(R) Xeon(R) Gold 6126,Memory:191889MiB,Cores:48",pts-workflow,fastqc,PTS-Hybrid,Realtime,311.80230712890625,99.13,170.00,0.4169
"CPU:Intel(R) Xeon(R) Gold 6126,Memory:191889MiB,Cores:48",pts-workflow,samtools-sort-markduplicate,PTS-Hybrid,Realtime,405.5044136047363,43.95,54.00,0.1862
"CPU:Intel(R) Xeon(R) Gold 6126,Memory:191889MiB,Cores:48",pts-workflow,picard-validate-sam,PTS-Hybrid,Realtime,812.8875761032104,109.82,102.00,0.0767
"CPU:Intel(R) Xeon(R) Gold 6126,Memory:191889MiB,Cores:48",pts-workflow,picard-markduplicate,PTS-Hybrid,Realtime,3565.6447715759277,1516.81,2222.00,0.3174
"CPU:Intel(R) Xeon(R) Gold 6126,Memory:191889MiB,Cores:48",pts-workflow,gatk-apply-bqsr,PTS-Hybrid,Realtime,3565.6447715759277,1162.87,933.00,0.2464
"CPU:Intel(R) Xeon(R) Gold 6126,Memory:191889MiB,Cores:48",pts-workflow,picard-collect-wgs-metrics,PTS-Hybrid,Realtime,405.5044136047363,576.19,685.00,0.1588
"CPU:Intel(R) Xeon(R) Gold 6126,Memory:191889MiB,Cores:48",pts-workflow,gatk-base-recalibrator,PTS-Hybrid,Realtime,1474.3470220565796,2223.71,2243.00,0.0086
"CPU:Intel(R) Xeon(R) Gold 6126,Memory:191889MiB,Cores:48",pts-workflow,picard-markduplicate,PTS-Hybrid,Realtime,2545.566870689392,1224.85,859.00,0.4259
"CPU:Intel(R) Xeon(R) Gold 6126,Memory:191889MiB,Cores:48",pts-workflow,samtools-sort-markduplicate,PTS-Hybrid,Realtime,5613.892818450928,279.07,286.00,0.0242
"CPU:Intel(R) Xeon(R) Gold 6126,Memory:191889MiB,Cores:48",pts-workflow,fastqc,PTS-Hybrid,Realtime,846.3378324508667,154.49,111.00,0.3918
"CPU:Intel(R) Xeon(R) Gold 6126,Memory:191889MiB,Cores:48",pts-workflow,samtools-index-markduplicate,PTS-Hybrid,Realtime,405.5044136047363,25.26,27.00,0.0646
"CPU:Intel(R) Xeon(R) Gold 6126,Memory:191889MiB,Cores:48",pts-workflow,picard-markduplicate,PTS-Hybrid,Realtime,1474.3470220565796,782.50,523.00,0.4962
"CPU:Intel(R) Xeon(R) Gold 6126,Memory:191889MiB,Cores:48",pts-workflow,samtools-sort-markduplicate,PTS-Hybrid,Realtime,1474.3470220565796,115.30,114.00,0.0114
"CPU:Intel(R) Xeon(R) Gold 6126,Memory:191889MiB,Cores:48",pts-workflow,fastq-cleaner,PTS-Hybrid,Realtime,1729.362572669983,522.95,685.00,0.2366
"CPU:Intel(R) Xeon(R) Gold 6126,Memory:191889MiB,Cores:48",pts-workflow,picard-markduplicate,PTS-Hybrid,Realtime,609.9719657897949,307.59,263.00,0.1695
"CPU:Intel(R) Xeon(R) Gold 6126,Memory:191889MiB,Cores:48",pts-workflow,picard-markduplicate,PTS-Hybrid,Realtime,4590.344056129456,1733.54,346.00,4.0102
"CPU:Intel(R) Xeon(R) Gold 6126,Memory:191889MiB,Cores:48",pts-workflow,samtools-sort-markduplicate,PTS-Hybrid,Realtime,3565.6447715759277,188.52,177.00,0.0651
"CPU:Intel(R) Xeon(R) Gold 6126,Memory:191889MiB,Cores:48",pts-workflow,fastqc,PTS-Hybrid,Realtime,721.4454488754272,138.88,239.00,0.4189
"CPU:Intel(R) Xeon(R) Gold 6126,Memory:191889MiB,Cores:48",pts-workflow,picard-markduplicate,PTS-Hybrid,Realtime,609.9719657897949,307.59,274.00,0.1226
"CPU:Intel(R) Xeon(R) Gold 6126,Memory:191889MiB,Cores:48",pts-workflow,picard-markduplicate,PTS-Hybrid,Realtime,1474.3470220565796,782.50,1171.00,0.3318
"CPU:Intel(R) Xeon(R) Gold 6126,Memory:191889MiB,Cores:48",pts-workflow,picard-validate-sam,PTS-Hybrid,Realtime,812.8875761032104,109.82,77.00,0.4263
"CPU:Intel(R) Xeon(R) Gold 6126,Memory:191889MiB,Cores:48",pts-workflow,picard-collect-wgs-metrics,PTS-Hybrid,Realtime,609.9719657897949,608.47,763.00,0.2025
"CPU:Intel(R) Xeon(R) Gold 6126,Memory:191889MiB,Cores:48",pts-workflow,samtools-index-markduplicate,PTS-Hybrid,Realtime,609.9719657897949,26.47,33.00,0.1978
"CPU:Intel(R) Xeon(R) Gold 6126,Memory:191889MiB,Cores:48",pts-workflow,picard-markduplicate,PTS-Hybrid,Realtime,1474.3470220565796,782.50,621.00,0.2601
"CPU:Intel(R) Xeon(R) Gold 6126,Memory:191889MiB,Cores:48",pts-workflow,gatk-base-recalibrator,PTS-Hybrid,Realtime,2545.566870689392,3011.37,2638.00,0.1415
"CPU:Intel(R) Xeon(R) Gold 6126,Memory:191889MiB,Cores:48",pts-workflow,burrows-wheeler-aligner,PTS-Hybrid,Realtime,5613.892818450928,2617.59,2539.00,0.0310
"CPU:Intel(R) Xeon(R) Gold 6126,Memory:191889MiB,Cores:48",pts-workflow,burrows-wheeler-aligner,PTS-Hybrid,Realtime,5613.892818450928,2617.59,2547.00,0.0277
"CPU:Intel(R) Xeon(R) Gold 6126,Memory:191889MiB,Cores:48",pts-workflow,picard-markduplicate,PTS-Hybrid,Realtime,609.9719657897949,307.59,319.00,0.0358
"CPU:Intel(R) Xeon(R) Gold 6126,Memory:191889MiB,Cores:48",pts-workflow,burrows-wheeler-aligner,PTS-Hybrid,Realtime,812.8875761032104,418.08,446.00,0.0626
"CPU:Intel(R) Xeon(R) Gold 6126,Memory:191889MiB,Cores:48",pts-workflow,picard-validate-sam,PTS-Hybrid,Realtime,812.8875761032104,109.82,76.00,0.4450
"CPU:Intel(R) Xeon(R) Gold 6126,Memory:191889MiB,Cores:48",pts-workflow,gatk-apply-bqsr,PTS-Hybrid,Realtime,812.8875761032104,357.13,254.00,0.4060
"CPU:Intel(R) Xeon(R) Gold 6126,Memory:191889MiB,Cores:48",pts-workflow,samtools-sort-markduplicate,PTS-Hybrid,Realtime,609.9719657897949,50.04,56.00,0.1064
"CPU:Intel(R) Xeon(R) Gold 6126,Memory:191889MiB,Cores:48",pts-workflow,fastqc,PTS-Hybrid,Realtime,1299.3983907699585,187.95,231.00,0.1864
"CPU:Intel(R) Xeon(R) Gold 6126,Memory:191889MiB,Cores:48",pts-workflow,samtools-index-markduplicate,PTS-Hybrid,Realtime,1729.362572669983,37.91,45.00,0.1575
"CPU:Intel(R) Xeon(R) Gold 6126,Memory:191889MiB,Cores:48",pts-workflow,gatk-base-recalibrator,PTS-Hybrid,Realtime,2545.566870689392,3011.37,3827.00,0.2131
"CPU:Intel(R) Xeon(R) Gold 6126,Memory:191889MiB,Cores:48",pts-workflow,burrows-wheeler-aligner,PTS-Hybrid,Realtime,609.9719657897949,330.19,349.00,0.0539
"CPU:Intel(R) Xeon(R) Gold 6126,Memory:191889MiB,Cores:48",pts-workflow,picard-collect-wgs-metrics,PTS-Hybrid,Realtime,4590.344056129456,1480.64,1698.00,0.1280
"CPU:Intel(R) Xeon(R) Gold 6126,Memory:191889MiB,Cores:48",pts-workflow,picard-collect-wgs-metrics,PTS-Hybrid,Realtime,203.0108642578125,532.95,776.00,0.3132
"CPU:Intel(R) Xeon(R) Gold 6126,Memory:191889MiB,Cores:48",pts-workflow,fastqc,PTS-Hybrid,Realtime,311.80230712890625,99.13,67.00,0.4796
"CPU:Intel(R) Xeon(R) Gold 6126,Memory:191889MiB,Cores:48",pts-workflow,fastq-cleaner,PTS-Hybrid,Realtime,812.8875761032104,256.60,267.00,0.0389
"CPU:Intel(R) Xeon(R) Gold 6126,Memory:191889MiB,Cores:48",pts-workflow,picard-validate-sam,PTS-Hybrid,Realtime,609.9719657897949,80.41,90.00,0.1065
"CPU:Intel(R) Xeon(R) Gold 6126,Memory:191889MiB,Cores:48",pts-workflow,burrows-wheeler-aligner,PTS-Hybrid,Realtime,1729.362572669983,842.83,1053.00,0.1996
"CPU:Intel(R) Xeon(R) Gold 6126,Memory:191889MiB,Cores:48",pts-workflow,gatk-apply-bqsr,PTS-Hybrid,Realtime,3055.7511615753174,1002.09,994.00,0.0081
"CPU:Intel(R) Xeon(R) Gold 6126,Memory:191889MiB,Cores:48",pts-workflow,fastqc,PTS-Hybrid,Realtime,198.34341430664062,94.94,70.00,0.3562
"CPU:Intel(R) Xeon(R) Gold 6126,Memory:191889MiB,Cores:48",pts-workflow,gatk-base-recalibrator,PTS-Hybrid,Realtime,5102.182312011719,4023.66,3689.00,0.0907
"CPU:Intel(R) Xeon(R) Gold 6126,Memory:191889MiB,Cores:48",pts-workflow,samtools-sort-markduplicate,PTS-Hybrid,Realtime,812.8875761032104,82.69,56.00,0.4767
"CPU:Intel(R) Xeon(R) Gold 6126,Memory:191889MiB,Cores:48",pts-workflow,gatk-base-recalibrator,PTS-Hybrid,Realtime,6639.323947906494,4526.61,4360.00,0.0382
"CPU:Intel(R) Xeon(R) Gold 6126,Memory:191889MiB,Cores:48",pts-workflow,fastqc,PTS-Hybrid,Realtime,99.30306816101074,61.65,52.00,0.1855
"CPU:Intel(R) Xeon(R) Gold 6126,Memory:191889MiB,Cores:48",pts-workflow,picard-validate-sam,PTS-Hybrid,Realtime,812.8875761032104,109.82,75.00,0.4643
"CPU:Intel(R) Xeon(R) Gold 6126,Memory:191889MiB,Cores:48",pts-workflow,samtools-index-markduplicate,PTS-Hybrid,Realtime,405.5044136047363,25.26,27.00,0.0646
"CPU:Intel(R) Xeon(R) Gold 6126,Memory:191889MiB,Cores:48",pts-workflow,picard-validate-sam,PTS-Hybrid,Realtime,812.8875761032104,109.82,94.00,0.1683
"CPU:Intel(R) Xeon(R) Gold 6126,Memory:191889MiB,Cores:48",pts-workflow,picard-collect-wgs-metrics,PTS-Hybrid,Realtime,5102.182312011719,1624.76,1319.00,0.2318
"CPU:Intel(R) Xeon(R) Gold 6126,Memory:191889MiB,Cores:48",pts-workflow,fastqc,PTS-Hybrid,Realtime,298.1696586608887,90.70,61.00,0.4868
"CPU:Intel(R) Xeon(R) Gold 6126,Memory:191889MiB,Cores:48",pts-workflow,picard-collect-wgs-metrics,PTS-Hybrid,Realtime,4590.344056129456,1480.64,1353.00,0.0943
"CPU:Intel(R) Xeon(R) Gold 6126,Memory:191889MiB,Cores:48",pts-workflow,burrows-wheeler-aligner,PTS-Hybrid,Realtime,609.9719657897949,330.19,342.00,0.0345
"CPU:Intel(R) Xeon(R) Gold 6126,Memory:191889MiB,Cores:48",pts-workflow,samtools-sort-markduplicate,PTS-Hybrid,Realtime,609.9719657897949,50.04,52.00,0.0376
"CPU:Intel(R) Xeon(R) Gold 6126,Memory:191889MiB,Cores:48",pts-workflow,picard-validate-sam,PTS-Hybrid,Realtime,2545.566870689392,307.69,303.00,0.0155
"CPU:Intel(R) Xeon(R) Gold 6126,Memory:191889MiB,Cores:48",pts-workflow,gatk-apply-bqsr,PTS-Hybrid,Realtime,3565.6447715759277,1162.87,1575.00,0.2617
"CPU:Intel(R) Xeon(R) Gold 6126,Memory:191889MiB,Cores:48",pts-workflow,samtools-index-markduplicate,PTS-Hybrid,Realtime,405.5044136047363,25.26,28.00,0.0980
"CPU:Intel(R) Xeon(R) Gold 6126,Memory:191889MiB,Cores:48",pts-workflow,samtools-sort-markduplicate,PTS-Hybrid,Realtime,2545.566870689392,175.27,153.00,0.1456
"CPU:Intel(R) Xeon(R) Gold 6126,Memory:191889MiB,Cores:48",pts-workflow,gatk-apply-bqsr,PTS-Hybrid,Realtime,203.0108642578125,126.48,222.00,0.4303
"CPU:Intel(R) Xeon(R) Gold 6126,Memory:191889MiB,Cores:48",pts-workflow,fastq-cleaner,PTS-Hybrid,Realtime,3055.7511615753174,920.07,1268.00,0.2744
"CPU:Intel(R) Xeon(R) Gold 6126,Memory:191889MiB,Cores:48",pts-workflow,picard-validate-sam,PTS-Hybrid,Realtime,1729.362572669983,188.41,226.00,0.1663
"CPU:Intel(R) Xeon(R) Gold 6126,Memory:191889MiB,Cores:48",pts-workflow,picard-collect-wgs-metrics,PTS-Hybrid,Realtime,3565.6447715759277,1219.84,1132.00,0.0776
"CPU:Intel(R) Xeon(R) Gold 6126,Memory:191889MiB,Cores:48",pts-workflow,samtools-sort-markduplicate,PTS-Hybrid,Realtime,5613.892818450928,279.07,253.00,0.1030
"CPU:Intel(R) Xeon(R) Gold 6126,Memory:191889MiB,Cores:48",pts-workflow,picard-markduplicate,PTS-Hybrid,Realtime,4590.344056129456,1733.54,1606.00,0.0794
"CPU:Intel(R) Xeon(R) Gold 6126,Memory:191889MiB,Cores:48",pts-workflow,samtools-sort-markduplicate,PTS-Hybrid,Realtime,6639.323947906494,335.88,327.00,0.0272
"CPU:Intel(R) Xeon(R) Gold 6126,Memory:191889MiB,Cores:48",pts-workflow,picard-markduplicate,PTS-Hybrid,Realtime,4590.344056129456,1733.54,1692.00,0.0246
"CPU:Intel(R) Xeon(R) Gold 6126,Memory:191889MiB,Cores:48",pts-workflow,samtools-sort-markduplicate,PTS-Hybrid,Realtime,203.0108642578125,32.52,42.00,0.2257
"CPU:Intel(R) Xeon(R) Gold 6126,Memory:191889MiB,Cores:48",pts-workflow,samtools-index-markduplicate,PTS-Hybrid,Realtime,1474.3470220565796,36.66,30.00,0.2220
"CPU:Intel(R) Xeon(R) Gold 6126,Memory:191889MiB,Cores:48",pts-workflow,picard-markduplicate,PTS-Hybrid,Realtime,812.8875761032104,488.73,357.00,0.3690
"CPU:Intel(R) Xeon(R) Gold 6126,Memory:191889MiB,Cores:48",pts-workflow,samtools-sort-markduplicate,PTS-Hybrid,Realtime,3565.6447715759277,188.52,189.00,0.0025
"CPU:Intel(R) Xeon(R) Gold 6126,Memory:191889MiB,Cores:48",pts-workflow,picard-markduplicate,PTS-Hybrid,Realtime,405.5044136047363,211.87,236.00,0.1022
"CPU:Intel(R) Xeon(R) Gold 6126,Memory:191889MiB,Cores:48",pts-workflow,picard-validate-sam,PTS-Hybrid,Realtime,3055.7511615753174,353.92,403.00,0.1218
"CPU:Intel(R) Xeon(R) Gold 6126,Memory:191889MiB,Cores:48",pts-workflow,burrows-wheeler-aligner,PTS-Hybrid,Realtime,6639.323947906494,3101.25,2957.00,0.0488
"CPU:Intel(R) Xeon(R) Gold 6126,Memory:191889MiB,Cores:48",pts-workflow,samtools-sort-markduplicate,PTS-Hybrid,Realtime,5102.182312011719,281.73,233.00,0.2091
"CPU:Intel(R) Xeon(R) Gold 6126,Memory:191889MiB,Cores:48",pts-workflow,samtools-sort-markduplicate,PTS-Hybrid,Realtime,5102.182312011719,281.73,261.00,0.0794
"CPU:Intel(R) Xeon(R) Gold 6126,Memory:191889MiB,Cores:48",pts-workflow,gatk-base-recalibrator,PTS-Hybrid,Realtime,203.0108642578125,906.55,1187.00,0.2363
"CPU:Intel(R) Xeon(R) Gold 6126,Memory:191889MiB,Cores:48",pts-workflow,fastqc,PTS-Hybrid,Realtime,752.9015731811523,141.83,115.00,0.2333
"CPU:Intel(R) Xeon(R) Gold 6126,Memory:191889MiB,Cores:48",pts-workflow,burrows-wheeler-aligner,PTS-Hybrid,Realtime,5613.892818450928,2617.59,2302.00,0.1371
"CPU:Intel(R) Xeon(R) Gold 6126,Memory:191889MiB,Cores:48",pts-workflow,picard-validate-sam,PTS-Hybrid,Realtime,609.9719657897949,80.41,69.00,0.1654
"CPU:Intel(R) Xeon(R) Gold 6126,Memory:191889MiB,Cores:48",pts-workflow,gatk-base-recalibrator,PTS-Hybrid,Realtime,4590.344056129456,3677.46,4249.00,0.1345
"CPU:Intel(R) Xeon(R) Gold 6126,Memory:191889MiB,Cores:48",pts-workflow,picard-collect-wgs-metrics,PTS-Hybrid,Realtime,405.5044136047363,576.19,690.00,0.1649
